<?xml version="1.0" encoding="UTF-8" standalone="no"?><gpx xmlns="http://www.topografix.com/GPX/1/1" xmlns:xsi="http://www.w3.org/2001/XMLSchema-instance" creator="Sports Tracker" version="1.1" xsi:schemaLocation="http://www.topografix.com/GPX/1/1 http://www.topografix.com/GPX/1/1/gpx.xsd"><metadata><name>TEST</name><author><name>carlo670751</name></author></metadata><wpt lat="45.61265" lon="9.272665"><name>Begin</name><desc>Auto-generated</desc><type>Begin</type></wpt><wpt lat="45.59482" lon="9.280219"><name>Waypoint 1</name><desc>Auto-generated</desc><type>Waypoint</type></wpt><wpt lat="45.59437" lon="9.280482"><name>Turn slight left onto Viale Ca</name><type>Slight_left_turn</type></wpt><wpt lat="45.594322" lon="9.280545"><name>Keep right</name><type>Right_at_fork_turn</type></wpt><wpt lat="45.594185" lon="9.280591"><name>Waypoint 2</name><desc>Auto-generated</desc><type>Waypoint</type></wpt><wpt lat="45.593987" lon="9.280725"><name>Keep right</name><type>Right_at_fork_turn</type></wpt><wpt lat="45.59342" lon="9.280896"><name>Waypoint 3</name><desc>Auto-generated</desc><type>Waypoint</type></wpt><wpt lat="45.612656" lon="9.272672"><name>End</name><desc>Auto-generated</desc><type>End</type></wpt><rte><rtept lat="45.61265" lon="9.272665"><ele>185.0</ele></rtept><rtept lat="45.612656" lon="9.272692"><ele>185.0</ele></rtept><rtept lat="45.612663" lon="9.27272"><ele>185.0</ele></rtept><rtept lat="45.61267" lon="9.272752"><ele>185.0</ele></rtept><rtept lat="45.612682" lon="9.272787"><ele>185.0</ele></rtept><rtept lat="45.61269" lon="9.272822"><ele>185.0</ele></rtept><rtept lat="45.612694" lon="9.272862"><ele>185.0</ele></rtept><rtept lat="45.6127" lon="9.272897"><ele>185.0</ele></rtept><rtept lat="45.612713" lon="9.272932"><ele>185.0</ele></rtept><rtept lat="45.61272" lon="9.272965"><ele>185.0</ele></rtept><rtept lat="45.612732" lon="9.272997"><ele>185.0</ele></rtept><rtept lat="45.612743" lon="9.273032"><ele>185.0</ele></rtept><rtept lat="45.612755" lon="9.273067"><ele>185.0</ele></rtept><rtept lat="45.612766" lon="9.273105"><ele>185.0</ele></rtept><rtept lat="45.612774" lon="9.27314"><ele>185.0</ele></rtept><rtept lat="45.61278" lon="9.27317"><ele>185.0</ele></rtept><rtept lat="45.61279" lon="9.273205"><ele>185.0</ele></rtept><rtept lat="45.612797" lon="9.273242"><ele>185.0</ele></rtept><rtept lat="45.6128" lon="9.27328"><ele>184.0</ele></rtept><rtept lat="45.612812" lon="9.273315"><ele>184.0</ele></rtept><rtept lat="45.612816" lon="9.273357"><ele>184.0</ele></rtept><rtept lat="45.612816" lon="9.273392"><ele>184.0</ele></rtept><rtept lat="45.61282" lon="9.273437"><ele>185.0</ele></rtept><rtept lat="45.612827" lon="9.273477"><ele>185.0</ele></rtept><rtept lat="45.61283" lon="9.273517"><ele>185.0</ele></rtept><rtept lat="45.61283" lon="9.273555"><ele>185.0</ele></rtept><rtept lat="45.61283" lon="9.273592"><ele>185.0</ele></rtept><rtept lat="45.612827" lon="9.273625"><ele>185.0</ele></rtept><rtept lat="45.612823" lon="9.273662"><ele>185.0</ele></rtept><rtept lat="45.612823" lon="9.273695"><ele>185.0</ele></rtept><rtept lat="45.612816" lon="9.273732"><ele>185.0</ele></rtept><rtept lat="45.612812" lon="9.273767"><ele>185.0</ele></rtept><rtept lat="45.61281" lon="9.273797"><ele>185.0</ele></rtept><rtept lat="45.612804" lon="9.273832"><ele>185.0</ele></rtept><rtept lat="45.6128" lon="9.27387"><ele>185.0</ele></rtept><rtept lat="45.612797" lon="9.273902"><ele>184.0</ele></rtept><rtept lat="45.612785" lon="9.273938"><ele>184.0</ele></rtept><rtept lat="45.61278" lon="9.273972"><ele>184.0</ele></rtept><rtept lat="45.612778" lon="9.274007"><ele>184.0</ele></rtept><rtept lat="45.612766" lon="9.274042"><ele>184.0</ele></rtept><rtept lat="45.612762" lon="9.274077"><ele>184.0</ele></rtept><rtept lat="45.61276" lon="9.274112"><ele>184.0</ele></rtept><rtept lat="45.61275" lon="9.274147"><ele>184.0</ele></rtept><rtept lat="45.61275" lon="9.27418"><ele>184.0</ele></rtept><rtept lat="45.612743" lon="9.27422"><ele>184.0</ele></rtept><rtept lat="45.612736" lon="9.27426"><ele>184.0</ele></rtept><rtept lat="45.612732" lon="9.274295"><ele>184.0</ele></rtept><rtept lat="45.61273" lon="9.274327"><ele>184.0</ele></rtept><rtept lat="45.61272" lon="9.274357"><ele>184.0</ele></rtept><rtept lat="45.612717" lon="9.27439"><ele>184.0</ele></rtept><rtept lat="45.612705" lon="9.27442"><ele>184.0</ele></rtept><rtept lat="45.612698" lon="9.274465"><ele>184.0</ele></rtept><rtept lat="45.61269" lon="9.274502"><ele>185.0</ele></rtept><rtept lat="45.61268" lon="9.274527"><ele>185.0</ele></rtept><rtept lat="45.61267" lon="9.274557"><ele>185.0</ele></rtept><rtept lat="45.612663" lon="9.274597"><ele>184.0</ele></rtept><rtept lat="45.612656" lon="9.274627"><ele>184.0</ele></rtept><rtept lat="45.61265" lon="9.274665"><ele>184.0</ele></rtept><rtept lat="45.612644" lon="9.274698"><ele>184.0</ele></rtept><rtept lat="45.612637" lon="9.27474"><ele>184.0</ele></rtept><rtept lat="45.612637" lon="9.274775"><ele>184.0</ele></rtept><rtept lat="45.612633" lon="9.27481"><ele>184.0</ele></rtept><rtept lat="45.612625" lon="9.274845"><ele>184.0</ele></rtept><rtept lat="45.612625" lon="9.274887"><ele>184.0</ele></rtept><rtept lat="45.612625" lon="9.274932"><ele>184.0</ele></rtept><rtept lat="45.61262" lon="9.274972"><ele>184.0</ele></rtept><rtept lat="45.61262" lon="9.275017"><ele>184.0</ele></rtept><rtept lat="45.61262" lon="9.275065"><ele>184.0</ele></rtept><rtept lat="45.61262" lon="9.275102"><ele>184.0</ele></rtept><rtept lat="45.612617" lon="9.27514"><ele>184.0</ele></rtept><rtept lat="45.612606" lon="9.275175"><ele>184.0</ele></rtept><rtept lat="45.6126" lon="9.275207"><ele>184.0</ele></rtept><rtept lat="45.612583" lon="9.275237"><ele>184.0</ele></rtept><rtept lat="45.61257" lon="9.27527"><ele>184.0</ele></rtept><rtept lat="45.612553" lon="9.275297"><ele>184.0</ele></rtept><rtept lat="45.612537" lon="9.275322"><ele>184.0</ele></rtept><rtept lat="45.61252" lon="9.275347"><ele>184.0</ele></rtept><rtept lat="45.6125" lon="9.275372"><ele>184.0</ele></rtept><rtept lat="45.61248" lon="9.275392"><ele>183.0</ele></rtept><rtept lat="45.61246" lon="9.275407"><ele>183.0</ele></rtept><rtept lat="45.612434" lon="9.275417"><ele>183.0</ele></rtept><rtept lat="45.61241" lon="9.275422"><ele>183.0</ele></rtept><rtept lat="45.61238" lon="9.275427"><ele>183.0</ele></rtept><rtept lat="45.612354" lon="9.275437"><ele>183.0</ele></rtept><rtept lat="45.61233" lon="9.275445"><ele>183.0</ele></rtept><rtept lat="45.6123" lon="9.275452"><ele>183.0</ele></rtept><rtept lat="45.61227" lon="9.275457"><ele>183.0</ele></rtept><rtept lat="45.612244" lon="9.275462"><ele>183.0</ele></rtept><rtept lat="45.61222" lon="9.275475"><ele>183.0</ele></rtept><rtept lat="45.61219" lon="9.275482"><ele>183.0</ele></rtept><rtept lat="45.612167" lon="9.275487"><ele>183.0</ele></rtept><rtept lat="45.61214" lon="9.275492"><ele>183.0</ele></rtept><rtept lat="45.612118" lon="9.275497"><ele>183.0</ele></rtept><rtept lat="45.612087" lon="9.275507"><ele>183.0</ele></rtept><rtept lat="45.612057" lon="9.275515"><ele>183.0</ele></rtept><rtept lat="45.612026" lon="9.275507"><ele>183.0</ele></rtept><rtept lat="45.612003" lon="9.275507"><ele>183.0</ele></rtept><rtept lat="45.611973" lon="9.275507"><ele>183.0</ele></rtept><rtept lat="45.611946" lon="9.275507"><ele>183.0</ele></rtept><rtept lat="45.611923" lon="9.275512"><ele>183.0</ele></rtept><rtept lat="45.611893" lon="9.275515"><ele>183.0</ele></rtept><rtept lat="45.611866" lon="9.275525"><ele>183.0</ele></rtept><rtept lat="45.611835" lon="9.275525"><ele>182.0</ele></rtept><rtept lat="45.611813" lon="9.275522"><ele>182.0</ele></rtept><rtept lat="45.611786" lon="9.275515"><ele>182.0</ele></rtept><rtept lat="45.611763" lon="9.275507"><ele>182.0</ele></rtept><rtept lat="45.611732" lon="9.2755"><ele>182.0</ele></rtept><rtept lat="45.611702" lon="9.275493"><ele>182.0</ele></rtept><rtept lat="45.611675" lon="9.275493"><ele>182.0</ele></rtept><rtept lat="45.611652" lon="9.27549"><ele>182.0</ele></rtept><rtept lat="45.611626" lon="9.275467"><ele>182.0</ele></rtept><rtept lat="45.611603" lon="9.27546"><ele>182.0</ele></rtept><rtept lat="45.611576" lon="9.275442"><ele>182.0</ele></rtept><rtept lat="45.611546" lon="9.275432"><ele>182.0</ele></rtept><rtept lat="45.61152" lon="9.275427"><ele>182.0</ele></rtept><rtept lat="45.61149" lon="9.275427"><ele>182.0</ele></rtept><rtept lat="45.61146" lon="9.275422"><ele>182.0</ele></rtept><rtept lat="45.61144" lon="9.275417"><ele>182.0</ele></rtept><rtept lat="45.61141" lon="9.275412"><ele>182.0</ele></rtept><rtept lat="45.61138" lon="9.275402"><ele>182.0</ele></rtept><rtept lat="45.61135" lon="9.275395"><ele>182.0</ele></rtept><rtept lat="45.611324" lon="9.27539"><ele>182.0</ele></rtept><rtept lat="45.6113" lon="9.275387"><ele>182.0</ele></rtept><rtept lat="45.611275" lon="9.275387"><ele>182.0</ele></rtept><rtept lat="45.611248" lon="9.275387"><ele>181.0</ele></rtept><rtept lat="45.61122" lon="9.275382"><ele>181.0</ele></rtept><rtept lat="45.6112" lon="9.275372"><ele>181.0</ele></rtept><rtept lat="45.61117" lon="9.275367"><ele>181.0</ele></rtept><rtept lat="45.611145" lon="9.275362"><ele>181.0</ele></rtept><rtept lat="45.611122" lon="9.275357"><ele>181.0</ele></rtept><rtept lat="45.611095" lon="9.275352"><ele>181.0</ele></rtept><rtept lat="45.61107" lon="9.27536"><ele>181.0</ele></rtept><rtept lat="45.61104" lon="9.27537"><ele>181.0</ele></rtept><rtept lat="45.61101" lon="9.275367"><ele>181.0</ele></rtept><rtept lat="45.610985" lon="9.275367"><ele>181.0</ele></rtept><rtept lat="45.61096" lon="9.275362"><ele>181.0</ele></rtept><rtept lat="45.61093" lon="9.275365"><ele>181.0</ele></rtept><rtept lat="45.61091" lon="9.275362"><ele>181.0</ele></rtept><rtept lat="45.610874" lon="9.275362"><ele>181.0</ele></rtept><rtept lat="45.610847" lon="9.27536"><ele>181.0</ele></rtept><rtept lat="45.61082" lon="9.275357"><ele>181.0</ele></rtept><rtept lat="45.610794" lon="9.275352"><ele>181.0</ele></rtept><rtept lat="45.610764" lon="9.27535"><ele>180.0</ele></rtept><rtept lat="45.610737" lon="9.275342"><ele>180.0</ele></rtept><rtept lat="45.61071" lon="9.27534"><ele>180.0</ele></rtept><rtept lat="45.610683" lon="9.275337"><ele>180.0</ele></rtept><rtept lat="45.61066" lon="9.275337"><ele>180.0</ele></rtept><rtept lat="45.610634" lon="9.275325"><ele>180.0</ele></rtept><rtept lat="45.61061" lon="9.275317"><ele>180.0</ele></rtept><rtept lat="45.61058" lon="9.275307"><ele>180.0</ele></rtept><rtept lat="45.610558" lon="9.275292"><ele>180.0</ele></rtept><rtept lat="45.61053" lon="9.275285"><ele>180.0</ele></rtept><rtept lat="45.610508" lon="9.275275"><ele>180.0</ele></rtept><rtept lat="45.61048" lon="9.275262"><ele>180.0</ele></rtept><rtept lat="45.610462" lon="9.275252"><ele>180.0</ele></rtept><rtept lat="45.610443" lon="9.275245"><ele>180.0</ele></rtept><rtept lat="45.610416" lon="9.275232"><ele>180.0</ele></rtept><rtept lat="45.61039" lon="9.275222"><ele>180.0</ele></rtept><rtept lat="45.610367" lon="9.275217"><ele>180.0</ele></rtept><rtept lat="45.61034" lon="9.275207"><ele>180.0</ele></rtept><rtept lat="45.610317" lon="9.275197"><ele>180.0</ele></rtept><rtept lat="45.6103" lon="9.275177"><ele>180.0</ele></rtept><rtept lat="45.610287" lon="9.27516"><ele>180.0</ele></rtept><rtept lat="45.610264" lon="9.27514"><ele>180.0</ele></rtept><rtept lat="45.61025" lon="9.275125"><ele>180.0</ele></rtept><rtept lat="45.610214" lon="9.275102"><ele>180.0</ele></rtept><rtept lat="45.61019" lon="9.27509"><ele>180.0</ele></rtept><rtept lat="45.61017" lon="9.275077"><ele>181.0</ele></rtept><rtept lat="45.610146" lon="9.275062"><ele>181.0</ele></rtept><rtept lat="45.610123" lon="9.275052"><ele>181.0</ele></rtept><rtept lat="45.610096" lon="9.275042"><ele>181.0</ele></rtept><rtept lat="45.610077" lon="9.275037"><ele>181.0</ele></rtept><rtept lat="45.610046" lon="9.275032"><ele>181.0</ele></rtept><rtept lat="45.610023" lon="9.275027"><ele>181.0</ele></rtept><rtept lat="45.61" lon="9.275022"><ele>181.0</ele></rtept><rtept lat="45.609978" lon="9.275018"><ele>181.0</ele></rtept><rtept lat="45.60995" lon="9.275017"><ele>181.0</ele></rtept><rtept lat="45.60993" lon="9.275015"><ele>181.0</ele></rtept><rtept lat="45.6099" lon="9.275015"><ele>181.0</ele></rtept><rtept lat="45.60988" lon="9.275017"><ele>181.0</ele></rtept><rtept lat="45.609856" lon="9.275012"><ele>181.0</ele></rtept><rtept lat="45.609833" lon="9.275005"><ele>181.0</ele></rtept><rtept lat="45.609814" lon="9.274977"><ele>181.0</ele></rtept><rtept lat="45.609787" lon="9.274977"><ele>181.0</ele></rtept><rtept lat="45.609756" lon="9.274967"><ele>181.0</ele></rtept><rtept lat="45.609734" lon="9.274962"><ele>181.0</ele></rtept><rtept lat="45.609707" lon="9.274955"><ele>181.0</ele></rtept><rtept lat="45.609676" lon="9.274952"><ele>181.0</ele></rtept><rtept lat="45.609646" lon="9.27494"><ele>181.0</ele></rtept><rtept lat="45.609615" lon="9.274932"><ele>181.0</ele></rtept><rtept lat="45.60958" lon="9.274922"><ele>181.0</ele></rtept><rtept lat="45.60955" lon="9.274915"><ele>181.0</ele></rtept><rtept lat="45.609524" lon="9.274922"><ele>181.0</ele></rtept><rtept lat="45.609493" lon="9.274917"><ele>181.0</ele></rtept><rtept lat="45.609467" lon="9.274917"><ele>181.0</ele></rtept><rtept lat="45.609436" lon="9.274915"><ele>181.0</ele></rtept><rtept lat="45.60941" lon="9.274912"><ele>181.0</ele></rtept><rtept lat="45.609383" lon="9.274907"><ele>181.0</ele></rtept><rtept lat="45.609352" lon="9.274902"><ele>181.0</ele></rtept><rtept lat="45.60932" lon="9.274897"><ele>181.0</ele></rtept><rtept lat="45.60929" lon="9.2749"><ele>181.0</ele></rtept><rtept lat="45.609264" lon="9.2749"><ele>181.0</ele></rtept><rtept lat="45.609238" lon="9.2749"><ele>181.0</ele></rtept><rtept lat="45.60921" lon="9.274905"><ele>181.0</ele></rtept><rtept lat="45.60918" lon="9.27491"><ele>181.0</ele></rtept><rtept lat="45.609154" lon="9.274922"><ele>181.0</ele></rtept><rtept lat="45.609123" lon="9.274945"><ele>181.0</ele></rtept><rtept lat="45.609093" lon="9.274962"><ele>180.0</ele></rtept><rtept lat="45.609066" lon="9.274972"><ele>180.0</ele></rtept><rtept lat="45.609035" lon="9.27498"><ele>180.0</ele></rtept><rtept lat="45.60901" lon="9.274987"><ele>180.0</ele></rtept><rtept lat="45.608982" lon="9.274992"><ele>180.0</ele></rtept><rtept lat="45.608955" lon="9.274982"><ele>180.0</ele></rtept><rtept lat="45.60893" lon="9.274982"><ele>180.0</ele></rtept><rtept lat="45.6089" lon="9.274987"><ele>180.0</ele></rtept><rtept lat="45.60887" lon="9.274995"><ele>180.0</ele></rtept><rtept lat="45.608845" lon="9.275002"><ele>180.0</ele></rtept><rtept lat="45.60881" lon="9.275015"><ele>180.0</ele></rtept><rtept lat="45.608784" lon="9.275027"><ele>180.0</ele></rtept><rtept lat="45.608753" lon="9.275035"><ele>180.0</ele></rtept><rtept lat="45.60873" lon="9.275042"><ele>180.0</ele></rtept><rtept lat="45.608704" lon="9.275047"><ele>180.0</ele></rtept><rtept lat="45.608677" lon="9.275057"><ele>180.0</ele></rtept><rtept lat="45.60865" lon="9.275067"><ele>181.0</ele></rtept><rtept lat="45.608624" lon="9.275072"><ele>180.0</ele></rtept><rtept lat="45.6086" lon="9.275075"><ele>181.0</ele></rtept><rtept lat="45.60857" lon="9.275077"><ele>181.0</ele></rtept><rtept lat="45.608547" lon="9.275075"><ele>181.0</ele></rtept><rtept lat="45.608524" lon="9.275072"><ele>180.0</ele></rtept><rtept lat="45.6085" lon="9.275062"><ele>180.0</ele></rtept><rtept lat="45.60848" lon="9.27505"><ele>180.0</ele></rtept><rtept lat="45.608463" lon="9.275032"><ele>180.0</ele></rtept><rtept lat="45.608448" lon="9.275012"><ele>180.0</ele></rtept><rtept lat="45.608437" lon="9.274987"><ele>180.0</ele></rtept><rtept lat="45.60842" lon="9.274952"><ele>180.0</ele></rtept><rtept lat="45.608406" lon="9.27492"><ele>180.0</ele></rtept><rtept lat="45.608383" lon="9.274897"><ele>180.0</ele></rtept><rtept lat="45.608356" lon="9.274885"><ele>180.0</ele></rtept><rtept lat="45.60833" lon="9.274887"><ele>180.0</ele></rtept><rtept lat="45.608303" lon="9.274897"><ele>180.0</ele></rtept><rtept lat="45.608276" lon="9.274912"><ele>180.0</ele></rtept><rtept lat="45.608253" lon="9.274937"><ele>180.0</ele></rtept><rtept lat="45.608227" lon="9.274957"><ele>180.0</ele></rtept><rtept lat="45.608204" lon="9.274975"><ele>180.0</ele></rtept><rtept lat="45.60818" lon="9.274992"><ele>180.0</ele></rtept><rtept lat="45.60816" lon="9.275002"><ele>180.0</ele></rtept><rtept lat="45.608135" lon="9.275"><ele>180.0</ele></rtept><rtept lat="45.608116" lon="9.275"><ele>180.0</ele></rtept><rtept lat="45.608097" lon="9.274997"><ele>180.0</ele></rtept><rtept lat="45.60808" lon="9.274975"><ele>180.0</ele></rtept><rtept lat="45.608063" lon="9.274955"><ele>180.0</ele></rtept><rtept lat="45.608044" lon="9.274937"><ele>180.0</ele></rtept><rtept lat="45.608025" lon="9.274922"><ele>180.0</ele></rtept><rtept lat="45.607998" lon="9.274907"><ele>180.0</ele></rtept><rtept lat="45.60798" lon="9.274892"><ele>180.0</ele></rtept><rtept lat="45.607956" lon="9.274887"><ele>180.0</ele></rtept><rtept lat="45.607925" lon="9.274872"><ele>180.0</ele></rtept><rtept lat="45.607903" lon="9.274857"><ele>180.0</ele></rtept><rtept lat="45.607883" lon="9.274842"><ele>180.0</ele></rtept><rtept lat="45.60786" lon="9.274817"><ele>180.0</ele></rtept><rtept lat="45.60784" lon="9.274787"><ele>180.0</ele></rtept><rtept lat="45.60783" lon="9.274762"><ele>180.0</ele></rtept><rtept lat="45.607807" lon="9.274727"><ele>180.0</ele></rtept><rtept lat="45.607796" lon="9.274695"><ele>180.0</ele></rtept><rtept lat="45.60778" lon="9.274667"><ele>180.0</ele></rtept><rtept lat="45.607765" lon="9.274637"><ele>180.0</ele></rtept><rtept lat="45.607758" lon="9.274612"><ele>180.0</ele></rtept><rtept lat="45.607746" lon="9.274577"><ele>180.0</ele></rtept><rtept lat="45.60773" lon="9.27454"><ele>180.0</ele></rtept><rtept lat="45.607716" lon="9.274502"><ele>180.0</ele></rtept><rtept lat="45.607708" lon="9.274467"><ele>180.0</ele></rtept><rtept lat="45.607693" lon="9.274432"><ele>180.0</ele></rtept><rtept lat="45.60768" lon="9.2744"><ele>180.0</ele></rtept><rtept lat="45.607674" lon="9.274367"><ele>180.0</ele></rtept><rtept lat="45.607662" lon="9.27434"><ele>180.0</ele></rtept><rtept lat="45.60765" lon="9.274307"><ele>180.0</ele></rtept><rtept lat="45.607635" lon="9.274285"><ele>180.0</ele></rtept><rtept lat="45.607628" lon="9.274252"><ele>180.0</ele></rtept><rtept lat="45.607616" lon="9.27422"><ele>180.0</ele></rtept><rtept lat="45.607597" lon="9.27419"><ele>180.0</ele></rtept><rtept lat="45.607582" lon="9.274157"><ele>180.0</ele></rtept><rtept lat="45.607567" lon="9.274122"><ele>180.0</ele></rtept><rtept lat="45.60755" lon="9.274087"><ele>180.0</ele></rtept><rtept lat="45.607536" lon="9.274052"><ele>180.0</ele></rtept><rtept lat="45.60752" lon="9.27401"><ele>180.0</ele></rtept><rtept lat="45.607513" lon="9.273977"><ele>180.0</ele></rtept><rtept lat="45.6075" lon="9.273945"><ele>180.0</ele></rtept><rtept lat="45.607487" lon="9.273915"><ele>180.0</ele></rtept><rtept lat="45.60747" lon="9.27388"><ele>180.0</ele></rtept><rtept lat="45.60746" lon="9.273845"><ele>180.0</ele></rtept><rtept lat="45.60745" lon="9.273812"><ele>180.0</ele></rtept><rtept lat="45.607433" lon="9.273775"><ele>180.0</ele></rtept><rtept lat="45.607426" lon="9.273742"><ele>180.0</ele></rtept><rtept lat="45.60741" lon="9.27371"><ele>180.0</ele></rtept><rtept lat="45.607395" lon="9.273675"><ele>180.0</ele></rtept><rtept lat="45.607384" lon="9.27364"><ele>180.0</ele></rtept><rtept lat="45.607365" lon="9.273602"><ele>180.0</ele></rtept><rtept lat="45.607353" lon="9.273567"><ele>180.0</ele></rtept><rtept lat="45.607338" lon="9.273532"><ele>180.0</ele></rtept><rtept lat="45.607323" lon="9.273497"><ele>180.0</ele></rtept><rtept lat="45.607307" lon="9.27346"><ele>180.0</ele></rtept><rtept lat="45.607296" lon="9.273427"><ele>180.0</ele></rtept><rtept lat="45.60728" lon="9.27339"><ele>180.0</ele></rtept><rtept lat="45.60727" lon="9.273357"><ele>180.0</ele></rtept><rtept lat="45.607258" lon="9.273327"><ele>180.0</ele></rtept><rtept lat="45.607243" lon="9.273292"><ele>180.0</ele></rtept><rtept lat="45.60723" lon="9.273252"><ele>180.0</ele></rtept><rtept lat="45.607216" lon="9.273215"><ele>180.0</ele></rtept><rtept lat="45.60721" lon="9.273185"><ele>180.0</ele></rtept><rtept lat="45.607193" lon="9.273157"><ele>180.0</ele></rtept><rtept lat="45.60718" lon="9.27313"><ele>180.0</ele></rtept><rtept lat="45.607166" lon="9.273092"><ele>180.0</ele></rtept><rtept lat="45.60715" lon="9.273062"><ele>180.0</ele></rtept><rtept lat="45.607132" lon="9.273032"><ele>180.0</ele></rtept><rtept lat="45.607117" lon="9.272997"><ele>180.0</ele></rtept><rtept lat="45.6071" lon="9.272962"><ele>180.0</ele></rtept><rtept lat="45.607094" lon="9.272927"><ele>180.0</ele></rtept><rtept lat="45.607082" lon="9.272885"><ele>180.0</ele></rtept><rtept lat="45.60707" lon="9.272852"><ele>180.0</ele></rtept><rtept lat="45.60706" lon="9.272817"><ele>180.0</ele></rtept><rtept lat="45.607044" lon="9.27278"><ele>180.0</ele></rtept><rtept lat="45.607033" lon="9.272742"><ele>180.0</ele></rtept><rtept lat="45.60702" lon="9.272707"><ele>180.0</ele></rtept><rtept lat="45.607006" lon="9.272677"><ele>180.0</ele></rtept><rtept lat="45.60699" lon="9.272647"><ele>180.0</ele></rtept><rtept lat="45.606983" lon="9.27262"><ele>180.0</ele></rtept><rtept lat="45.606968" lon="9.272585"><ele>180.0</ele></rtept><rtept lat="45.606956" lon="9.272555"><ele>180.0</ele></rtept><rtept lat="45.60694" lon="9.272522"><ele>180.0</ele></rtept><rtept lat="45.606934" lon="9.272492"><ele>180.0</ele></rtept><rtept lat="45.606922" lon="9.272462"><ele>180.0</ele></rtept><rtept lat="45.60691" lon="9.272427"><ele>180.0</ele></rtept><rtept lat="45.606903" lon="9.272392"><ele>180.0</ele></rtept><rtept lat="45.606888" lon="9.272362"><ele>180.0</ele></rtept><rtept lat="45.606876" lon="9.272335"><ele>180.0</ele></rtept><rtept lat="45.60686" lon="9.272305"><ele>180.0</ele></rtept><rtept lat="45.606846" lon="9.272275"><ele>180.0</ele></rtept><rtept lat="45.60683" lon="9.272245"><ele>180.0</ele></rtept><rtept lat="45.60682" lon="9.272215"><ele>180.0</ele></rtept><rtept lat="45.606808" lon="9.272182"><ele>180.0</ele></rtept><rtept lat="45.606796" lon="9.27215"><ele>180.0</ele></rtept><rtept lat="45.60678" lon="9.272122"><ele>180.0</ele></rtept><rtept lat="45.606773" lon="9.27209"><ele>180.0</ele></rtept><rtept lat="45.60676" lon="9.272052"><ele>180.0</ele></rtept><rtept lat="45.606743" lon="9.272022"><ele>180.0</ele></rtept><rtept lat="45.60673" lon="9.271992"><ele>180.0</ele></rtept><rtept lat="45.60672" lon="9.271962"><ele>180.0</ele></rtept><rtept lat="45.60671" lon="9.271932"><ele>180.0</ele></rtept><rtept lat="45.606693" lon="9.271897"><ele>180.0</ele></rtept><rtept lat="45.606678" lon="9.271862"><ele>180.0</ele></rtept><rtept lat="45.606667" lon="9.271825"><ele>180.0</ele></rtept><rtept lat="45.606655" lon="9.271787"><ele>180.0</ele></rtept><rtept lat="45.606644" lon="9.271752"><ele>180.0</ele></rtept><rtept lat="45.606632" lon="9.271722"><ele>180.0</ele></rtept><rtept lat="45.60662" lon="9.271692"><ele>180.0</ele></rtept><rtept lat="45.606613" lon="9.271652"><ele>180.0</ele></rtept><rtept lat="45.6066" lon="9.271617"><ele>180.0</ele></rtept><rtept lat="45.60659" lon="9.271577"><ele>180.0</ele></rtept><rtept lat="45.606575" lon="9.271542"><ele>180.0</ele></rtept><rtept lat="45.606556" lon="9.271505"><ele>180.0</ele></rtept><rtept lat="45.60654" lon="9.271467"><ele>180.0</ele></rtept><rtept lat="45.60653" lon="9.271437"><ele>180.0</ele></rtept><rtept lat="45.606518" lon="9.271397"><ele>180.0</ele></rtept><rtept lat="45.606506" lon="9.271367"><ele>180.0</ele></rtept><rtept lat="45.606487" lon="9.271337"><ele>180.0</ele></rtept><rtept lat="45.606472" lon="9.271302"><ele>180.0</ele></rtept><rtept lat="45.60646" lon="9.271277"><ele>180.0</ele></rtept><rtept lat="45.606445" lon="9.271252"><ele>180.0</ele></rtept><rtept lat="45.606434" lon="9.271217"><ele>180.0</ele></rtept><rtept lat="45.60642" lon="9.271182"><ele>180.0</ele></rtept><rtept lat="45.606403" lon="9.271147"><ele>180.0</ele></rtept><rtept lat="45.606388" lon="9.271115"><ele>180.0</ele></rtept><rtept lat="45.606377" lon="9.271078"><ele>180.0</ele></rtept><rtept lat="45.60636" lon="9.271042"><ele>180.0</ele></rtept><rtept lat="45.60635" lon="9.271015"><ele>180.0</ele></rtept><rtept lat="45.60634" lon="9.270982"><ele>180.0</ele></rtept><rtept lat="45.606323" lon="9.270947"><ele>180.0</ele></rtept><rtept lat="45.60631" lon="9.270917"><ele>180.0</ele></rtept><rtept lat="45.6063" lon="9.270887"><ele>180.0</ele></rtept><rtept lat="45.60629" lon="9.270862"><ele>180.0</ele></rtept><rtept lat="45.606277" lon="9.270832"><ele>180.0</ele></rtept><rtept lat="45.60626" lon="9.270797"><ele>180.0</ele></rtept><rtept lat="45.606247" lon="9.270765"><ele>180.0</ele></rtept><rtept lat="45.60623" lon="9.270727"><ele>180.0</ele></rtept><rtept lat="45.606213" lon="9.27069"><ele>180.0</ele></rtept><rtept lat="45.606197" lon="9.270657"><ele>180.0</ele></rtept><rtept lat="45.606182" lon="9.27062"><ele>180.0</ele></rtept><rtept lat="45.60617" lon="9.27059"><ele>180.0</ele></rtept><rtept lat="45.606163" lon="9.270552"><ele>180.0</ele></rtept><rtept lat="45.60615" lon="9.270512"><ele>180.0</ele></rtept><rtept lat="45.60614" lon="9.270482"><ele>180.0</ele></rtept><rtept lat="45.60613" lon="9.270447"><ele>180.0</ele></rtept><rtept lat="45.606117" lon="9.27042"><ele>180.0</ele></rtept><rtept lat="45.606106" lon="9.270387"><ele>180.0</ele></rtept><rtept lat="45.606102" lon="9.270357"><ele>180.0</ele></rtept><rtept lat="45.6061" lon="9.270322"><ele>180.0</ele></rtept><rtept lat="45.606087" lon="9.27029"><ele>180.0</ele></rtept><rtept lat="45.606075" lon="9.270262"><ele>180.0</ele></rtept><rtept lat="45.606056" lon="9.270242"><ele>180.0</ele></rtept><rtept lat="45.606045" lon="9.27021"><ele>180.0</ele></rtept><rtept lat="45.60603" lon="9.270177"><ele>180.0</ele></rtept><rtept lat="45.60601" lon="9.270145"><ele>180.0</ele></rtept><rtept lat="45.606003" lon="9.270115"><ele>180.0</ele></rtept><rtept lat="45.605984" lon="9.270085"><ele>180.0</ele></rtept><rtept lat="45.60597" lon="9.270057"><ele>180.0</ele></rtept><rtept lat="45.605953" lon="9.270025"><ele>180.0</ele></rtept><rtept lat="45.60593" lon="9.26999"><ele>180.0</ele></rtept><rtept lat="45.605915" lon="9.269957"><ele>180.0</ele></rtept><rtept lat="45.6059" lon="9.269922"><ele>180.0</ele></rtept><rtept lat="45.60588" lon="9.269902"><ele>180.0</ele></rtept><rtept lat="45.60586" lon="9.269867"><ele>180.0</ele></rtept><rtept lat="45.605846" lon="9.269832"><ele>180.0</ele></rtept><rtept lat="45.60583" lon="9.269792"><ele>180.0</ele></rtept><rtept lat="45.605824" lon="9.269757"><ele>180.0</ele></rtept><rtept lat="45.60581" lon="9.269722"><ele>180.0</ele></rtept><rtept lat="45.6058" lon="9.269682"><ele>180.0</ele></rtept><rtept lat="45.60579" lon="9.269642"><ele>180.0</ele></rtept><rtept lat="45.605785" lon="9.269612"><ele>180.0</ele></rtept><rtept lat="45.60578" lon="9.269575"><ele>180.0</ele></rtept><rtept lat="45.60577" lon="9.269542"><ele>180.0</ele></rtept><rtept lat="45.60576" lon="9.26951"><ele>180.0</ele></rtept><rtept lat="45.605743" lon="9.269477"><ele>180.0</ele></rtept><rtept lat="45.605724" lon="9.269442"><ele>180.0</ele></rtept><rtept lat="45.605713" lon="9.269405"><ele>180.0</ele></rtept><rtept lat="45.6057" lon="9.269367"><ele>180.0</ele></rtept><rtept lat="45.605686" lon="9.269335"><ele>180.0</ele></rtept><rtept lat="45.605675" lon="9.269305"><ele>180.0</ele></rtept><rtept lat="45.60566" lon="9.269277"><ele>180.0</ele></rtept><rtept lat="45.605648" lon="9.269247"><ele>180.0</ele></rtept><rtept lat="45.60564" lon="9.269217"><ele>180.0</ele></rtept><rtept lat="45.60563" lon="9.269182"><ele>180.0</ele></rtept><rtept lat="45.605614" lon="9.269147"><ele>180.0</ele></rtept><rtept lat="45.605602" lon="9.269117"><ele>180.0</ele></rtept><rtept lat="45.605587" lon="9.269082"><ele>180.0</ele></rtept><rtept lat="45.605583" lon="9.269045"><ele>180.0</ele></rtept><rtept lat="45.60557" lon="9.269007"><ele>180.0</ele></rtept><rtept lat="45.605556" lon="9.268977"><ele>180.0</ele></rtept><rtept lat="45.605537" lon="9.268952"><ele>180.0</ele></rtept><rtept lat="45.60551" lon="9.268932"><ele>180.0</ele></rtept><rtept lat="45.605484" lon="9.268927"><ele>180.0</ele></rtept><rtept lat="45.605457" lon="9.26893"><ele>180.0</ele></rtept><rtept lat="45.60543" lon="9.268937"><ele>180.0</ele></rtept><rtept lat="45.605408" lon="9.26895"><ele>180.0</ele></rtept><rtept lat="45.605373" lon="9.268967"><ele>180.0</ele></rtept><rtept lat="45.605347" lon="9.268977"><ele>180.0</ele></rtept><rtept lat="45.605316" lon="9.268987"><ele>180.0</ele></rtept><rtept lat="45.605286" lon="9.269"><ele>180.0</ele></rtept><rtept lat="45.60525" lon="9.269013"><ele>180.0</ele></rtept><rtept lat="45.60522" lon="9.269035"><ele>180.0</ele></rtept><rtept lat="45.60519" lon="9.269042"><ele>180.0</ele></rtept><rtept lat="45.605156" lon="9.26905"><ele>180.0</ele></rtept><rtept lat="45.60513" lon="9.269062"><ele>180.0</ele></rtept><rtept lat="45.6051" lon="9.269067"><ele>180.0</ele></rtept><rtept lat="45.60507" lon="9.269077"><ele>180.0</ele></rtept><rtept lat="45.605034" lon="9.269087"><ele>180.0</ele></rtept><rtept lat="45.60501" lon="9.269097"><ele>180.0</ele></rtept><rtept lat="45.60498" lon="9.269102"><ele>180.0</ele></rtept><rtept lat="45.604958" lon="9.269107"><ele>180.0</ele></rtept><rtept lat="45.604927" lon="9.269115"><ele>180.0</ele></rtept><rtept lat="45.6049" lon="9.26912"><ele>180.0</ele></rtept><rtept lat="45.60488" lon="9.269127"><ele>180.0</ele></rtept><rtept lat="45.60486" lon="9.269137"><ele>180.0</ele></rtept><rtept lat="45.60483" lon="9.269145"><ele>180.0</ele></rtept><rtept lat="45.60481" lon="9.269152"><ele>180.0</ele></rtept><rtept lat="45.604786" lon="9.26916"><ele>180.0</ele></rtept><rtept lat="45.604763" lon="9.269167"><ele>180.0</ele></rtept><rtept lat="45.60474" lon="9.269177"><ele>180.0</ele></rtept><rtept lat="45.604713" lon="9.269192"><ele>180.0</ele></rtept><rtept lat="45.604687" lon="9.269207"><ele>180.0</ele></rtept><rtept lat="45.604664" lon="9.26922"><ele>180.0</ele></rtept><rtept lat="45.604645" lon="9.269232"><ele>180.0</ele></rtept><rtept lat="45.60462" lon="9.269242"><ele>180.0</ele></rtept><rtept lat="45.604595" lon="9.269252"><ele>180.0</ele></rtept><rtept lat="45.604572" lon="9.269262"><ele>180.0</ele></rtept><rtept lat="45.60454" lon="9.269272"><ele>180.0</ele></rtept><rtept lat="45.60452" lon="9.269277"><ele>180.0</ele></rtept><rtept lat="45.604492" lon="9.269285"><ele>180.0</ele></rtept><rtept lat="45.604465" lon="9.269295"><ele>180.0</ele></rtept><rtept lat="45.604446" lon="9.269302"><ele>180.0</ele></rtept><rtept lat="45.60442" lon="9.269315"><ele>180.0</ele></rtept><rtept lat="45.604393" lon="9.269322"><ele>180.0</ele></rtept><rtept lat="45.604366" lon="9.269327"><ele>180.0</ele></rtept><rtept lat="45.604336" lon="9.269337"><ele>180.0</ele></rtept><rtept lat="45.604305" lon="9.26935"><ele>180.0</ele></rtept><rtept lat="45.60428" lon="9.269362"><ele>180.0</ele></rtept><rtept lat="45.604256" lon="9.269367"><ele>180.0</ele></rtept><rtept lat="45.604225" lon="9.269375"><ele>180.0</ele></rtept><rtept lat="45.6042" lon="9.26938"><ele>180.0</ele></rtept><rtept lat="45.60417" lon="9.269387"><ele>180.0</ele></rtept><rtept lat="45.604145" lon="9.269397"><ele>180.0</ele></rtept><rtept lat="45.60412" lon="9.269402"><ele>180.0</ele></rtept><rtept lat="45.604088" lon="9.269405"><ele>180.0</ele></rtept><rtept lat="45.60406" lon="9.269417"><ele>180.0</ele></rtept><rtept lat="45.604034" lon="9.26943"><ele>180.0</ele></rtept><rtept lat="45.60401" lon="9.269435"><ele>179.0</ele></rtept><rtept lat="45.60398" lon="9.269437"><ele>179.0</ele></rtept><rtept lat="45.60395" lon="9.269442"><ele>179.0</ele></rtept><rtept lat="45.603924" lon="9.269447"><ele>180.0</ele></rtept><rtept lat="45.603893" lon="9.269455"><ele>180.0</ele></rtept><rtept lat="45.603863" lon="9.269462"><ele>180.0</ele></rtept><rtept lat="45.603832" lon="9.269467"><ele>180.0</ele></rtept><rtept lat="45.6038" lon="9.269472"><ele>180.0</ele></rtept><rtept lat="45.603775" lon="9.269477"><ele>180.0</ele></rtept><rtept lat="45.60375" lon="9.269482"><ele>180.0</ele></rtept><rtept lat="45.60372" lon="9.269487"><ele>180.0</ele></rtept><rtept lat="45.60369" lon="9.269495"><ele>180.0</ele></rtept><rtept lat="45.603664" lon="9.269502"><ele>180.0</ele></rtept><rtept lat="45.60364" lon="9.26951"><ele>180.0</ele></rtept><rtept lat="45.603622" lon="9.269517"><ele>179.0</ele></rtept><rtept lat="45.603596" lon="9.269525"><ele>179.0</ele></rtept><rtept lat="45.603565" lon="9.26953"><ele>179.0</ele></rtept><rtept lat="45.603542" lon="9.269537"><ele>179.0</ele></rtept><rtept lat="45.60352" lon="9.269545"><ele>179.0</ele></rtept><rtept lat="45.603497" lon="9.26955"><ele>179.0</ele></rtept><rtept lat="45.603474" lon="9.269557"><ele>179.0</ele></rtept><rtept lat="45.603455" lon="9.269562"><ele>179.0</ele></rtept><rtept lat="45.60343" lon="9.269567"><ele>179.0</ele></rtept><rtept lat="45.6034" lon="9.269572"><ele>179.0</ele></rtept><rtept lat="45.60337" lon="9.269577"><ele>179.0</ele></rtept><rtept lat="45.603348" lon="9.269583"><ele>179.0</ele></rtept><rtept lat="45.603313" lon="9.269595"><ele>179.0</ele></rtept><rtept lat="45.603287" lon="9.269602"><ele>179.0</ele></rtept><rtept lat="45.603256" lon="9.26961"><ele>179.0</ele></rtept><rtept lat="45.603233" lon="9.269615"><ele>179.0</ele></rtept><rtept lat="45.603203" lon="9.269617"><ele>179.0</ele></rtept><rtept lat="45.603172" lon="9.269622"><ele>179.0</ele></rtept><rtept lat="45.603146" lon="9.26963"><ele>179.0</ele></rtept><rtept lat="45.603123" lon="9.269635"><ele>179.0</ele></rtept><rtept lat="45.603096" lon="9.269645"><ele>179.0</ele></rtept><rtept lat="45.603073" lon="9.269657"><ele>179.0</ele></rtept><rtept lat="45.603046" lon="9.269667"><ele>179.0</ele></rtept><rtept lat="45.603024" lon="9.269672"><ele>179.0</ele></rtept><rtept lat="45.602997" lon="9.269677"><ele>179.0</ele></rtept><rtept lat="45.60297" lon="9.269687"><ele>179.0</ele></rtept><rtept lat="45.602947" lon="9.269692"><ele>179.0</ele></rtept><rtept lat="45.602917" lon="9.269697"><ele>179.0</ele></rtept><rtept lat="45.60289" lon="9.269705"><ele>179.0</ele></rtept><rtept lat="45.602867" lon="9.269712"><ele>179.0</ele></rtept><rtept lat="45.60284" lon="9.269722"><ele>179.0</ele></rtept><rtept lat="45.602814" lon="9.269732"><ele>179.0</ele></rtept><rtept lat="45.60279" lon="9.26974"><ele>179.0</ele></rtept><rtept lat="45.60277" lon="9.269752"><ele>179.0</ele></rtept><rtept lat="45.60275" lon="9.269762"><ele>179.0</ele></rtept><rtept lat="45.602722" lon="9.26977"><ele>179.0</ele></rtept><rtept lat="45.602695" lon="9.269777"><ele>179.0</ele></rtept><rtept lat="45.602673" lon="9.269787"><ele>179.0</ele></rtept><rtept lat="45.602646" lon="9.269792"><ele>179.0</ele></rtept><rtept lat="45.602623" lon="9.269802"><ele>179.0</ele></rtept><rtept lat="45.602592" lon="9.26981"><ele>179.0</ele></rtept><rtept lat="45.602566" lon="9.269822"><ele>179.0</ele></rtept><rtept lat="45.602535" lon="9.26983"><ele>179.0</ele></rtept><rtept lat="45.60251" lon="9.269835"><ele>179.0</ele></rtept><rtept lat="45.602486" lon="9.269842"><ele>179.0</ele></rtept><rtept lat="45.602455" lon="9.26985"><ele>179.0</ele></rtept><rtept lat="45.602432" lon="9.26986"><ele>179.0</ele></rtept><rtept lat="45.602406" lon="9.269872"><ele>179.0</ele></rtept><rtept lat="45.602383" lon="9.26988"><ele>179.0</ele></rtept><rtept lat="45.602356" lon="9.269887"><ele>179.0</ele></rtept><rtept lat="45.602337" lon="9.269895"><ele>179.0</ele></rtept><rtept lat="45.60231" lon="9.269902"><ele>179.0</ele></rtept><rtept lat="45.602287" lon="9.26991"><ele>179.0</ele></rtept><rtept lat="45.602257" lon="9.269917"><ele>179.0</ele></rtept><rtept lat="45.602226" lon="9.269922"><ele>179.0</ele></rtept><rtept lat="45.602196" lon="9.26993"><ele>179.0</ele></rtept><rtept lat="45.602173" lon="9.269932"><ele>179.0</ele></rtept><rtept lat="45.602146" lon="9.269942"><ele>179.0</ele></rtept><rtept lat="45.602116" lon="9.26995"><ele>179.0</ele></rtept><rtept lat="45.602085" lon="9.269955"><ele>179.0</ele></rtept><rtept lat="45.60206" lon="9.269962"><ele>179.0</ele></rtept><rtept lat="45.602036" lon="9.269967"><ele>178.0</ele></rtept><rtept lat="45.602013" lon="9.269977"><ele>179.0</ele></rtept><rtept lat="45.601986" lon="9.269987"><ele>179.0</ele></rtept><rtept lat="45.60196" lon="9.269995"><ele>179.0</ele></rtept><rtept lat="45.601936" lon="9.270002"><ele>179.0</ele></rtept><rtept lat="45.601913" lon="9.270012"><ele>178.0</ele></rtept><rtept lat="45.60189" lon="9.27002"><ele>178.0</ele></rtept><rtept lat="45.601864" lon="9.270027"><ele>178.0</ele></rtept><rtept lat="45.60184" lon="9.27003"><ele>178.0</ele></rtept><rtept lat="45.60181" lon="9.270037"><ele>178.0</ele></rtept><rtept lat="45.601784" lon="9.270047"><ele>178.0</ele></rtept><rtept lat="45.601757" lon="9.270057"><ele>178.0</ele></rtept><rtept lat="45.60173" lon="9.270067"><ele>178.0</ele></rtept><rtept lat="45.601707" lon="9.270075"><ele>178.0</ele></rtept><rtept lat="45.60168" lon="9.270085"><ele>178.0</ele></rtept><rtept lat="45.60166" lon="9.270097"><ele>178.0</ele></rtept><rtept lat="45.601635" lon="9.270102"><ele>178.0</ele></rtept><rtept lat="45.60161" lon="9.270112"><ele>178.0</ele></rtept><rtept lat="45.601578" lon="9.27012"><ele>178.0</ele></rtept><rtept lat="45.601547" lon="9.270127"><ele>178.0</ele></rtept><rtept lat="45.601517" lon="9.270137"><ele>178.0</ele></rtept><rtept lat="45.601494" lon="9.270145"><ele>178.0</ele></rtept><rtept lat="45.601463" lon="9.270152"><ele>178.0</ele></rtept><rtept lat="45.601437" lon="9.270157"><ele>178.0</ele></rtept><rtept lat="45.60141" lon="9.270162"><ele>178.0</ele></rtept><rtept lat="45.601383" lon="9.270167"><ele>178.0</ele></rtept><rtept lat="45.60136" lon="9.27018"><ele>178.0</ele></rtept><rtept lat="45.601334" lon="9.270188"><ele>178.0</ele></rtept><rtept lat="45.60131" lon="9.270197"><ele>178.0</ele></rtept><rtept lat="45.60128" lon="9.270202"><ele>178.0</ele></rtept><rtept lat="45.601257" lon="9.27021"><ele>178.0</ele></rtept><rtept lat="45.60123" lon="9.270217"><ele>178.0</ele></rtept><rtept lat="45.601204" lon="9.270227"><ele>178.0</ele></rtept><rtept lat="45.60118" lon="9.270232"><ele>178.0</ele></rtept><rtept lat="45.60115" lon="9.270247"><ele>178.0</ele></rtept><rtept lat="45.601128" lon="9.270252"><ele>178.0</ele></rtept><rtept lat="45.601097" lon="9.270257"><ele>178.0</ele></rtept><rtept lat="45.60107" lon="9.270267"><ele>178.0</ele></rtept><rtept lat="45.601048" lon="9.270277"><ele>178.0</ele></rtept><rtept lat="45.601017" lon="9.270282"><ele>178.0</ele></rtept><rtept lat="45.600986" lon="9.270287"><ele>178.0</ele></rtept><rtept lat="45.60096" lon="9.270295"><ele>178.0</ele></rtept><rtept lat="45.600933" lon="9.270302"><ele>178.0</ele></rtept><rtept lat="45.600906" lon="9.270307"><ele>178.0</ele></rtept><rtept lat="45.600876" lon="9.27031"><ele>178.0</ele></rtept><rtept lat="45.600845" lon="9.270315"><ele>178.0</ele></rtept><rtept lat="45.60082" lon="9.270317"><ele>178.0</ele></rtept><rtept lat="45.600792" lon="9.270315"><ele>178.0</ele></rtept><rtept lat="45.600765" lon="9.270317"><ele>178.0</ele></rtept><rtept lat="45.60074" lon="9.270317"><ele>178.0</ele></rtept><rtept lat="45.60071" lon="9.270327"><ele>178.0</ele></rtept><rtept lat="45.600685" lon="9.270342"><ele>178.0</ele></rtept><rtept lat="45.600662" lon="9.27035"><ele>178.0</ele></rtept><rtept lat="45.60064" lon="9.27036"><ele>178.0</ele></rtept><rtept lat="45.600616" lon="9.270372"><ele>178.0</ele></rtept><rtept lat="45.600594" lon="9.270382"><ele>178.0</ele></rtept><rtept lat="45.600567" lon="9.270392"><ele>178.0</ele></rtept><rtept lat="45.60054" lon="9.270402"><ele>178.0</ele></rtept><rtept lat="45.600513" lon="9.270412"><ele>178.0</ele></rtept><rtept lat="45.60048" lon="9.270422"><ele>178.0</ele></rtept><rtept lat="45.600452" lon="9.270425"><ele>178.0</ele></rtept><rtept lat="45.60042" lon="9.270432"><ele>178.0</ele></rtept><rtept lat="45.600395" lon="9.270442"><ele>178.0</ele></rtept><rtept lat="45.60037" lon="9.270442"><ele>178.0</ele></rtept><rtept lat="45.60034" lon="9.270447"><ele>178.0</ele></rtept><rtept lat="45.600315" lon="9.270452"><ele>178.0</ele></rtept><rtept lat="45.600296" lon="9.270457"><ele>178.0</ele></rtept><rtept lat="45.600273" lon="9.27046"><ele>178.0</ele></rtept><rtept lat="45.60025" lon="9.270472"><ele>178.0</ele></rtept><rtept lat="45.60023" lon="9.270473"><ele>178.0</ele></rtept><rtept lat="45.60021" lon="9.27048"><ele>178.0</ele></rtept><rtept lat="45.600185" lon="9.270487"><ele>178.0</ele></rtept><rtept lat="45.600166" lon="9.270502"><ele>178.0</ele></rtept><rtept lat="45.600147" lon="9.270502"><ele>178.0</ele></rtept><rtept lat="45.60013" lon="9.270505"><ele>178.0</ele></rtept><rtept lat="45.6001" lon="9.270517"><ele>178.0</ele></rtept><rtept lat="45.60008" lon="9.270527"><ele>178.0</ele></rtept><rtept lat="45.600056" lon="9.270535"><ele>178.0</ele></rtept><rtept lat="45.600033" lon="9.270547"><ele>177.0</ele></rtept><rtept lat="45.60001" lon="9.270557"><ele>177.0</ele></rtept><rtept lat="45.599983" lon="9.270567"><ele>177.0</ele></rtept><rtept lat="45.599957" lon="9.270568"><ele>177.0</ele></rtept><rtept lat="45.599934" lon="9.270577"><ele>177.0</ele></rtept><rtept lat="45.59991" lon="9.270587"><ele>177.0</ele></rtept><rtept lat="45.599888" lon="9.270597"><ele>177.0</ele></rtept><rtept lat="45.599865" lon="9.27061"><ele>177.0</ele></rtept><rtept lat="45.599842" lon="9.270617"><ele>177.0</ele></rtept><rtept lat="45.599815" lon="9.27062"><ele>177.0</ele></rtept><rtept lat="45.599796" lon="9.270627"><ele>177.0</ele></rtept><rtept lat="45.599773" lon="9.270637"><ele>177.0</ele></rtept><rtept lat="45.59975" lon="9.270647"><ele>177.0</ele></rtept><rtept lat="45.599728" lon="9.27065"><ele>177.0</ele></rtept><rtept lat="45.5997" lon="9.270655"><ele>177.0</ele></rtept><rtept lat="45.599678" lon="9.270657"><ele>177.0</ele></rtept><rtept lat="45.599648" lon="9.270663"><ele>177.0</ele></rtept><rtept lat="45.59962" lon="9.270667"><ele>177.0</ele></rtept><rtept lat="45.599598" lon="9.270677"><ele>177.0</ele></rtept><rtept lat="45.599564" lon="9.270697"><ele>177.0</ele></rtept><rtept lat="45.599537" lon="9.270705"><ele>177.0</ele></rtept><rtept lat="45.59951" lon="9.27071"><ele>177.0</ele></rtept><rtept lat="45.599483" lon="9.270717"><ele>177.0</ele></rtept><rtept lat="45.59946" lon="9.270725"><ele>177.0</ele></rtept><rtept lat="45.599434" lon="9.270737"><ele>177.0</ele></rtept><rtept lat="45.59941" lon="9.27075"><ele>177.0</ele></rtept><rtept lat="45.59939" lon="9.270757"><ele>177.0</ele></rtept><rtept lat="45.599365" lon="9.270757"><ele>177.0</ele></rtept><rtept lat="45.59934" lon="9.270767"><ele>177.0</ele></rtept><rtept lat="45.59931" lon="9.270777"><ele>177.0</ele></rtept><rtept lat="45.59928" lon="9.270785"><ele>177.0</ele></rtept><rtept lat="45.599255" lon="9.270792"><ele>177.0</ele></rtept><rtept lat="45.599228" lon="9.2708"><ele>177.0</ele></rtept><rtept lat="45.5992" lon="9.270805"><ele>177.0</ele></rtept><rtept lat="45.59917" lon="9.270812"><ele>177.0</ele></rtept><rtept lat="45.599144" lon="9.270817"><ele>177.0</ele></rtept><rtept lat="45.599117" lon="9.270817"><ele>177.0</ele></rtept><rtept lat="45.599087" lon="9.270822"><ele>177.0</ele></rtept><rtept lat="45.599064" lon="9.27083"><ele>177.0</ele></rtept><rtept lat="45.599037" lon="9.270837"><ele>177.0</ele></rtept><rtept lat="45.59901" lon="9.27085"><ele>177.0</ele></rtept><rtept lat="45.598988" lon="9.270862"><ele>177.0</ele></rtept><rtept lat="45.59896" lon="9.270867"><ele>177.0</ele></rtept><rtept lat="45.598934" lon="9.270872"><ele>177.0</ele></rtept><rtept lat="45.598904" lon="9.270887"><ele>177.0</ele></rtept><rtept lat="45.598877" lon="9.2709"><ele>177.0</ele></rtept><rtept lat="45.59885" lon="9.27091"><ele>177.0</ele></rtept><rtept lat="45.598824" lon="9.270917"><ele>177.0</ele></rtept><rtept lat="45.598793" lon="9.270922"><ele>176.0</ele></rtept><rtept lat="45.598766" lon="9.270927"><ele>176.0</ele></rtept><rtept lat="45.598743" lon="9.270937"><ele>176.0</ele></rtept><rtept lat="45.598713" lon="9.270947"><ele>176.0</ele></rtept><rtept lat="45.598686" lon="9.27096"><ele>176.0</ele></rtept><rtept lat="45.598663" lon="9.270967"><ele>176.0</ele></rtept><rtept lat="45.598637" lon="9.270975"><ele>176.0</ele></rtept><rtept lat="45.598614" lon="9.270982"><ele>176.0</ele></rtept><rtept lat="45.59859" lon="9.270992"><ele>176.0</ele></rtept><rtept lat="45.598568" lon="9.270997"><ele>176.0</ele></rtept><rtept lat="45.59854" lon="9.271002"><ele>176.0</ele></rtept><rtept lat="45.598515" lon="9.271007"><ele>176.0</ele></rtept><rtept lat="45.598488" lon="9.271015"><ele>176.0</ele></rtept><rtept lat="45.59847" lon="9.271025"><ele>176.0</ele></rtept><rtept lat="45.59844" lon="9.271027"><ele>176.0</ele></rtept><rtept lat="45.598415" lon="9.271037"><ele>176.0</ele></rtept><rtept lat="45.59839" lon="9.271047"><ele>176.0</ele></rtept><rtept lat="45.59836" lon="9.271057"><ele>176.0</ele></rtept><rtept lat="45.59833" lon="9.271067"><ele>176.0</ele></rtept><rtept lat="45.5983" lon="9.271077"><ele>176.0</ele></rtept><rtept lat="45.59827" lon="9.271077"><ele>176.0</ele></rtept><rtept lat="45.598248" lon="9.271085"><ele>176.0</ele></rtept><rtept lat="45.598217" lon="9.27109"><ele>176.0</ele></rtept><rtept lat="45.59819" lon="9.271092"><ele>176.0</ele></rtept><rtept lat="45.598164" lon="9.2711"><ele>176.0</ele></rtept><rtept lat="45.598137" lon="9.271102"><ele>176.0</ele></rtept><rtept lat="45.598106" lon="9.271107"><ele>176.0</ele></rtept><rtept lat="45.598076" lon="9.271112"><ele>176.0</ele></rtept><rtept lat="45.59805" lon="9.271117"><ele>176.0</ele></rtept><rtept lat="45.59802" lon="9.27113"><ele>176.0</ele></rtept><rtept lat="45.59799" lon="9.271142"><ele>176.0</ele></rtept><rtept lat="45.59796" lon="9.271147"><ele>176.0</ele></rtept><rtept lat="45.59793" lon="9.271162"><ele>176.0</ele></rtept><rtept lat="45.5979" lon="9.271173"><ele>176.0</ele></rtept><rtept lat="45.597874" lon="9.27118"><ele>176.0</ele></rtept><rtept lat="45.59785" lon="9.271182"><ele>176.0</ele></rtept><rtept lat="45.597828" lon="9.271192"><ele>176.0</ele></rtept><rtept lat="45.5978" lon="9.271202"><ele>176.0</ele></rtept><rtept lat="45.59778" lon="9.271215"><ele>176.0</ele></rtept><rtept lat="45.597755" lon="9.271232"><ele>176.0</ele></rtept><rtept lat="45.597733" lon="9.271247"><ele>176.0</ele></rtept><rtept lat="45.597713" lon="9.271257"><ele>176.0</ele></rtept><rtept lat="45.597683" lon="9.27128"><ele>176.0</ele></rtept><rtept lat="45.597656" lon="9.271305"><ele>176.0</ele></rtept><rtept lat="45.59764" lon="9.271327"><ele>176.0</ele></rtept><rtept lat="45.597633" lon="9.271362"><ele>176.0</ele></rtept><rtept lat="45.597633" lon="9.2714"><ele>176.0</ele></rtept><rtept lat="45.597633" lon="9.271432"><ele>176.0</ele></rtept><rtept lat="45.597626" lon="9.271467"><ele>176.0</ele></rtept><rtept lat="45.59761" lon="9.271497"><ele>176.0</ele></rtept><rtept lat="45.59759" lon="9.271522"><ele>176.0</ele></rtept><rtept lat="45.597576" lon="9.271545"><ele>176.0</ele></rtept><rtept lat="45.59756" lon="9.271575"><ele>176.0</ele></rtept><rtept lat="45.59754" lon="9.27161"><ele>176.0</ele></rtept><rtept lat="45.59753" lon="9.27164"><ele>176.0</ele></rtept><rtept lat="45.597527" lon="9.271675"><ele>175.0</ele></rtept><rtept lat="45.597523" lon="9.271717"><ele>175.0</ele></rtept><rtept lat="45.597523" lon="9.271752"><ele>175.0</ele></rtept><rtept lat="45.597523" lon="9.271787"><ele>175.0</ele></rtept><rtept lat="45.597515" lon="9.271822"><ele>175.0</ele></rtept><rtept lat="45.597527" lon="9.271862"><ele>175.0</ele></rtept><rtept lat="45.597527" lon="9.271895"><ele>175.0</ele></rtept><rtept lat="45.597534" lon="9.27193"><ele>175.0</ele></rtept><rtept lat="45.59754" lon="9.271967"><ele>175.0</ele></rtept><rtept lat="45.59754" lon="9.272002"><ele>175.0</ele></rtept><rtept lat="45.59754" lon="9.272042"><ele>175.0</ele></rtept><rtept lat="45.597546" lon="9.272077"><ele>175.0</ele></rtept><rtept lat="45.597553" lon="9.272112"><ele>175.0</ele></rtept><rtept lat="45.597557" lon="9.272157"><ele>175.0</ele></rtept><rtept lat="45.59757" lon="9.272202"><ele>175.0</ele></rtept><rtept lat="45.597572" lon="9.272237"><ele>175.0</ele></rtept><rtept lat="45.597584" lon="9.272272"><ele>175.0</ele></rtept><rtept lat="45.59759" lon="9.272305"><ele>175.0</ele></rtept><rtept lat="45.597595" lon="9.272347"><ele>175.0</ele></rtept><rtept lat="45.5976" lon="9.27238"><ele>175.0</ele></rtept><rtept lat="45.597607" lon="9.272412"><ele>175.0</ele></rtept><rtept lat="45.59761" lon="9.272442"><ele>175.0</ele></rtept><rtept lat="45.597622" lon="9.272477"><ele>176.0</ele></rtept><rtept lat="45.597626" lon="9.272512"><ele>176.0</ele></rtept><rtept lat="45.597633" lon="9.272545"><ele>176.0</ele></rtept><rtept lat="45.59764" lon="9.272577"><ele>176.0</ele></rtept><rtept lat="45.597645" lon="9.272612"><ele>176.0</ele></rtept><rtept lat="45.59765" lon="9.272652"><ele>176.0</ele></rtept><rtept lat="45.597652" lon="9.272687"><ele>176.0</ele></rtept><rtept lat="45.59766" lon="9.272722"><ele>176.0</ele></rtept><rtept lat="45.597664" lon="9.272752"><ele>176.0</ele></rtept><rtept lat="45.597668" lon="9.272787"><ele>176.0</ele></rtept><rtept lat="45.59767" lon="9.272822"><ele>176.0</ele></rtept><rtept lat="45.59768" lon="9.272862"><ele>176.0</ele></rtept><rtept lat="45.59769" lon="9.272897"><ele>176.0</ele></rtept><rtept lat="45.597702" lon="9.272932"><ele>176.0</ele></rtept><rtept lat="45.597717" lon="9.272962"><ele>176.0</ele></rtept><rtept lat="45.597733" lon="9.272992"><ele>176.0</ele></rtept><rtept lat="45.59774" lon="9.27303"><ele>176.0</ele></rtept><rtept lat="45.597755" lon="9.27307"><ele>176.0</ele></rtept><rtept lat="45.597767" lon="9.27311"><ele>176.0</ele></rtept><rtept lat="45.59777" lon="9.273147"><ele>176.0</ele></rtept><rtept lat="45.597775" lon="9.273182"><ele>176.0</ele></rtept><rtept lat="45.597775" lon="9.273222"><ele>176.0</ele></rtept><rtept lat="45.59777" lon="9.273262"><ele>176.0</ele></rtept><rtept lat="45.59777" lon="9.2733"><ele>176.0</ele></rtept><rtept lat="45.59777" lon="9.273337"><ele>176.0</ele></rtept><rtept lat="45.59778" lon="9.273375"><ele>176.0</ele></rtept><rtept lat="45.597782" lon="9.27341"><ele>176.0</ele></rtept><rtept lat="45.597794" lon="9.273442"><ele>176.0</ele></rtept><rtept lat="45.5978" lon="9.27347"><ele>176.0</ele></rtept><rtept lat="45.59781" lon="9.273505"><ele>176.0</ele></rtept><rtept lat="45.597816" lon="9.273547"><ele>176.0</ele></rtept><rtept lat="45.59782" lon="9.273585"><ele>176.0</ele></rtept><rtept lat="45.59783" lon="9.273622"><ele>176.0</ele></rtept><rtept lat="45.597843" lon="9.273652"><ele>176.0</ele></rtept><rtept lat="45.597847" lon="9.273692"><ele>176.0</ele></rtept><rtept lat="45.59785" lon="9.273732"><ele>176.0</ele></rtept><rtept lat="45.59786" lon="9.27377"><ele>176.0</ele></rtept><rtept lat="45.597862" lon="9.273807"><ele>176.0</ele></rtept><rtept lat="45.597866" lon="9.27384"><ele>176.0</ele></rtept><rtept lat="45.597874" lon="9.273872"><ele>176.0</ele></rtept><rtept lat="45.597878" lon="9.27391"><ele>176.0</ele></rtept><rtept lat="45.597885" lon="9.273945"><ele>176.0</ele></rtept><rtept lat="45.597893" lon="9.273977"><ele>176.0</ele></rtept><rtept lat="45.597897" lon="9.274017"><ele>176.0</ele></rtept><rtept lat="45.597897" lon="9.274052"><ele>176.0</ele></rtept><rtept lat="45.5979" lon="9.274087"><ele>176.0</ele></rtept><rtept lat="45.5979" lon="9.274127"><ele>176.0</ele></rtept><rtept lat="45.5979" lon="9.274165"><ele>176.0</ele></rtept><rtept lat="45.5979" lon="9.274202"><ele>176.0</ele></rtept><rtept lat="45.5979" lon="9.274242"><ele>176.0</ele></rtept><rtept lat="45.5979" lon="9.27428"><ele>176.0</ele></rtept><rtept lat="45.597908" lon="9.274318"><ele>176.0</ele></rtept><rtept lat="45.59791" lon="9.274357"><ele>176.0</ele></rtept><rtept lat="45.59791" lon="9.274392"><ele>176.0</ele></rtept><rtept lat="45.59791" lon="9.274422"><ele>176.0</ele></rtept><rtept lat="45.59791" lon="9.274457"><ele>176.0</ele></rtept><rtept lat="45.597916" lon="9.274492"><ele>177.0</ele></rtept><rtept lat="45.597927" lon="9.274527"><ele>177.0</ele></rtept><rtept lat="45.59793" lon="9.27456"><ele>177.0</ele></rtept><rtept lat="45.59794" lon="9.274595"><ele>177.0</ele></rtept><rtept lat="45.597942" lon="9.274627"><ele>177.0</ele></rtept><rtept lat="45.597954" lon="9.274657"><ele>177.0</ele></rtept><rtept lat="45.59796" lon="9.27469"><ele>177.0</ele></rtept><rtept lat="45.597965" lon="9.274727"><ele>177.0</ele></rtept><rtept lat="45.59797" lon="9.274765"><ele>177.0</ele></rtept><rtept lat="45.597973" lon="9.274797"><ele>177.0</ele></rtept><rtept lat="45.597977" lon="9.274837"><ele>177.0</ele></rtept><rtept lat="45.59798" lon="9.274877"><ele>177.0</ele></rtept><rtept lat="45.59798" lon="9.274915"><ele>177.0</ele></rtept><rtept lat="45.59798" lon="9.274957"><ele>177.0</ele></rtept><rtept lat="45.59799" lon="9.274997"><ele>177.0</ele></rtept><rtept lat="45.598003" lon="9.275032"><ele>177.0</ele></rtept><rtept lat="45.59801" lon="9.275072"><ele>177.0</ele></rtept><rtept lat="45.598022" lon="9.275107"><ele>177.0</ele></rtept><rtept lat="45.598034" lon="9.275142"><ele>177.0</ele></rtept><rtept lat="45.598053" lon="9.27517"><ele>177.0</ele></rtept><rtept lat="45.59806" lon="9.275195"><ele>177.0</ele></rtept><rtept lat="45.598076" lon="9.275222"><ele>177.0</ele></rtept><rtept lat="45.598087" lon="9.27527"><ele>177.0</ele></rtept><rtept lat="45.59809" lon="9.275302"><ele>177.0</ele></rtept><rtept lat="45.5981" lon="9.275342"><ele>177.0</ele></rtept><rtept lat="45.5981" lon="9.275382"><ele>177.0</ele></rtept><rtept lat="45.598103" lon="9.275425"><ele>176.0</ele></rtept><rtept lat="45.598103" lon="9.275457"><ele>176.0</ele></rtept><rtept lat="45.59809" lon="9.275507"><ele>176.0</ele></rtept><rtept lat="45.598083" lon="9.275532"><ele>176.0</ele></rtept><rtept lat="45.59807" lon="9.275552"><ele>176.0</ele></rtept><rtept lat="45.598057" lon="9.275577"><ele>176.0</ele></rtept><rtept lat="45.598045" lon="9.275605"><ele>176.0</ele></rtept><rtept lat="45.59804" lon="9.27564"><ele>176.0</ele></rtept><rtept lat="45.598038" lon="9.275677"><ele>176.0</ele></rtept><rtept lat="45.598038" lon="9.275712"><ele>176.0</ele></rtept><rtept lat="45.598034" lon="9.275747"><ele>176.0</ele></rtept><rtept lat="45.598034" lon="9.275785"><ele>176.0</ele></rtept><rtept lat="45.598034" lon="9.275817"><ele>176.0</ele></rtept><rtept lat="45.598038" lon="9.275855"><ele>176.0</ele></rtept><rtept lat="45.598034" lon="9.275892"><ele>176.0</ele></rtept><rtept lat="45.59803" lon="9.27593"><ele>176.0</ele></rtept><rtept lat="45.598022" lon="9.275972"><ele>176.0</ele></rtept><rtept lat="45.59802" lon="9.27601"><ele>176.0</ele></rtept><rtept lat="45.59801" lon="9.27605"><ele>176.0</ele></rtept><rtept lat="45.598003" lon="9.27609"><ele>176.0</ele></rtept><rtept lat="45.597992" lon="9.276122"><ele>176.0</ele></rtept><rtept lat="45.59799" lon="9.276152"><ele>176.0</ele></rtept><rtept lat="45.597977" lon="9.276182"><ele>176.0</ele></rtept><rtept lat="45.597973" lon="9.276217"><ele>176.0</ele></rtept><rtept lat="45.597965" lon="9.276247"><ele>176.0</ele></rtept><rtept lat="45.59796" lon="9.276277"><ele>176.0</ele></rtept><rtept lat="45.597954" lon="9.276307"><ele>176.0</ele></rtept><rtept lat="45.597942" lon="9.27634"><ele>176.0</ele></rtept><rtept lat="45.59794" lon="9.276375"><ele>176.0</ele></rtept><rtept lat="45.59793" lon="9.276412"><ele>176.0</ele></rtept><rtept lat="45.597923" lon="9.276445"><ele>176.0</ele></rtept><rtept lat="45.59791" lon="9.276478"><ele>176.0</ele></rtept><rtept lat="45.597897" lon="9.276515"><ele>176.0</ele></rtept><rtept lat="45.597878" lon="9.27655"><ele>176.0</ele></rtept><rtept lat="45.597862" lon="9.276582"><ele>176.0</ele></rtept><rtept lat="45.59785" lon="9.276615"><ele>176.0</ele></rtept><rtept lat="45.597843" lon="9.27665"><ele>175.0</ele></rtept><rtept lat="45.59783" lon="9.276677"><ele>175.0</ele></rtept><rtept lat="45.59782" lon="9.276702"><ele>175.0</ele></rtept><rtept lat="45.597813" lon="9.276727"><ele>175.0</ele></rtept><rtept lat="45.597805" lon="9.276757"><ele>175.0</ele></rtept><rtept lat="45.597797" lon="9.276792"><ele>174.0</ele></rtept><rtept lat="45.597794" lon="9.276827"><ele>174.0</ele></rtept><rtept lat="45.597786" lon="9.276862"><ele>173.0</ele></rtept><rtept lat="45.59778" lon="9.276902"><ele>173.0</ele></rtept><rtept lat="45.597767" lon="9.276942"><ele>173.0</ele></rtept><rtept lat="45.597755" lon="9.276977"><ele>172.0</ele></rtept><rtept lat="45.597744" lon="9.277017"><ele>172.0</ele></rtept><rtept lat="45.597736" lon="9.277048"><ele>172.0</ele></rtept><rtept lat="45.597725" lon="9.277083"><ele>171.0</ele></rtept><rtept lat="45.597717" lon="9.277127"><ele>171.0</ele></rtept><rtept lat="45.59771" lon="9.277165"><ele>171.0</ele></rtept><rtept lat="45.597706" lon="9.277207"><ele>171.0</ele></rtept><rtept lat="45.5977" lon="9.277242"><ele>171.0</ele></rtept><rtept lat="45.597694" lon="9.27728"><ele>171.0</ele></rtept><rtept lat="45.597687" lon="9.27732"><ele>170.0</ele></rtept><rtept lat="45.59768" lon="9.277357"><ele>170.0</ele></rtept><rtept lat="45.59767" lon="9.277395"><ele>170.0</ele></rtept><rtept lat="45.597664" lon="9.27743"><ele>170.0</ele></rtept><rtept lat="45.597652" lon="9.277463"><ele>170.0</ele></rtept><rtept lat="45.597637" lon="9.277502"><ele>170.0</ele></rtept><rtept lat="45.59762" lon="9.277532"><ele>170.0</ele></rtept><rtept lat="45.597603" lon="9.277565"><ele>170.0</ele></rtept><rtept lat="45.597584" lon="9.277592"><ele>169.0</ele></rtept><rtept lat="45.59756" lon="9.27762"><ele>169.0</ele></rtept><rtept lat="45.59754" lon="9.277645"><ele>169.0</ele></rtept><rtept lat="45.597515" lon="9.277667"><ele>169.0</ele></rtept><rtept lat="45.597492" lon="9.277682"><ele>169.0</ele></rtept><rtept lat="45.597466" lon="9.2777"><ele>168.0</ele></rtept><rtept lat="45.597443" lon="9.277712"><ele>168.0</ele></rtept><rtept lat="45.597416" lon="9.27773"><ele>168.0</ele></rtept><rtept lat="45.597393" lon="9.277747"><ele>168.0</ele></rtept><rtept lat="45.59737" lon="9.27777"><ele>168.0</ele></rtept><rtept lat="45.59735" lon="9.277797"><ele>168.0</ele></rtept><rtept lat="45.597332" lon="9.277822"><ele>168.0</ele></rtept><rtept lat="45.59731" lon="9.277847"><ele>168.0</ele></rtept><rtept lat="45.597286" lon="9.277865"><ele>168.0</ele></rtept><rtept lat="45.597263" lon="9.277887"><ele>168.0</ele></rtept><rtept lat="45.59724" lon="9.27791"><ele>168.0</ele></rtept><rtept lat="45.59722" lon="9.27793"><ele>168.0</ele></rtept><rtept lat="45.5972" lon="9.277947"><ele>168.0</ele></rtept><rtept lat="45.59717" lon="9.277962"><ele>168.0</ele></rtept><rtept lat="45.59715" lon="9.277977"><ele>168.0</ele></rtept><rtept lat="45.597122" lon="9.277995"><ele>168.0</ele></rtept><rtept lat="45.597103" lon="9.278012"><ele>168.0</ele></rtept><rtept lat="45.597076" lon="9.278033"><ele>168.0</ele></rtept><rtept lat="45.59706" lon="9.27806"><ele>168.0</ele></rtept><rtept lat="45.597046" lon="9.278092"><ele>168.0</ele></rtept><rtept lat="45.59703" lon="9.278125"><ele>168.0</ele></rtept><rtept lat="45.597015" lon="9.278157"><ele>169.0</ele></rtept><rtept lat="45.597008" lon="9.278192"><ele>169.0</ele></rtept><rtept lat="45.597" lon="9.27823"><ele>169.0</ele></rtept><rtept lat="45.596996" lon="9.278265"><ele>169.0</ele></rtept><rtept lat="45.59699" lon="9.278302"><ele>169.0</ele></rtept><rtept lat="45.596973" lon="9.278337"><ele>169.0</ele></rtept><rtept lat="45.59696" lon="9.27837"><ele>169.0</ele></rtept><rtept lat="45.596943" lon="9.278405"><ele>169.0</ele></rtept><rtept lat="45.59693" lon="9.278442"><ele>169.0</ele></rtept><rtept lat="45.596916" lon="9.278482"><ele>169.0</ele></rtept><rtept lat="45.596905" lon="9.278517"><ele>169.0</ele></rtept><rtept lat="45.59689" lon="9.278547"><ele>169.0</ele></rtept><rtept lat="45.59687" lon="9.278575"><ele>169.0</ele></rtept><rtept lat="45.59685" lon="9.278602"><ele>169.0</ele></rtept><rtept lat="45.596836" lon="9.278627"><ele>169.0</ele></rtept><rtept lat="45.596813" lon="9.278652"><ele>169.0</ele></rtept><rtept lat="45.59679" lon="9.27867"><ele>169.0</ele></rtept><rtept lat="45.596767" lon="9.27868"><ele>169.0</ele></rtept><rtept lat="45.59674" lon="9.278687"><ele>169.0</ele></rtept><rtept lat="45.596718" lon="9.278687"><ele>169.0</ele></rtept><rtept lat="45.59669" lon="9.278692"><ele>169.0</ele></rtept><rtept lat="45.596664" lon="9.27869"><ele>169.0</ele></rtept><rtept lat="45.596638" lon="9.278687"><ele>169.0</ele></rtept><rtept lat="45.59661" lon="9.278677"><ele>169.0</ele></rtept><rtept lat="45.59658" lon="9.278665"><ele>169.0</ele></rtept><rtept lat="45.596554" lon="9.278655"><ele>169.0</ele></rtept><rtept lat="45.59653" lon="9.278647"><ele>169.0</ele></rtept><rtept lat="45.5965" lon="9.278637"><ele>169.0</ele></rtept><rtept lat="45.596478" lon="9.278625"><ele>169.0</ele></rtept><rtept lat="45.59645" lon="9.27861"><ele>169.0</ele></rtept><rtept lat="45.596436" lon="9.278592"><ele>169.0</ele></rtept><rtept lat="45.596413" lon="9.27858"><ele>169.0</ele></rtept><rtept lat="45.596386" lon="9.278577"><ele>169.0</ele></rtept><rtept lat="45.596363" lon="9.278587"><ele>169.0</ele></rtept><rtept lat="45.59634" lon="9.278607"><ele>169.0</ele></rtept><rtept lat="45.59632" lon="9.278632"><ele>169.0</ele></rtept><rtept lat="45.596294" lon="9.278652"><ele>169.0</ele></rtept><rtept lat="45.59627" lon="9.278682"><ele>169.0</ele></rtept><rtept lat="45.596252" lon="9.278707"><ele>169.0</ele></rtept><rtept lat="45.596233" lon="9.278733"><ele>169.0</ele></rtept><rtept lat="45.596207" lon="9.27876"><ele>169.0</ele></rtept><rtept lat="45.596188" lon="9.278782"><ele>169.0</ele></rtept><rtept lat="45.596165" lon="9.278805"><ele>169.0</ele></rtept><rtept lat="45.596146" lon="9.278828"><ele>169.0</ele></rtept><rtept lat="45.596127" lon="9.278862"><ele>169.0</ele></rtept><rtept lat="45.596107" lon="9.278887"><ele>169.0</ele></rtept><rtept lat="45.59609" lon="9.278912"><ele>169.0</ele></rtept><rtept lat="45.59607" lon="9.278937"><ele>169.0</ele></rtept><rtept lat="45.59605" lon="9.278962"><ele>169.0</ele></rtept><rtept lat="45.59604" lon="9.27899"><ele>169.0</ele></rtept><rtept lat="45.596016" lon="9.279012"><ele>169.0</ele></rtept><rtept lat="45.596" lon="9.27904"><ele>169.0</ele></rtept><rtept lat="45.59598" lon="9.279072"><ele>169.0</ele></rtept><rtept lat="45.59596" lon="9.279097"><ele>169.0</ele></rtept><rtept lat="45.595932" lon="9.279122"><ele>169.0</ele></rtept><rtept lat="45.595905" lon="9.279142"><ele>169.0</ele></rtept><rtept lat="45.59588" lon="9.279162"><ele>169.0</ele></rtept><rtept lat="45.595856" lon="9.279185"><ele>169.0</ele></rtept><rtept lat="45.595833" lon="9.279202"><ele>169.0</ele></rtept><rtept lat="45.595806" lon="9.279225"><ele>169.0</ele></rtept><rtept lat="45.595783" lon="9.27925"><ele>169.0</ele></rtept><rtept lat="45.59576" lon="9.279267"><ele>169.0</ele></rtept><rtept lat="45.59574" lon="9.27929"><ele>169.0</ele></rtept><rtept lat="45.59572" lon="9.279312"><ele>169.0</ele></rtept><rtept lat="45.59569" lon="9.279332"><ele>169.0</ele></rtept><rtept lat="45.595676" lon="9.279355"><ele>169.0</ele></rtept><rtept lat="45.59565" lon="9.279375"><ele>168.0</ele></rtept><rtept lat="45.595627" lon="9.279395"><ele>168.0</ele></rtept><rtept lat="45.595604" lon="9.279422"><ele>168.0</ele></rtept><rtept lat="45.595585" lon="9.27944"><ele>168.0</ele></rtept><rtept lat="45.595562" lon="9.279457"><ele>168.0</ele></rtept><rtept lat="45.59554" lon="9.279477"><ele>168.0</ele></rtept><rtept lat="45.595524" lon="9.279502"><ele>168.0</ele></rtept><rtept lat="45.595497" lon="9.279528"><ele>168.0</ele></rtept><rtept lat="45.595478" lon="9.279557"><ele>168.0</ele></rtept><rtept lat="45.595455" lon="9.27959"><ele>168.0</ele></rtept><rtept lat="45.59543" lon="9.279615"><ele>168.0</ele></rtept><rtept lat="45.595406" lon="9.279635"><ele>168.0</ele></rtept><rtept lat="45.595383" lon="9.279655"><ele>168.0</ele></rtept><rtept lat="45.59536" lon="9.279675"><ele>168.0</ele></rtept><rtept lat="45.595337" lon="9.279697"><ele>168.0</ele></rtept><rtept lat="45.595318" lon="9.279722"><ele>168.0</ele></rtept><rtept lat="45.595295" lon="9.279747"><ele>168.0</ele></rtept><rtept lat="45.595276" lon="9.279767"><ele>168.0</ele></rtept><rtept lat="45.595253" lon="9.279795"><ele>168.0</ele></rtept><rtept lat="45.59523" lon="9.279822"><ele>168.0</ele></rtept><rtept lat="45.59521" lon="9.27985"><ele>168.0</ele></rtept><rtept lat="45.59519" lon="9.279877"><ele>168.0</ele></rtept><rtept lat="45.595173" lon="9.279907"><ele>167.0</ele></rtept><rtept lat="45.595154" lon="9.279927"><ele>167.0</ele></rtept><rtept lat="45.59514" lon="9.27995"><ele>167.0</ele></rtept><rtept lat="45.595116" lon="9.279972"><ele>167.0</ele></rtept><rtept lat="45.5951" lon="9.279992"><ele>167.0</ele></rtept><rtept lat="45.59508" lon="9.280017"><ele>168.0</ele></rtept><rtept lat="45.59506" lon="9.280038"><ele>168.0</ele></rtept><rtept lat="45.595036" lon="9.280067"><ele>167.0</ele></rtept><rtept lat="45.595013" lon="9.280092"><ele>167.0</ele></rtept><rtept lat="45.59499" lon="9.280112"><ele>167.0</ele></rtept><rtept lat="45.594967" lon="9.280133"><ele>167.0</ele></rtept><rtept lat="45.594936" lon="9.280152"><ele>167.0</ele></rtept><rtept lat="45.594913" lon="9.280162"><ele>167.0</ele></rtept><rtept lat="45.594887" lon="9.280172"><ele>167.0</ele></rtept><rtept lat="45.594864" lon="9.280185"><ele>167.0</ele></rtept><rtept lat="45.59484" lon="9.280205"><ele>167.0</ele></rtept><rtept lat="45.59482" lon="9.280219"><ele>167.0</ele></rtept><rtept lat="45.594822" lon="9.280228"><ele>178.21</ele></rtept><rtept lat="45.594715" lon="9.280321"><ele>178.22</ele></rtept><rtept lat="45.59437" lon="9.280482"><ele>176.69</ele></rtept><rtept lat="45.594322" lon="9.280545"><ele>176.65</ele></rtept><rtept lat="45.594234" lon="9.280558"><ele>176.7</ele></rtept><rtept lat="45.594185" lon="9.280591"><ele>176.74</ele></rtept><rtept lat="45.593987" lon="9.280725"><ele>176.97</ele></rtept><rtept lat="45.593636" lon="9.280801"><ele>176.38</ele></rtept><rtept lat="45.59342" lon="9.280896"><ele>176.16</ele></rtept><rtept lat="45.593426" lon="9.280924"><ele>165.0</ele></rtept><rtept lat="45.593422" lon="9.280925"><ele>165.0</ele></rtept><rtept lat="45.593395" lon="9.280937"><ele>165.0</ele></rtept><rtept lat="45.593372" lon="9.280955"><ele>165.0</ele></rtept><rtept lat="45.593346" lon="9.280975"><ele>165.0</ele></rtept><rtept lat="45.593315" lon="9.280992"><ele>165.0</ele></rtept><rtept lat="45.593292" lon="9.281007"><ele>165.0</ele></rtept><rtept lat="45.593266" lon="9.281022"><ele>165.0</ele></rtept><rtept lat="45.593243" lon="9.281037"><ele>165.0</ele></rtept><rtept lat="45.59322" lon="9.281057"><ele>165.0</ele></rtept><rtept lat="45.5932" lon="9.281083"><ele>165.0</ele></rtept><rtept lat="45.593174" lon="9.281112"><ele>165.0</ele></rtept><rtept lat="45.593143" lon="9.281137"><ele>165.0</ele></rtept><rtept lat="45.59312" lon="9.281157"><ele>165.0</ele></rtept><rtept lat="45.593098" lon="9.281172"><ele>165.0</ele></rtept><rtept lat="45.593067" lon="9.281187"><ele>165.0</ele></rtept><rtept lat="45.59304" lon="9.2812"><ele>165.0</ele></rtept><rtept lat="45.59302" lon="9.281212"><ele>165.0</ele></rtept><rtept lat="45.59299" lon="9.281232"><ele>165.0</ele></rtept><rtept lat="45.592968" lon="9.28125"><ele>165.0</ele></rtept><rtept lat="45.592945" lon="9.28127"><ele>165.0</ele></rtept><rtept lat="45.592926" lon="9.281287"><ele>165.0</ele></rtept><rtept lat="45.592903" lon="9.281307"><ele>165.0</ele></rtept><rtept lat="45.59288" lon="9.281322"><ele>165.0</ele></rtept><rtept lat="45.59286" lon="9.281342"><ele>165.0</ele></rtept><rtept lat="45.592842" lon="9.28137"><ele>165.0</ele></rtept><rtept lat="45.592834" lon="9.281402"><ele>165.0</ele></rtept><rtept lat="45.59283" lon="9.281437"><ele>165.0</ele></rtept><rtept lat="45.59284" lon="9.281465"><ele>165.0</ele></rtept><rtept lat="45.592846" lon="9.281492"><ele>165.0</ele></rtept><rtept lat="45.59286" lon="9.281522"><ele>164.0</ele></rtept><rtept lat="45.59287" lon="9.281552"><ele>164.0</ele></rtept><rtept lat="45.592884" lon="9.281582"><ele>164.0</ele></rtept><rtept lat="45.592903" lon="9.28161"><ele>164.0</ele></rtept><rtept lat="45.59292" lon="9.281637"><ele>164.0</ele></rtept><rtept lat="45.592937" lon="9.281662"><ele>164.0</ele></rtept><rtept lat="45.59296" lon="9.281682"><ele>164.0</ele></rtept><rtept lat="45.592976" lon="9.281712"><ele>164.0</ele></rtept><rtept lat="45.59299" lon="9.28174"><ele>164.0</ele></rtept><rtept lat="45.593006" lon="9.281772"><ele>165.0</ele></rtept><rtept lat="45.593025" lon="9.281802"><ele>165.0</ele></rtept><rtept lat="45.59305" lon="9.28183"><ele>165.0</ele></rtept><rtept lat="45.593067" lon="9.281862"><ele>165.0</ele></rtept><rtept lat="45.59309" lon="9.28189"><ele>165.0</ele></rtept><rtept lat="45.593105" lon="9.281917"><ele>165.0</ele></rtept><rtept lat="45.59312" lon="9.281947"><ele>165.0</ele></rtept><rtept lat="45.593136" lon="9.281977"><ele>165.0</ele></rtept><rtept lat="45.593136" lon="9.282017"><ele>165.0</ele></rtept><rtept lat="45.593132" lon="9.282042"><ele>165.0</ele></rtept><rtept lat="45.593117" lon="9.282097"><ele>165.0</ele></rtept><rtept lat="45.593105" lon="9.282132"><ele>165.0</ele></rtept><rtept lat="45.5931" lon="9.28216"><ele>166.0</ele></rtept><rtept lat="45.593094" lon="9.282187"><ele>166.0</ele></rtept><rtept lat="45.593082" lon="9.282215"><ele>166.0</ele></rtept><rtept lat="45.59307" lon="9.282237"><ele>166.0</ele></rtept><rtept lat="45.593056" lon="9.28225"><ele>166.0</ele></rtept><rtept lat="45.593037" lon="9.282247"><ele>166.0</ele></rtept><rtept lat="45.593006" lon="9.282247"><ele>165.0</ele></rtept><rtept lat="45.592983" lon="9.28224"><ele>165.0</ele></rtept><rtept lat="45.59296" lon="9.282227"><ele>165.0</ele></rtept><rtept lat="45.592937" lon="9.282198"><ele>165.0</ele></rtept><rtept lat="45.592926" lon="9.28214"><ele>164.0</ele></rtept><rtept lat="45.592934" lon="9.282097"><ele>164.0</ele></rtept><rtept lat="45.592934" lon="9.282057"><ele>164.0</ele></rtept><rtept lat="45.59294" lon="9.282017"><ele>164.0</ele></rtept><rtept lat="45.592945" lon="9.28198"><ele>164.0</ele></rtept><rtept lat="45.59294" lon="9.281942"><ele>164.0</ele></rtept><rtept lat="45.592934" lon="9.281907"><ele>163.0</ele></rtept><rtept lat="45.592922" lon="9.281872"><ele>163.0</ele></rtept><rtept lat="45.592907" lon="9.28183"><ele>163.0</ele></rtept><rtept lat="45.59289" lon="9.281797"><ele>163.0</ele></rtept><rtept lat="45.592876" lon="9.28177"><ele>163.0</ele></rtept><rtept lat="45.59286" lon="9.281737"><ele>163.0</ele></rtept><rtept lat="45.592854" lon="9.281707"><ele>163.0</ele></rtept><rtept lat="45.59284" lon="9.281672"><ele>163.0</ele></rtept><rtept lat="45.59283" lon="9.281642"><ele>163.0</ele></rtept><rtept lat="45.592815" lon="9.281612"><ele>163.0</ele></rtept><rtept lat="45.5928" lon="9.281587"><ele>163.0</ele></rtept><rtept lat="45.59278" lon="9.281555"><ele>163.0</ele></rtept><rtept lat="45.592766" lon="9.281522"><ele>163.0</ele></rtept><rtept lat="45.59275" lon="9.281487"><ele>163.0</ele></rtept><rtept lat="45.59273" lon="9.281462"><ele>163.0</ele></rtept><rtept lat="45.59271" lon="9.281452"><ele>163.0</ele></rtept><rtept lat="45.59268" lon="9.281447"><ele>163.0</ele></rtept><rtept lat="45.59265" lon="9.281455"><ele>163.0</ele></rtept><rtept lat="45.59262" lon="9.281457"><ele>163.0</ele></rtept><rtept lat="45.592594" lon="9.281465"><ele>163.0</ele></rtept><rtept lat="45.592567" lon="9.281475"><ele>163.0</ele></rtept><rtept lat="45.59254" lon="9.28149"><ele>163.0</ele></rtept><rtept lat="45.592514" lon="9.281505"><ele>163.0</ele></rtept><rtept lat="45.59249" lon="9.281517"><ele>162.0</ele></rtept><rtept lat="45.59246" lon="9.281532"><ele>162.0</ele></rtept><rtept lat="45.59243" lon="9.281545"><ele>162.0</ele></rtept><rtept lat="45.592407" lon="9.281557"><ele>162.0</ele></rtept><rtept lat="45.59238" lon="9.281572"><ele>162.0</ele></rtept><rtept lat="45.592354" lon="9.281587"><ele>162.0</ele></rtept><rtept lat="45.592327" lon="9.281602"><ele>162.0</ele></rtept><rtept lat="45.5923" lon="9.281612"><ele>162.0</ele></rtept><rtept lat="45.592278" lon="9.281625"><ele>162.0</ele></rtept><rtept lat="45.59225" lon="9.28164"><ele>162.0</ele></rtept><rtept lat="45.592224" lon="9.281657"><ele>162.0</ele></rtept><rtept lat="45.5922" lon="9.281675"><ele>162.0</ele></rtept><rtept lat="45.592175" lon="9.281688"><ele>162.0</ele></rtept><rtept lat="45.59214" lon="9.2817"><ele>162.0</ele></rtept><rtept lat="45.592113" lon="9.28171"><ele>162.0</ele></rtept><rtept lat="45.592083" lon="9.281715"><ele>162.0</ele></rtept><rtept lat="45.592056" lon="9.281717"><ele>162.0</ele></rtept><rtept lat="45.59203" lon="9.281722"><ele>162.0</ele></rtept><rtept lat="45.592003" lon="9.281737"><ele>162.0</ele></rtept><rtept lat="45.59198" lon="9.28176"><ele>162.0</ele></rtept><rtept lat="45.59197" lon="9.281792"><ele>162.0</ele></rtept><rtept lat="45.59196" lon="9.281835"><ele>162.0</ele></rtept><rtept lat="45.59196" lon="9.281875"><ele>162.0</ele></rtept><rtept lat="45.591957" lon="9.281917"><ele>162.0</ele></rtept><rtept lat="45.591957" lon="9.281957"><ele>161.0</ele></rtept><rtept lat="45.59196" lon="9.282"><ele>161.0</ele></rtept><rtept lat="45.59196" lon="9.282045"><ele>161.0</ele></rtept><rtept lat="45.591965" lon="9.282082"><ele>161.0</ele></rtept><rtept lat="45.59196" lon="9.282122"><ele>161.0</ele></rtept><rtept lat="45.59196" lon="9.282157"><ele>161.0</ele></rtept><rtept lat="45.591965" lon="9.282195"><ele>161.0</ele></rtept><rtept lat="45.59197" lon="9.282235"><ele>161.0</ele></rtept><rtept lat="45.59197" lon="9.282277"><ele>161.0</ele></rtept><rtept lat="45.59197" lon="9.282317"><ele>161.0</ele></rtept><rtept lat="45.59197" lon="9.282355"><ele>161.0</ele></rtept><rtept lat="45.591972" lon="9.282392"><ele>161.0</ele></rtept><rtept lat="45.591976" lon="9.282432"><ele>161.0</ele></rtept><rtept lat="45.591984" lon="9.28247"><ele>161.0</ele></rtept><rtept lat="45.591984" lon="9.28251"><ele>161.0</ele></rtept><rtept lat="45.591988" lon="9.282552"><ele>161.0</ele></rtept><rtept lat="45.591988" lon="9.282592"><ele>161.0</ele></rtept><rtept lat="45.591988" lon="9.28263"><ele>161.0</ele></rtept><rtept lat="45.591988" lon="9.282672"><ele>161.0</ele></rtept><rtept lat="45.591988" lon="9.282707"><ele>161.0</ele></rtept><rtept lat="45.59199" lon="9.282745"><ele>161.0</ele></rtept><rtept lat="45.59199" lon="9.28278"><ele>161.0</ele></rtept><rtept lat="45.591995" lon="9.282817"><ele>161.0</ele></rtept><rtept lat="45.591995" lon="9.28286"><ele>161.0</ele></rtept><rtept lat="45.592007" lon="9.2829"><ele>161.0</ele></rtept><rtept lat="45.592007" lon="9.282935"><ele>161.0</ele></rtept><rtept lat="45.592007" lon="9.282975"><ele>161.0</ele></rtept><rtept lat="45.592003" lon="9.283015"><ele>161.0</ele></rtept><rtept lat="45.592007" lon="9.283052"><ele>161.0</ele></rtept><rtept lat="45.592003" lon="9.283087"><ele>161.0</ele></rtept><rtept lat="45.592" lon="9.283127"><ele>161.0</ele></rtept><rtept lat="45.591995" lon="9.283157"><ele>161.0</ele></rtept><rtept lat="45.591995" lon="9.283192"><ele>161.0</ele></rtept><rtept lat="45.591995" lon="9.28323"><ele>161.0</ele></rtept><rtept lat="45.591995" lon="9.283265"><ele>161.0</ele></rtept><rtept lat="45.591995" lon="9.283302"><ele>161.0</ele></rtept><rtept lat="45.591995" lon="9.283342"><ele>161.0</ele></rtept><rtept lat="45.592" lon="9.283377"><ele>161.0</ele></rtept><rtept lat="45.592003" lon="9.283417"><ele>161.0</ele></rtept><rtept lat="45.592003" lon="9.283455"><ele>161.0</ele></rtept><rtept lat="45.592007" lon="9.283492"><ele>161.0</ele></rtept><rtept lat="45.592007" lon="9.283532"><ele>161.0</ele></rtept><rtept lat="45.592007" lon="9.283567"><ele>161.0</ele></rtept><rtept lat="45.592007" lon="9.28361"><ele>161.0</ele></rtept><rtept lat="45.592007" lon="9.283647"><ele>162.0</ele></rtept><rtept lat="45.592007" lon="9.283687"><ele>162.0</ele></rtept><rtept lat="45.592007" lon="9.283727"><ele>162.0</ele></rtept><rtept lat="45.592007" lon="9.283767"><ele>161.0</ele></rtept><rtept lat="45.592007" lon="9.283812"><ele>161.0</ele></rtept><rtept lat="45.592007" lon="9.283848"><ele>161.0</ele></rtept><rtept lat="45.592007" lon="9.28389"><ele>161.0</ele></rtept><rtept lat="45.592003" lon="9.28393"><ele>162.0</ele></rtept><rtept lat="45.591995" lon="9.283967"><ele>162.0</ele></rtept><rtept lat="45.59199" lon="9.284007"><ele>162.0</ele></rtept><rtept lat="45.59199" lon="9.284042"><ele>162.0</ele></rtept><rtept lat="45.591988" lon="9.284072"><ele>162.0</ele></rtept><rtept lat="45.591984" lon="9.284105"><ele>162.0</ele></rtept><rtept lat="45.591984" lon="9.284133"><ele>162.0</ele></rtept><rtept lat="45.59199" lon="9.284167"><ele>162.0</ele></rtept><rtept lat="45.592" lon="9.2842"><ele>162.0</ele></rtept><rtept lat="45.59201" lon="9.28423"><ele>162.0</ele></rtept><rtept lat="45.592026" lon="9.284257"><ele>162.0</ele></rtept><rtept lat="45.59204" lon="9.284285"><ele>162.0</ele></rtept><rtept lat="45.592056" lon="9.284315"><ele>162.0</ele></rtept><rtept lat="45.59207" lon="9.284345"><ele>162.0</ele></rtept><rtept lat="45.592083" lon="9.284377"><ele>163.0</ele></rtept><rtept lat="45.5921" lon="9.284402"><ele>163.0</ele></rtept><rtept lat="45.592117" lon="9.284435"><ele>163.0</ele></rtept><rtept lat="45.592136" lon="9.284457"><ele>163.0</ele></rtept><rtept lat="45.59215" lon="9.284485"><ele>163.0</ele></rtept><rtept lat="45.59217" lon="9.284515"><ele>163.0</ele></rtept><rtept lat="45.592186" lon="9.284542"><ele>163.0</ele></rtept><rtept lat="45.59221" lon="9.284572"><ele>163.0</ele></rtept><rtept lat="45.592224" lon="9.2846"><ele>163.0</ele></rtept><rtept lat="45.592247" lon="9.284632"><ele>163.0</ele></rtept><rtept lat="45.592274" lon="9.284657"><ele>163.0</ele></rtept><rtept lat="45.592297" lon="9.28468"><ele>163.0</ele></rtept><rtept lat="45.59231" lon="9.284705"><ele>163.0</ele></rtept><rtept lat="45.59233" lon="9.28473"><ele>163.0</ele></rtept><rtept lat="45.59235" lon="9.284757"><ele>163.0</ele></rtept><rtept lat="45.592373" lon="9.284787"><ele>163.0</ele></rtept><rtept lat="45.59239" lon="9.284822"><ele>163.0</ele></rtept><rtept lat="45.59241" lon="9.284847"><ele>163.0</ele></rtept><rtept lat="45.59243" lon="9.284875"><ele>163.0</ele></rtept><rtept lat="45.592445" lon="9.2849"><ele>163.0</ele></rtept><rtept lat="45.59247" lon="9.284917"><ele>163.0</ele></rtept><rtept lat="45.592487" lon="9.284937"><ele>163.0</ele></rtept><rtept lat="45.592506" lon="9.284957"><ele>163.0</ele></rtept><rtept lat="45.592525" lon="9.284977"><ele>163.0</ele></rtept><rtept lat="45.59255" lon="9.284997"><ele>163.0</ele></rtept><rtept lat="45.592564" lon="9.285017"><ele>163.0</ele></rtept><rtept lat="45.592587" lon="9.285045"><ele>163.0</ele></rtept><rtept lat="45.5926" lon="9.285072"><ele>163.0</ele></rtept><rtept lat="45.592617" lon="9.2851"><ele>163.0</ele></rtept><rtept lat="45.592636" lon="9.285127"><ele>163.0</ele></rtept><rtept lat="45.59265" lon="9.285157"><ele>163.0</ele></rtept><rtept lat="45.59267" lon="9.285182"><ele>163.0</ele></rtept><rtept lat="45.592686" lon="9.285212"><ele>163.0</ele></rtept><rtept lat="45.59271" lon="9.285237"><ele>163.0</ele></rtept><rtept lat="45.592728" lon="9.285267"><ele>163.0</ele></rtept><rtept lat="45.592747" lon="9.285295"><ele>163.0</ele></rtept><rtept lat="45.592762" lon="9.28532"><ele>163.0</ele></rtept><rtept lat="45.59278" lon="9.285343"><ele>163.0</ele></rtept><rtept lat="45.592796" lon="9.285367"><ele>163.0</ele></rtept><rtept lat="45.59282" lon="9.285387"><ele>163.0</ele></rtept><rtept lat="45.59284" lon="9.28541"><ele>163.0</ele></rtept><rtept lat="45.59286" lon="9.28543"><ele>163.0</ele></rtept><rtept lat="45.59288" lon="9.285452"><ele>163.0</ele></rtept><rtept lat="45.592907" lon="9.285467"><ele>163.0</ele></rtept><rtept lat="45.592922" lon="9.28549"><ele>163.0</ele></rtept><rtept lat="45.59294" lon="9.285512"><ele>163.0</ele></rtept><rtept lat="45.59296" lon="9.28553"><ele>163.0</ele></rtept><rtept lat="45.592983" lon="9.285555"><ele>163.0</ele></rtept><rtept lat="45.593006" lon="9.285577"><ele>163.0</ele></rtept><rtept lat="45.593025" lon="9.2856"><ele>163.0</ele></rtept><rtept lat="45.59304" lon="9.28562"><ele>163.0</ele></rtept><rtept lat="45.593063" lon="9.285647"><ele>163.0</ele></rtept><rtept lat="45.593082" lon="9.285672"><ele>163.0</ele></rtept><rtept lat="45.5931" lon="9.285697"><ele>163.0</ele></rtept><rtept lat="45.593124" lon="9.285723"><ele>163.0</ele></rtept><rtept lat="45.593147" lon="9.285747"><ele>163.0</ele></rtept><rtept lat="45.593166" lon="9.285772"><ele>163.0</ele></rtept><rtept lat="45.59319" lon="9.285797"><ele>163.0</ele></rtept><rtept lat="45.59321" lon="9.285825"><ele>163.0</ele></rtept><rtept lat="45.593227" lon="9.285852"><ele>163.0</ele></rtept><rtept lat="45.593246" lon="9.285877"><ele>163.0</ele></rtept><rtept lat="45.59327" lon="9.285902"><ele>163.0</ele></rtept><rtept lat="45.593292" lon="9.28593"><ele>163.0</ele></rtept><rtept lat="45.59331" lon="9.285952"><ele>163.0</ele></rtept><rtept lat="45.59333" lon="9.285977"><ele>163.0</ele></rtept><rtept lat="45.59335" lon="9.286002"><ele>163.0</ele></rtept><rtept lat="45.59337" lon="9.286027"><ele>163.0</ele></rtept><rtept lat="45.59339" lon="9.286057"><ele>163.0</ele></rtept><rtept lat="45.59341" lon="9.286087"><ele>163.0</ele></rtept><rtept lat="45.593433" lon="9.28611"><ele>163.0</ele></rtept><rtept lat="45.593456" lon="9.286137"><ele>163.0</ele></rtept><rtept lat="45.593483" lon="9.286157"><ele>163.0</ele></rtept><rtept lat="45.593502" lon="9.286182"><ele>164.0</ele></rtept><rtept lat="45.593525" lon="9.286207"><ele>164.0</ele></rtept><rtept lat="45.593548" lon="9.286227"><ele>164.0</ele></rtept><rtept lat="45.59357" lon="9.286245"><ele>164.0</ele></rtept><rtept lat="45.593594" lon="9.286257"><ele>164.0</ele></rtept><rtept lat="45.593616" lon="9.286267"><ele>164.0</ele></rtept><rtept lat="45.593636" lon="9.28629"><ele>164.0</ele></rtept><rtept lat="45.59366" lon="9.28631"><ele>164.0</ele></rtept><rtept lat="45.593678" lon="9.286337"><ele>164.0</ele></rtept><rtept lat="45.593697" lon="9.286365"><ele>164.0</ele></rtept><rtept lat="45.593716" lon="9.286395"><ele>164.0</ele></rtept><rtept lat="45.59374" lon="9.286423"><ele>164.0</ele></rtept><rtept lat="45.593754" lon="9.286455"><ele>164.0</ele></rtept><rtept lat="45.59378" lon="9.286485"><ele>164.0</ele></rtept><rtept lat="45.593807" lon="9.286512"><ele>164.0</ele></rtept><rtept lat="45.593826" lon="9.28654"><ele>164.0</ele></rtept><rtept lat="45.593853" lon="9.286557"><ele>164.0</ele></rtept><rtept lat="45.59387" lon="9.286582"><ele>163.0</ele></rtept><rtept lat="45.593887" lon="9.2866"><ele>164.0</ele></rtept><rtept lat="45.59391" lon="9.286622"><ele>164.0</ele></rtept><rtept lat="45.593933" lon="9.28665"><ele>164.0</ele></rtept><rtept lat="45.593956" lon="9.286667"><ele>164.0</ele></rtept><rtept lat="45.593975" lon="9.286682"><ele>164.0</ele></rtept><rtept lat="45.593998" lon="9.286695"><ele>164.0</ele></rtept><rtept lat="45.59402" lon="9.286707"><ele>164.0</ele></rtept><rtept lat="45.594044" lon="9.286722"><ele>164.0</ele></rtept><rtept lat="45.59407" lon="9.286732"><ele>164.0</ele></rtept><rtept lat="45.594097" lon="9.286742"><ele>164.0</ele></rtept><rtept lat="45.594124" lon="9.286745"><ele>164.0</ele></rtept><rtept lat="45.594147" lon="9.286742"><ele>164.0</ele></rtept><rtept lat="45.594173" lon="9.286735"><ele>164.0</ele></rtept><rtept lat="45.5942" lon="9.286727"><ele>164.0</ele></rtept><rtept lat="45.59423" lon="9.286712"><ele>164.0</ele></rtept><rtept lat="45.594257" lon="9.286702"><ele>164.0</ele></rtept><rtept lat="45.594288" lon="9.286687"><ele>164.0</ele></rtept><rtept lat="45.594315" lon="9.286675"><ele>164.0</ele></rtept><rtept lat="45.59434" lon="9.286662"><ele>164.0</ele></rtept><rtept lat="45.59437" lon="9.286652"><ele>164.0</ele></rtept><rtept lat="45.5944" lon="9.286642"><ele>164.0</ele></rtept><rtept lat="45.594425" lon="9.286627"><ele>164.0</ele></rtept><rtept lat="45.59445" lon="9.28662"><ele>164.0</ele></rtept><rtept lat="45.594475" lon="9.286612"><ele>164.0</ele></rtept><rtept lat="45.5945" lon="9.286605"><ele>164.0</ele></rtept><rtept lat="45.594524" lon="9.286592"><ele>164.0</ele></rtept><rtept lat="45.59455" lon="9.286582"><ele>164.0</ele></rtept><rtept lat="45.594574" lon="9.286572"><ele>164.0</ele></rtept><rtept lat="45.5946" lon="9.286562"><ele>164.0</ele></rtept><rtept lat="45.594627" lon="9.286555"><ele>164.0</ele></rtept><rtept lat="45.594654" lon="9.286542"><ele>164.0</ele></rtept><rtept lat="45.59468" lon="9.286537"><ele>164.0</ele></rtept><rtept lat="45.594707" lon="9.28653"><ele>164.0</ele></rtept><rtept lat="45.594727" lon="9.286525"><ele>164.0</ele></rtept><rtept lat="45.594757" lon="9.286515"><ele>164.0</ele></rtept><rtept lat="45.594788" lon="9.286505"><ele>164.0</ele></rtept><rtept lat="45.59482" lon="9.286492"><ele>164.0</ele></rtept><rtept lat="45.59485" lon="9.28648"><ele>164.0</ele></rtept><rtept lat="45.594875" lon="9.286472"><ele>164.0</ele></rtept><rtept lat="45.594906" lon="9.286467"><ele>164.0</ele></rtept><rtept lat="45.594936" lon="9.286462"><ele>164.0</ele></rtept><rtept lat="45.59496" lon="9.286457"><ele>164.0</ele></rtept><rtept lat="45.594986" lon="9.286437"><ele>164.0</ele></rtept><rtept lat="45.59501" lon="9.286422"><ele>164.0</ele></rtept><rtept lat="45.59503" lon="9.28641"><ele>164.0</ele></rtept><rtept lat="45.59505" lon="9.286397"><ele>164.0</ele></rtept><rtept lat="45.595074" lon="9.286385"><ele>164.0</ele></rtept><rtept lat="45.595093" lon="9.28637"><ele>164.0</ele></rtept><rtept lat="45.595108" lon="9.286347"><ele>164.0</ele></rtept><rtept lat="45.595123" lon="9.286315"><ele>164.0</ele></rtept><rtept lat="45.59514" lon="9.286282"><ele>164.0</ele></rtept><rtept lat="45.595158" lon="9.286265"><ele>164.0</ele></rtept><rtept lat="45.595177" lon="9.286247"><ele>164.0</ele></rtept><rtept lat="45.595196" lon="9.28623"><ele>164.0</ele></rtept><rtept lat="45.59522" lon="9.286212"><ele>164.0</ele></rtept><rtept lat="45.595245" lon="9.286202"><ele>165.0</ele></rtept><rtept lat="45.595276" lon="9.286195"><ele>165.0</ele></rtept><rtept lat="45.595306" lon="9.286187"><ele>165.0</ele></rtept><rtept lat="45.59533" lon="9.28618"><ele>165.0</ele></rtept><rtept lat="45.595356" lon="9.286172"><ele>165.0</ele></rtept><rtept lat="45.59539" lon="9.286162"><ele>165.0</ele></rtept><rtept lat="45.595413" lon="9.28615"><ele>165.0</ele></rtept><rtept lat="45.595444" lon="9.286142"><ele>165.0</ele></rtept><rtept lat="45.595467" lon="9.286132"><ele>164.0</ele></rtept><rtept lat="45.595493" lon="9.286122"><ele>164.0</ele></rtept><rtept lat="45.595516" lon="9.286107"><ele>164.0</ele></rtept><rtept lat="45.595535" lon="9.286092"><ele>164.0</ele></rtept><rtept lat="45.59556" lon="9.28608"><ele>164.0</ele></rtept><rtept lat="45.595585" lon="9.286072"><ele>164.0</ele></rtept><rtept lat="45.59561" lon="9.286067"><ele>164.0</ele></rtept><rtept lat="45.59564" lon="9.286062"><ele>164.0</ele></rtept><rtept lat="45.59566" lon="9.286057"><ele>164.0</ele></rtept><rtept lat="45.59568" lon="9.286052"><ele>164.0</ele></rtept><rtept lat="45.59571" lon="9.286052"><ele>164.0</ele></rtept><rtept lat="45.595734" lon="9.286052"><ele>164.0</ele></rtept><rtept lat="45.595768" lon="9.28605"><ele>164.0</ele></rtept><rtept lat="45.59579" lon="9.286045"><ele>164.0</ele></rtept><rtept lat="45.595818" lon="9.28604"><ele>164.0</ele></rtept><rtept lat="45.59584" lon="9.28603"><ele>164.0</ele></rtept><rtept lat="45.595867" lon="9.286017"><ele>164.0</ele></rtept><rtept lat="45.59589" lon="9.286007"><ele>164.0</ele></rtept><rtept lat="45.595917" lon="9.285995"><ele>164.0</ele></rtept><rtept lat="45.595943" lon="9.285985"><ele>164.0</ele></rtept><rtept lat="45.59597" lon="9.28597"><ele>164.0</ele></rtept><rtept lat="45.595997" lon="9.285962"><ele>164.0</ele></rtept><rtept lat="45.59602" lon="9.285962"><ele>164.0</ele></rtept><rtept lat="45.596046" lon="9.285967"><ele>164.0</ele></rtept><rtept lat="45.596073" lon="9.285967"><ele>164.0</ele></rtept><rtept lat="45.596092" lon="9.285975"><ele>164.0</ele></rtept><rtept lat="45.596123" lon="9.28597"><ele>164.0</ele></rtept><rtept lat="45.596146" lon="9.285967"><ele>164.0</ele></rtept><rtept lat="45.596176" lon="9.285962"><ele>164.0</ele></rtept><rtept lat="45.5962" lon="9.285967"><ele>164.0</ele></rtept><rtept lat="45.596222" lon="9.285962"><ele>164.0</ele></rtept><rtept lat="45.596252" lon="9.285957"><ele>164.0</ele></rtept><rtept lat="45.596275" lon="9.285955"><ele>164.0</ele></rtept><rtept lat="45.5963" lon="9.285952"><ele>164.0</ele></rtept><rtept lat="45.59632" lon="9.285947"><ele>164.0</ele></rtept><rtept lat="45.596348" lon="9.285942"><ele>164.0</ele></rtept><rtept lat="45.59637" lon="9.285937"><ele>163.0</ele></rtept><rtept lat="45.596397" lon="9.285935"><ele>163.0</ele></rtept><rtept lat="45.596416" lon="9.285932"><ele>163.0</ele></rtept><rtept lat="45.596443" lon="9.285932"><ele>163.0</ele></rtept><rtept lat="45.59647" lon="9.285927"><ele>163.0</ele></rtept><rtept lat="45.596497" lon="9.285922"><ele>164.0</ele></rtept><rtept lat="45.596523" lon="9.285912"><ele>164.0</ele></rtept><rtept lat="45.596546" lon="9.285902"><ele>164.0</ele></rtept><rtept lat="45.596577" lon="9.285892"><ele>164.0</ele></rtept><rtept lat="45.596603" lon="9.28589"><ele>164.0</ele></rtept><rtept lat="45.59663" lon="9.28589"><ele>164.0</ele></rtept><rtept lat="45.596657" lon="9.285887"><ele>164.0</ele></rtept><rtept lat="45.59668" lon="9.285887"><ele>164.0</ele></rtept><rtept lat="45.596703" lon="9.285887"><ele>164.0</ele></rtept><rtept lat="45.596725" lon="9.28589"><ele>164.0</ele></rtept><rtept lat="45.596756" lon="9.285892"><ele>164.0</ele></rtept><rtept lat="45.596783" lon="9.285892"><ele>164.0</ele></rtept><rtept lat="45.596806" lon="9.285887"><ele>164.0</ele></rtept><rtept lat="45.596832" lon="9.285887"><ele>164.0</ele></rtept><rtept lat="45.596855" lon="9.285902"><ele>164.0</ele></rtept><rtept lat="45.596878" lon="9.285922"><ele>164.0</ele></rtept><rtept lat="45.596897" lon="9.285947"><ele>164.0</ele></rtept><rtept lat="45.596924" lon="9.28597"><ele>164.0</ele></rtept><rtept lat="45.596943" lon="9.28599"><ele>164.0</ele></rtept><rtept lat="45.596966" lon="9.286"><ele>164.0</ele></rtept><rtept lat="45.59699" lon="9.286008"><ele>164.0</ele></rtept><rtept lat="45.597015" lon="9.286015"><ele>164.0</ele></rtept><rtept lat="45.597042" lon="9.286027"><ele>164.0</ele></rtept><rtept lat="45.59707" lon="9.286035"><ele>164.0</ele></rtept><rtept lat="45.59709" lon="9.286047"><ele>164.0</ele></rtept><rtept lat="45.597107" lon="9.286072"><ele>164.0</ele></rtept><rtept lat="45.597126" lon="9.286095"><ele>164.0</ele></rtept><rtept lat="45.597145" lon="9.28612"><ele>164.0</ele></rtept><rtept lat="45.597168" lon="9.286137"><ele>164.0</ele></rtept><rtept lat="45.597187" lon="9.286155"><ele>164.0</ele></rtept><rtept lat="45.597218" lon="9.286187"><ele>164.0</ele></rtept><rtept lat="45.59724" lon="9.286207"><ele>164.0</ele></rtept><rtept lat="45.597256" lon="9.286222"><ele>164.0</ele></rtept><rtept lat="45.59728" lon="9.28624"><ele>164.0</ele></rtept><rtept lat="45.597298" lon="9.286262"><ele>164.0</ele></rtept><rtept lat="45.597313" lon="9.286297"><ele>164.0</ele></rtept><rtept lat="45.59733" lon="9.286322"><ele>164.0</ele></rtept><rtept lat="45.597343" lon="9.286355"><ele>164.0</ele></rtept><rtept lat="45.59736" lon="9.286387"><ele>164.0</ele></rtept><rtept lat="45.59738" lon="9.286412"><ele>164.0</ele></rtept><rtept lat="45.5974" lon="9.286432"><ele>164.0</ele></rtept><rtept lat="45.597424" lon="9.28645"><ele>164.0</ele></rtept><rtept lat="45.597443" lon="9.286472"><ele>164.0</ele></rtept><rtept lat="45.597458" lon="9.286497"><ele>164.0</ele></rtept><rtept lat="45.597477" lon="9.286525"><ele>164.0</ele></rtept><rtept lat="45.597492" lon="9.286552"><ele>164.0</ele></rtept><rtept lat="45.59751" lon="9.28657"><ele>164.0</ele></rtept><rtept lat="45.597527" lon="9.28659"><ele>164.0</ele></rtept><rtept lat="45.59754" lon="9.286607"><ele>164.0</ele></rtept><rtept lat="45.597565" lon="9.286622"><ele>164.0</ele></rtept><rtept lat="45.597588" lon="9.28664"><ele>164.0</ele></rtept><rtept lat="45.597607" lon="9.286665"><ele>164.0</ele></rtept><rtept lat="45.59763" lon="9.286687"><ele>164.0</ele></rtept><rtept lat="45.59765" lon="9.286708"><ele>164.0</ele></rtept><rtept lat="45.59767" lon="9.286727"><ele>164.0</ele></rtept><rtept lat="45.59769" lon="9.286752"><ele>164.0</ele></rtept><rtept lat="45.597713" lon="9.286777"><ele>164.0</ele></rtept><rtept lat="45.59773" lon="9.2868"><ele>164.0</ele></rtept><rtept lat="45.597748" lon="9.286822"><ele>164.0</ele></rtept><rtept lat="45.597767" lon="9.286845"><ele>164.0</ele></rtept><rtept lat="45.597786" lon="9.286867"><ele>164.0</ele></rtept><rtept lat="45.59781" lon="9.286882"><ele>164.0</ele></rtept><rtept lat="45.597828" lon="9.286898"><ele>164.0</ele></rtept><rtept lat="45.597847" lon="9.286917"><ele>164.0</ele></rtept><rtept lat="45.597866" lon="9.28694"><ele>165.0</ele></rtept><rtept lat="45.597885" lon="9.28696"><ele>165.0</ele></rtept><rtept lat="45.59791" lon="9.286982"><ele>165.0</ele></rtept><rtept lat="45.59793" lon="9.286997"><ele>165.0</ele></rtept><rtept lat="45.597954" lon="9.287007"><ele>165.0</ele></rtept><rtept lat="45.597977" lon="9.287012"><ele>165.0</ele></rtept><rtept lat="45.597996" lon="9.287012"><ele>165.0</ele></rtept><rtept lat="45.59802" lon="9.287022"><ele>165.0</ele></rtept><rtept lat="45.59803" lon="9.28705"><ele>165.0</ele></rtept><rtept lat="45.598034" lon="9.28708"><ele>165.0</ele></rtept><rtept lat="45.598034" lon="9.287112"><ele>165.0</ele></rtept><rtept lat="45.598038" lon="9.287142"><ele>165.0</ele></rtept><rtept lat="45.598045" lon="9.287172"><ele>165.0</ele></rtept><rtept lat="45.59806" lon="9.287205"><ele>164.0</ele></rtept><rtept lat="45.598076" lon="9.287245"><ele>164.0</ele></rtept><rtept lat="45.598083" lon="9.287275"><ele>164.0</ele></rtept><rtept lat="45.5981" lon="9.287305"><ele>164.0</ele></rtept><rtept lat="45.598114" lon="9.287337"><ele>164.0</ele></rtept><rtept lat="45.59813" lon="9.287367"><ele>164.0</ele></rtept><rtept lat="45.59815" lon="9.287392"><ele>164.0</ele></rtept><rtept lat="45.59816" lon="9.287417"><ele>164.0</ele></rtept><rtept lat="45.598175" lon="9.287442"><ele>164.0</ele></rtept><rtept lat="45.59819" lon="9.28747"><ele>164.0</ele></rtept><rtept lat="45.59821" lon="9.287492"><ele>164.0</ele></rtept><rtept lat="45.59823" lon="9.287517"><ele>164.0</ele></rtept><rtept lat="45.59825" lon="9.287535"><ele>164.0</ele></rtept><rtept lat="45.59827" lon="9.287552"><ele>164.0</ele></rtept><rtept lat="45.598293" lon="9.287572"><ele>164.0</ele></rtept><rtept lat="45.59832" lon="9.287592"><ele>164.0</ele></rtept><rtept lat="45.598347" lon="9.287612"><ele>164.0</ele></rtept><rtept lat="45.598366" lon="9.287637"><ele>164.0</ele></rtept><rtept lat="45.59839" lon="9.287657"><ele>164.0</ele></rtept><rtept lat="45.59841" lon="9.287685"><ele>164.0</ele></rtept><rtept lat="45.59843" lon="9.287707"><ele>164.0</ele></rtept><rtept lat="45.59845" lon="9.287737"><ele>164.0</ele></rtept><rtept lat="45.59847" lon="9.287762"><ele>164.0</ele></rtept><rtept lat="45.598488" lon="9.287797"><ele>164.0</ele></rtept><rtept lat="45.5985" lon="9.287832"><ele>164.0</ele></rtept><rtept lat="45.59852" lon="9.28787"><ele>164.0</ele></rtept><rtept lat="45.598534" lon="9.2879"><ele>164.0</ele></rtept><rtept lat="45.598553" lon="9.287927"><ele>164.0</ele></rtept><rtept lat="45.59857" lon="9.287955"><ele>164.0</ele></rtept><rtept lat="45.59859" lon="9.287975"><ele>164.0</ele></rtept><rtept lat="45.59861" lon="9.287997"><ele>164.0</ele></rtept><rtept lat="45.598633" lon="9.288017"><ele>164.0</ele></rtept><rtept lat="45.598656" lon="9.288037"><ele>164.0</ele></rtept><rtept lat="45.59868" lon="9.288052"><ele>164.0</ele></rtept><rtept lat="45.5987" lon="9.288062"><ele>164.0</ele></rtept><rtept lat="45.59872" lon="9.288082"><ele>164.0</ele></rtept><rtept lat="45.598743" lon="9.288107"><ele>164.0</ele></rtept><rtept lat="45.598763" lon="9.288132"><ele>164.0</ele></rtept><rtept lat="45.59878" lon="9.288155"><ele>164.0</ele></rtept><rtept lat="45.5988" lon="9.28818"><ele>164.0</ele></rtept><rtept lat="45.598824" lon="9.288202"><ele>164.0</ele></rtept><rtept lat="45.598846" lon="9.288225"><ele>164.0</ele></rtept><rtept lat="45.598866" lon="9.288247"><ele>164.0</ele></rtept><rtept lat="45.59889" lon="9.288282"><ele>164.0</ele></rtept><rtept lat="45.59891" lon="9.288312"><ele>164.0</ele></rtept><rtept lat="45.598938" lon="9.28833"><ele>164.0</ele></rtept><rtept lat="45.59896" lon="9.288357"><ele>164.0</ele></rtept><rtept lat="45.598976" lon="9.28838"><ele>164.0</ele></rtept><rtept lat="45.598995" lon="9.288417"><ele>164.0</ele></rtept><rtept lat="45.599007" lon="9.288445"><ele>164.0</ele></rtept><rtept lat="45.59902" lon="9.288482"><ele>165.0</ele></rtept><rtept lat="45.599033" lon="9.288515"><ele>165.0</ele></rtept><rtept lat="45.599056" lon="9.288542"><ele>165.0</ele></rtept><rtept lat="45.599083" lon="9.288562"><ele>165.0</ele></rtept><rtept lat="45.599106" lon="9.28858"><ele>164.0</ele></rtept><rtept lat="45.599133" lon="9.2886"><ele>164.0</ele></rtept><rtept lat="45.59915" lon="9.28862"><ele>164.0</ele></rtept><rtept lat="45.59918" lon="9.288635"><ele>164.0</ele></rtept><rtept lat="45.5992" lon="9.28865"><ele>164.0</ele></rtept><rtept lat="45.599228" lon="9.288667"><ele>164.0</ele></rtept><rtept lat="45.599243" lon="9.288687"><ele>164.0</ele></rtept><rtept lat="45.59926" lon="9.288717"><ele>164.0</ele></rtept><rtept lat="45.599277" lon="9.288747"><ele>164.0</ele></rtept><rtept lat="45.5993" lon="9.288762"><ele>164.0</ele></rtept><rtept lat="45.59932" lon="9.28878"><ele>164.0</ele></rtept><rtept lat="45.59934" lon="9.2888"><ele>164.0</ele></rtept><rtept lat="45.59936" lon="9.288812"><ele>164.0</ele></rtept><rtept lat="45.59939" lon="9.288825"><ele>164.0</ele></rtept><rtept lat="45.59941" lon="9.28883"><ele>164.0</ele></rtept><rtept lat="45.599434" lon="9.288835"><ele>164.0</ele></rtept><rtept lat="45.59946" lon="9.28884"><ele>164.0</ele></rtept><rtept lat="45.599483" lon="9.288845"><ele>164.0</ele></rtept><rtept lat="45.59951" lon="9.288847"><ele>164.0</ele></rtept><rtept lat="45.59954" lon="9.288852"><ele>164.0</ele></rtept><rtept lat="45.599564" lon="9.288862"><ele>164.0</ele></rtept><rtept lat="45.599586" lon="9.288872"><ele>164.0</ele></rtept><rtept lat="45.599617" lon="9.288877"><ele>164.0</ele></rtept><rtept lat="45.599648" lon="9.288877"><ele>164.0</ele></rtept><rtept lat="45.59967" lon="9.288872"><ele>164.0</ele></rtept><rtept lat="45.599697" lon="9.28885"><ele>165.0</ele></rtept><rtept lat="45.599724" lon="9.28883"><ele>165.0</ele></rtept><rtept lat="45.59975" lon="9.28881"><ele>165.0</ele></rtept><rtept lat="45.599773" lon="9.288792"><ele>165.0</ele></rtept><rtept lat="45.599792" lon="9.288773"><ele>165.0</ele></rtept><rtept lat="45.599815" lon="9.288762"><ele>165.0</ele></rtept><rtept lat="45.59984" lon="9.288757"><ele>165.0</ele></rtept><rtept lat="45.59986" lon="9.288757"><ele>165.0</ele></rtept><rtept lat="45.599888" lon="9.288755"><ele>165.0</ele></rtept><rtept lat="45.59991" lon="9.288757"><ele>166.0</ele></rtept><rtept lat="45.599937" lon="9.288757"><ele>166.0</ele></rtept><rtept lat="45.599964" lon="9.28876"><ele>166.0</ele></rtept><rtept lat="45.599987" lon="9.288757"><ele>166.0</ele></rtept><rtept lat="45.600014" lon="9.288757"><ele>166.0</ele></rtept><rtept lat="45.60004" lon="9.288757"><ele>166.0</ele></rtept><rtept lat="45.60007" lon="9.288755"><ele>167.0</ele></rtept><rtept lat="45.600094" lon="9.288752"><ele>167.0</ele></rtept><rtept lat="45.600113" lon="9.288745"><ele>167.0</ele></rtept><rtept lat="45.600136" lon="9.28874"><ele>168.0</ele></rtept><rtept lat="45.60016" lon="9.288742"><ele>168.0</ele></rtept><rtept lat="45.600178" lon="9.28873"><ele>168.0</ele></rtept><rtept lat="45.600197" lon="9.28872"><ele>168.0</ele></rtept><rtept lat="45.600216" lon="9.28871"><ele>168.0</ele></rtept><rtept lat="45.60024" lon="9.288687"><ele>168.0</ele></rtept><rtept lat="45.60026" lon="9.288657"><ele>168.0</ele></rtept><rtept lat="45.60027" lon="9.288622"><ele>168.0</ele></rtept><rtept lat="45.600277" lon="9.288595"><ele>168.0</ele></rtept><rtept lat="45.60029" lon="9.288557"><ele>168.0</ele></rtept><rtept lat="45.600296" lon="9.288517"><ele>167.0</ele></rtept><rtept lat="45.600304" lon="9.288477"><ele>167.0</ele></rtept><rtept lat="45.60031" lon="9.288437"><ele>167.0</ele></rtept><rtept lat="45.600315" lon="9.288402"><ele>167.0</ele></rtept><rtept lat="45.600327" lon="9.288362"><ele>166.0</ele></rtept><rtept lat="45.600334" lon="9.288317"><ele>166.0</ele></rtept><rtept lat="45.60034" lon="9.288272"><ele>166.0</ele></rtept><rtept lat="45.600353" lon="9.28823"><ele>166.0</ele></rtept><rtept lat="45.60036" lon="9.28819"><ele>166.0</ele></rtept><rtept lat="45.600372" lon="9.28815"><ele>166.0</ele></rtept><rtept lat="45.60038" lon="9.288112"><ele>165.0</ele></rtept><rtept lat="45.60038" lon="9.288072"><ele>165.0</ele></rtept><rtept lat="45.600376" lon="9.288037"><ele>165.0</ele></rtept><rtept lat="45.600372" lon="9.288002"><ele>165.0</ele></rtept><rtept lat="45.600372" lon="9.287967"><ele>165.0</ele></rtept><rtept lat="45.60037" lon="9.287927"><ele>165.0</ele></rtept><rtept lat="45.600372" lon="9.28789"><ele>165.0</ele></rtept><rtept lat="45.600376" lon="9.28785"><ele>165.0</ele></rtept><rtept lat="45.600376" lon="9.287807"><ele>165.0</ele></rtept><rtept lat="45.600384" lon="9.287772"><ele>165.0</ele></rtept><rtept lat="45.600395" lon="9.287732"><ele>165.0</ele></rtept><rtept lat="45.600403" lon="9.287693"><ele>165.0</ele></rtept><rtept lat="45.600407" lon="9.287657"><ele>165.0</ele></rtept><rtept lat="45.60041" lon="9.287622"><ele>165.0</ele></rtept><rtept lat="45.600418" lon="9.287587"><ele>165.0</ele></rtept><rtept lat="45.600426" lon="9.28755"><ele>165.0</ele></rtept><rtept lat="45.600433" lon="9.287515"><ele>165.0</ele></rtept><rtept lat="45.600437" lon="9.287477"><ele>165.0</ele></rtept><rtept lat="45.60044" lon="9.287442"><ele>165.0</ele></rtept><rtept lat="45.600437" lon="9.287407"><ele>165.0</ele></rtept><rtept lat="45.600433" lon="9.287372"><ele>165.0</ele></rtept><rtept lat="45.600433" lon="9.287332"><ele>165.0</ele></rtept><rtept lat="45.600437" lon="9.287295"><ele>165.0</ele></rtept><rtept lat="45.60044" lon="9.28726"><ele>165.0</ele></rtept><rtept lat="45.600445" lon="9.287225"><ele>165.0</ele></rtept><rtept lat="45.60045" lon="9.28719"><ele>165.0</ele></rtept><rtept lat="45.600452" lon="9.287157"><ele>165.0</ele></rtept><rtept lat="45.600464" lon="9.28712"><ele>165.0</ele></rtept><rtept lat="45.60047" lon="9.287082"><ele>165.0</ele></rtept><rtept lat="45.600487" lon="9.287052"><ele>165.0</ele></rtept><rtept lat="45.600506" lon="9.287022"><ele>165.0</ele></rtept><rtept lat="45.60052" lon="9.286997"><ele>165.0</ele></rtept><rtept lat="45.600548" lon="9.286972"><ele>165.0</ele></rtept><rtept lat="45.600567" lon="9.28694"><ele>165.0</ele></rtept><rtept lat="45.600582" lon="9.286907"><ele>165.0</ele></rtept><rtept lat="45.600597" lon="9.286875"><ele>165.0</ele></rtept><rtept lat="45.600613" lon="9.286842"><ele>165.0</ele></rtept><rtept lat="45.600624" lon="9.286812"><ele>165.0</ele></rtept><rtept lat="45.600636" lon="9.286785"><ele>165.0</ele></rtept><rtept lat="45.600643" lon="9.28675"><ele>165.0</ele></rtept><rtept lat="45.600643" lon="9.286717"><ele>165.0</ele></rtept><rtept lat="45.600647" lon="9.28668"><ele>165.0</ele></rtept><rtept lat="45.60065" lon="9.286642"><ele>165.0</ele></rtept><rtept lat="45.600662" lon="9.286605"><ele>165.0</ele></rtept><rtept lat="45.600677" lon="9.28657"><ele>165.0</ele></rtept><rtept lat="45.600685" lon="9.28654"><ele>165.0</ele></rtept><rtept lat="45.6007" lon="9.286502"><ele>165.0</ele></rtept><rtept lat="45.60071" lon="9.286462"><ele>165.0</ele></rtept><rtept lat="45.600723" lon="9.286417"><ele>165.0</ele></rtept><rtept lat="45.600723" lon="9.286377"><ele>165.0</ele></rtept><rtept lat="45.600723" lon="9.286337"><ele>165.0</ele></rtept><rtept lat="45.60073" lon="9.2863"><ele>165.0</ele></rtept><rtept lat="45.60074" lon="9.286262"><ele>165.0</ele></rtept><rtept lat="45.600746" lon="9.286225"><ele>165.0</ele></rtept><rtept lat="45.600754" lon="9.286187"><ele>165.0</ele></rtept><rtept lat="45.600765" lon="9.286155"><ele>165.0</ele></rtept><rtept lat="45.600777" lon="9.286122"><ele>165.0</ele></rtept><rtept lat="45.60079" lon="9.286097"><ele>165.0</ele></rtept><rtept lat="45.600807" lon="9.286077"><ele>165.0</ele></rtept><rtept lat="45.600826" lon="9.286052"><ele>165.0</ele></rtept><rtept lat="45.60084" lon="9.286025"><ele>165.0</ele></rtept><rtept lat="45.600857" lon="9.285992"><ele>165.0</ele></rtept><rtept lat="45.60087" lon="9.285962"><ele>165.0</ele></rtept><rtept lat="45.600887" lon="9.285932"><ele>165.0</ele></rtept><rtept lat="45.60091" lon="9.285902"><ele>165.0</ele></rtept><rtept lat="45.600925" lon="9.285885"><ele>165.0</ele></rtept><rtept lat="45.600952" lon="9.28587"><ele>165.0</ele></rtept><rtept lat="45.60098" lon="9.285855"><ele>165.0</ele></rtept><rtept lat="45.601" lon="9.285842"><ele>165.0</ele></rtept><rtept lat="45.601025" lon="9.285822"><ele>165.0</ele></rtept><rtept lat="45.601048" lon="9.285805"><ele>165.0</ele></rtept><rtept lat="45.601067" lon="9.285787"><ele>165.0</ele></rtept><rtept lat="45.60109" lon="9.28577"><ele>165.0</ele></rtept><rtept lat="45.601112" lon="9.285757"><ele>165.0</ele></rtept><rtept lat="45.601135" lon="9.28574"><ele>165.0</ele></rtept><rtept lat="45.60116" lon="9.285717"><ele>165.0</ele></rtept><rtept lat="45.60118" lon="9.285692"><ele>165.0</ele></rtept><rtept lat="45.601204" lon="9.285665"><ele>165.0</ele></rtept><rtept lat="45.601227" lon="9.285647"><ele>165.0</ele></rtept><rtept lat="45.601246" lon="9.285627"><ele>165.0</ele></rtept><rtept lat="45.60127" lon="9.285617"><ele>166.0</ele></rtept><rtept lat="45.60129" lon="9.285612"><ele>166.0</ele></rtept><rtept lat="45.60132" lon="9.285612"><ele>165.0</ele></rtept><rtept lat="45.60134" lon="9.285615"><ele>165.0</ele></rtept><rtept lat="45.60136" lon="9.285622"><ele>165.0</ele></rtept><rtept lat="45.601387" lon="9.285617"><ele>165.0</ele></rtept><rtept lat="45.601406" lon="9.285615"><ele>165.0</ele></rtept><rtept lat="45.60143" lon="9.28561"><ele>165.0</ele></rtept><rtept lat="45.60145" lon="9.285602"><ele>165.0</ele></rtept><rtept lat="45.60148" lon="9.285595"><ele>165.0</ele></rtept><rtept lat="45.6015" lon="9.285592"><ele>165.0</ele></rtept><rtept lat="45.60153" lon="9.285592"><ele>165.0</ele></rtept><rtept lat="45.601555" lon="9.285597"><ele>166.0</ele></rtept><rtept lat="45.60158" lon="9.285597"><ele>166.0</ele></rtept><rtept lat="45.60161" lon="9.285592"><ele>166.0</ele></rtept><rtept lat="45.60163" lon="9.285592"><ele>166.0</ele></rtept><rtept lat="45.601658" lon="9.285577"><ele>166.0</ele></rtept><rtept lat="45.60168" lon="9.285565"><ele>166.0</ele></rtept><rtept lat="45.601707" lon="9.285547"><ele>166.0</ele></rtept><rtept lat="45.60173" lon="9.285532"><ele>166.0</ele></rtept><rtept lat="45.60176" lon="9.285517"><ele>166.0</ele></rtept><rtept lat="45.60179" lon="9.28551"><ele>166.0</ele></rtept><rtept lat="45.601818" lon="9.285507"><ele>166.0</ele></rtept><rtept lat="45.601852" lon="9.285507"><ele>166.0</ele></rtept><rtept lat="45.601875" lon="9.285505"><ele>166.0</ele></rtept><rtept lat="45.601902" lon="9.285495"><ele>166.0</ele></rtept><rtept lat="45.601925" lon="9.285487"><ele>166.0</ele></rtept><rtept lat="45.601948" lon="9.285492"><ele>166.0</ele></rtept><rtept lat="45.60198" lon="9.28549"><ele>166.0</ele></rtept><rtept lat="45.602" lon="9.285482"><ele>166.0</ele></rtept><rtept lat="45.602028" lon="9.285477"><ele>166.0</ele></rtept><rtept lat="45.602047" lon="9.285467"><ele>166.0</ele></rtept><rtept lat="45.602074" lon="9.285457"><ele>166.0</ele></rtept><rtept lat="45.6021" lon="9.285447"><ele>166.0</ele></rtept><rtept lat="45.602123" lon="9.285442"><ele>166.0</ele></rtept><rtept lat="45.60215" lon="9.285442"><ele>166.0</ele></rtept><rtept lat="45.602177" lon="9.285442"><ele>166.0</ele></rtept><rtept lat="45.602203" lon="9.285437"><ele>166.0</ele></rtept><rtept lat="45.602234" lon="9.285437"><ele>166.0</ele></rtept><rtept lat="45.60226" lon="9.285435"><ele>166.0</ele></rtept><rtept lat="45.60229" lon="9.285432"><ele>167.0</ele></rtept><rtept lat="45.602318" lon="9.285432"><ele>167.0</ele></rtept><rtept lat="45.60235" lon="9.285435"><ele>167.0</ele></rtept><rtept lat="45.602375" lon="9.28543"><ele>167.0</ele></rtept><rtept lat="45.602398" lon="9.28543"><ele>167.0</ele></rtept><rtept lat="45.60242" lon="9.285427"><ele>167.0</ele></rtept><rtept lat="45.602448" lon="9.285432"><ele>167.0</ele></rtept><rtept lat="45.60247" lon="9.285438"><ele>167.0</ele></rtept><rtept lat="45.602497" lon="9.285447"><ele>167.0</ele></rtept><rtept lat="45.602524" lon="9.285457"><ele>167.0</ele></rtept><rtept lat="45.602547" lon="9.285462"><ele>167.0</ele></rtept><rtept lat="45.602566" lon="9.28547"><ele>167.0</ele></rtept><rtept lat="45.602596" lon="9.285477"><ele>167.0</ele></rtept><rtept lat="45.602623" lon="9.285482"><ele>167.0</ele></rtept><rtept lat="45.602646" lon="9.285497"><ele>167.0</ele></rtept><rtept lat="45.602673" lon="9.285505"><ele>167.0</ele></rtept><rtept lat="45.602695" lon="9.285512"><ele>167.0</ele></rtept><rtept lat="45.60272" lon="9.285522"><ele>167.0</ele></rtept><rtept lat="45.602745" lon="9.285537"><ele>167.0</ele></rtept><rtept lat="45.602768" lon="9.285547"><ele>167.0</ele></rtept><rtept lat="45.6028" lon="9.285567"><ele>167.0</ele></rtept><rtept lat="45.602825" lon="9.285577"><ele>167.0</ele></rtept><rtept lat="45.602848" lon="9.285582"><ele>167.0</ele></rtept><rtept lat="45.60288" lon="9.285587"><ele>167.0</ele></rtept><rtept lat="45.602905" lon="9.285597"><ele>167.0</ele></rtept><rtept lat="45.602932" lon="9.28561"><ele>166.0</ele></rtept><rtept lat="45.60296" lon="9.285627"><ele>167.0</ele></rtept><rtept lat="45.60298" lon="9.285645"><ele>166.0</ele></rtept><rtept lat="45.60301" lon="9.285667"><ele>167.0</ele></rtept><rtept lat="45.60303" lon="9.28569"><ele>167.0</ele></rtept><rtept lat="45.603058" lon="9.285715"><ele>167.0</ele></rtept><rtept lat="45.603077" lon="9.285742"><ele>167.0</ele></rtept><rtept lat="45.603096" lon="9.285767"><ele>167.0</ele></rtept><rtept lat="45.603115" lon="9.285797"><ele>167.0</ele></rtept><rtept lat="45.603134" lon="9.285827"><ele>167.0</ele></rtept><rtept lat="45.603153" lon="9.285852"><ele>167.0</ele></rtept><rtept lat="45.60317" lon="9.285885"><ele>167.0</ele></rtept><rtept lat="45.603184" lon="9.285912"><ele>167.0</ele></rtept><rtept lat="45.603203" lon="9.285932"><ele>167.0</ele></rtept><rtept lat="45.603218" lon="9.285952"><ele>167.0</ele></rtept><rtept lat="45.603233" lon="9.285977"><ele>167.0</ele></rtept><rtept lat="45.60325" lon="9.286002"><ele>167.0</ele></rtept><rtept lat="45.603256" lon="9.286032"><ele>167.0</ele></rtept><rtept lat="45.603264" lon="9.286067"><ele>167.0</ele></rtept><rtept lat="45.60327" lon="9.286102"><ele>167.0</ele></rtept><rtept lat="45.603283" lon="9.286132"><ele>167.0</ele></rtept><rtept lat="45.603294" lon="9.286167"><ele>167.0</ele></rtept><rtept lat="45.603313" lon="9.286197"><ele>167.0</ele></rtept><rtept lat="45.60333" lon="9.286225"><ele>167.0</ele></rtept><rtept lat="45.60335" lon="9.286255"><ele>167.0</ele></rtept><rtept lat="45.603367" lon="9.286287"><ele>167.0</ele></rtept><rtept lat="45.603386" lon="9.286315"><ele>167.0</ele></rtept><rtept lat="45.6034" lon="9.286347"><ele>167.0</ele></rtept><rtept lat="45.603416" lon="9.286377"><ele>167.0</ele></rtept><rtept lat="45.603424" lon="9.28641"><ele>167.0</ele></rtept><rtept lat="45.603436" lon="9.286447"><ele>167.0</ele></rtept><rtept lat="45.603443" lon="9.28648"><ele>167.0</ele></rtept><rtept lat="45.60345" lon="9.286515"><ele>167.0</ele></rtept><rtept lat="45.60346" lon="9.286552"><ele>167.0</ele></rtept><rtept lat="45.603462" lon="9.286592"><ele>167.0</ele></rtept><rtept lat="45.603466" lon="9.286635"><ele>167.0</ele></rtept><rtept lat="45.603477" lon="9.286672"><ele>167.0</ele></rtept><rtept lat="45.603485" lon="9.286707"><ele>167.0</ele></rtept><rtept lat="45.603493" lon="9.286742"><ele>167.0</ele></rtept><rtept lat="45.603485" lon="9.286777"><ele>167.0</ele></rtept><rtept lat="45.603485" lon="9.286817"><ele>167.0</ele></rtept><rtept lat="45.603497" lon="9.286855"><ele>167.0</ele></rtept><rtept lat="45.603508" lon="9.286887"><ele>167.0</ele></rtept><rtept lat="45.603523" lon="9.286922"><ele>167.0</ele></rtept><rtept lat="45.60354" lon="9.286952"><ele>167.0</ele></rtept><rtept lat="45.60355" lon="9.286982"><ele>167.0</ele></rtept><rtept lat="45.603565" lon="9.28701"><ele>167.0</ele></rtept><rtept lat="45.60358" lon="9.287037"><ele>167.0</ele></rtept><rtept lat="45.603596" lon="9.287072"><ele>167.0</ele></rtept><rtept lat="45.60361" lon="9.287102"><ele>167.0</ele></rtept><rtept lat="45.603622" lon="9.28713"><ele>167.0</ele></rtept><rtept lat="45.60364" lon="9.28716"><ele>167.0</ele></rtept><rtept lat="45.603657" lon="9.287187"><ele>167.0</ele></rtept><rtept lat="45.603672" lon="9.287218"><ele>167.0</ele></rtept><rtept lat="45.603683" lon="9.287252"><ele>167.0</ele></rtept><rtept lat="45.60369" lon="9.287287"><ele>167.0</ele></rtept><rtept lat="45.603695" lon="9.28733"><ele>167.0</ele></rtept><rtept lat="45.603703" lon="9.287372"><ele>167.0</ele></rtept><rtept lat="45.60371" lon="9.287408"><ele>167.0</ele></rtept><rtept lat="45.60372" lon="9.287447"><ele>167.0</ele></rtept><rtept lat="45.603725" lon="9.28748"><ele>167.0</ele></rtept><rtept lat="45.603737" lon="9.287517"><ele>167.0</ele></rtept><rtept lat="45.60375" lon="9.287552"><ele>167.0</ele></rtept><rtept lat="45.603767" lon="9.287582"><ele>167.0</ele></rtept><rtept lat="45.603783" lon="9.287617"><ele>167.0</ele></rtept><rtept lat="45.60379" lon="9.287652"><ele>167.0</ele></rtept><rtept lat="45.603798" lon="9.287697"><ele>167.0</ele></rtept><rtept lat="45.6038" lon="9.287732"><ele>167.0</ele></rtept><rtept lat="45.6038" lon="9.287772"><ele>167.0</ele></rtept><rtept lat="45.6038" lon="9.287812"><ele>167.0</ele></rtept><rtept lat="45.603806" lon="9.287852"><ele>167.0</ele></rtept><rtept lat="45.603813" lon="9.287887"><ele>167.0</ele></rtept><rtept lat="45.60383" lon="9.287922"><ele>167.0</ele></rtept><rtept lat="45.603832" lon="9.287952"><ele>167.0</ele></rtept><rtept lat="45.603844" lon="9.287985"><ele>167.0</ele></rtept><rtept lat="45.603848" lon="9.288022"><ele>167.0</ele></rtept><rtept lat="45.60385" lon="9.288057"><ele>167.0</ele></rtept><rtept lat="45.603855" lon="9.288097"><ele>167.0</ele></rtept><rtept lat="45.60386" lon="9.288132"><ele>167.0</ele></rtept><rtept lat="45.603855" lon="9.288177"><ele>167.0</ele></rtept><rtept lat="45.60386" lon="9.288217"><ele>167.0</ele></rtept><rtept lat="45.603863" lon="9.288257"><ele>167.0</ele></rtept><rtept lat="45.603867" lon="9.288292"><ele>167.0</ele></rtept><rtept lat="45.60387" lon="9.288332"><ele>167.0</ele></rtept><rtept lat="45.603874" lon="9.288377"><ele>167.0</ele></rtept><rtept lat="45.60388" lon="9.288415"><ele>168.0</ele></rtept><rtept lat="45.60388" lon="9.288452"><ele>168.0</ele></rtept><rtept lat="45.60388" lon="9.288492"><ele>168.0</ele></rtept><rtept lat="45.603878" lon="9.288532"><ele>168.0</ele></rtept><rtept lat="45.60387" lon="9.288567"><ele>168.0</ele></rtept><rtept lat="45.603867" lon="9.288592"><ele>168.0</ele></rtept><rtept lat="45.603863" lon="9.288622"><ele>168.0</ele></rtept><rtept lat="45.603855" lon="9.288652"><ele>168.0</ele></rtept><rtept lat="45.603855" lon="9.288685"><ele>168.0</ele></rtept><rtept lat="45.60385" lon="9.28872"><ele>168.0</ele></rtept><rtept lat="45.603848" lon="9.288757"><ele>168.0</ele></rtept><rtept lat="45.603844" lon="9.288795"><ele>167.0</ele></rtept><rtept lat="45.603832" lon="9.288832"><ele>168.0</ele></rtept><rtept lat="45.603825" lon="9.288867"><ele>168.0</ele></rtept><rtept lat="45.603817" lon="9.288907"><ele>167.0</ele></rtept><rtept lat="45.603813" lon="9.288947"><ele>167.0</ele></rtept><rtept lat="45.6038" lon="9.288982"><ele>167.0</ele></rtept><rtept lat="45.60379" lon="9.289012"><ele>167.0</ele></rtept><rtept lat="45.60378" lon="9.289037"><ele>167.0</ele></rtept><rtept lat="45.603764" lon="9.289065"><ele>167.0</ele></rtept><rtept lat="45.603752" lon="9.289097"><ele>167.0</ele></rtept><rtept lat="45.60375" lon="9.289127"><ele>167.0</ele></rtept><rtept lat="45.603745" lon="9.289162"><ele>168.0</ele></rtept><rtept lat="45.60374" lon="9.289202"><ele>168.0</ele></rtept><rtept lat="45.603737" lon="9.289237"><ele>168.0</ele></rtept><rtept lat="45.603725" lon="9.289272"><ele>168.0</ele></rtept><rtept lat="45.60372" lon="9.289307"><ele>168.0</ele></rtept><rtept lat="45.603714" lon="9.289347"><ele>168.0</ele></rtept><rtept lat="45.603706" lon="9.289378"><ele>168.0</ele></rtept><rtept lat="45.6037" lon="9.28941"><ele>168.0</ele></rtept><rtept lat="45.60369" lon="9.289445"><ele>168.0</ele></rtept><rtept lat="45.603683" lon="9.28948"><ele>168.0</ele></rtept><rtept lat="45.603683" lon="9.28952"><ele>168.0</ele></rtept><rtept lat="45.603683" lon="9.289557"><ele>168.0</ele></rtept><rtept lat="45.603676" lon="9.289592"><ele>168.0</ele></rtept><rtept lat="45.60367" lon="9.289627"><ele>168.0</ele></rtept><rtept lat="45.603657" lon="9.28966"><ele>168.0</ele></rtept><rtept lat="45.60364" lon="9.289692"><ele>168.0</ele></rtept><rtept lat="45.603626" lon="9.289722"><ele>168.0</ele></rtept><rtept lat="45.60361" lon="9.289752"><ele>168.0</ele></rtept><rtept lat="45.603596" lon="9.289792"><ele>168.0</ele></rtept><rtept lat="45.603584" lon="9.289817"><ele>168.0</ele></rtept><rtept lat="45.603573" lon="9.289845"><ele>168.0</ele></rtept><rtept lat="45.603565" lon="9.289877"><ele>168.0</ele></rtept><rtept lat="45.603554" lon="9.289907"><ele>168.0</ele></rtept><rtept lat="45.603542" lon="9.289937"><ele>168.0</ele></rtept><rtept lat="45.603523" lon="9.289962"><ele>168.0</ele></rtept><rtept lat="45.6035" lon="9.289987"><ele>168.0</ele></rtept><rtept lat="45.603485" lon="9.290017"><ele>168.0</ele></rtept><rtept lat="45.60348" lon="9.290052"><ele>168.0</ele></rtept><rtept lat="45.603477" lon="9.29009"><ele>168.0</ele></rtept><rtept lat="45.60347" lon="9.290132"><ele>168.0</ele></rtept><rtept lat="45.60346" lon="9.290162"><ele>168.0</ele></rtept><rtept lat="45.60345" lon="9.290202"><ele>168.0</ele></rtept><rtept lat="45.603443" lon="9.290242"><ele>167.0</ele></rtept><rtept lat="45.60343" lon="9.290277"><ele>167.0</ele></rtept><rtept lat="45.60342" lon="9.290305"><ele>167.0</ele></rtept><rtept lat="45.603413" lon="9.290337"><ele>168.0</ele></rtept><rtept lat="45.60341" lon="9.290372"><ele>168.0</ele></rtept><rtept lat="45.6034" lon="9.290407"><ele>168.0</ele></rtept><rtept lat="45.603397" lon="9.290437"><ele>167.0</ele></rtept><rtept lat="45.603397" lon="9.290472"><ele>168.0</ele></rtept><rtept lat="45.6034" lon="9.290507"><ele>168.0</ele></rtept><rtept lat="45.60341" lon="9.290535"><ele>167.0</ele></rtept><rtept lat="45.60341" lon="9.29057"><ele>167.0</ele></rtept><rtept lat="45.603413" lon="9.290602"><ele>167.0</ele></rtept><rtept lat="45.60341" lon="9.290637"><ele>167.0</ele></rtept><rtept lat="45.60341" lon="9.290667"><ele>168.0</ele></rtept><rtept lat="45.60341" lon="9.290705"><ele>168.0</ele></rtept><rtept lat="45.603405" lon="9.290742"><ele>168.0</ele></rtept><rtept lat="45.6034" lon="9.29077"><ele>168.0</ele></rtept><rtept lat="45.60341" lon="9.290807"><ele>168.0</ele></rtept><rtept lat="45.603413" lon="9.290838"><ele>168.0</ele></rtept><rtept lat="45.60342" lon="9.290882"><ele>168.0</ele></rtept><rtept lat="45.60343" lon="9.290917"><ele>168.0</ele></rtept><rtept lat="45.603443" lon="9.290952"><ele>168.0</ele></rtept><rtept lat="45.60345" lon="9.290977"><ele>168.0</ele></rtept><rtept lat="45.60346" lon="9.291007"><ele>168.0</ele></rtept><rtept lat="45.60347" lon="9.291047"><ele>168.0</ele></rtept><rtept lat="45.60348" lon="9.291082"><ele>168.0</ele></rtept><rtept lat="45.603493" lon="9.291123"><ele>168.0</ele></rtept><rtept lat="45.60351" lon="9.291165"><ele>168.0</ele></rtept><rtept lat="45.60353" lon="9.291192"><ele>168.0</ele></rtept><rtept lat="45.60355" lon="9.291218"><ele>168.0</ele></rtept><rtept lat="45.60357" lon="9.291252"><ele>168.0</ele></rtept><rtept lat="45.60359" lon="9.291277"><ele>168.0</ele></rtept><rtept lat="45.603607" lon="9.291297"><ele>168.0</ele></rtept><rtept lat="45.603626" lon="9.29132"><ele>168.0</ele></rtept><rtept lat="45.603645" lon="9.291352"><ele>168.0</ele></rtept><rtept lat="45.603664" lon="9.291385"><ele>168.0</ele></rtept><rtept lat="45.603683" lon="9.291412"><ele>168.0</ele></rtept><rtept lat="45.6037" lon="9.291442"><ele>168.0</ele></rtept><rtept lat="45.60371" lon="9.291477"><ele>168.0</ele></rtept><rtept lat="45.60373" lon="9.291507"><ele>168.0</ele></rtept><rtept lat="45.60374" lon="9.291537"><ele>168.0</ele></rtept><rtept lat="45.60376" lon="9.291567"><ele>168.0</ele></rtept><rtept lat="45.60378" lon="9.291602"><ele>168.0</ele></rtept><rtept lat="45.603794" lon="9.291627"><ele>168.0</ele></rtept><rtept lat="45.603817" lon="9.291647"><ele>168.0</ele></rtept><rtept lat="45.60384" lon="9.291665"><ele>168.0</ele></rtept><rtept lat="45.60386" lon="9.291687"><ele>168.0</ele></rtept><rtept lat="45.60388" lon="9.291712"><ele>168.0</ele></rtept><rtept lat="45.603897" lon="9.291737"><ele>168.0</ele></rtept><rtept lat="45.603916" lon="9.291767"><ele>168.0</ele></rtept><rtept lat="45.60394" lon="9.291792"><ele>168.0</ele></rtept><rtept lat="45.60396" lon="9.291822"><ele>168.0</ele></rtept><rtept lat="45.603977" lon="9.29185"><ele>168.0</ele></rtept><rtept lat="45.603992" lon="9.291885"><ele>168.0</ele></rtept><rtept lat="45.604008" lon="9.291918"><ele>168.0</ele></rtept><rtept lat="45.604027" lon="9.291947"><ele>168.0</ele></rtept><rtept lat="45.604042" lon="9.291972"><ele>168.0</ele></rtept><rtept lat="45.60406" lon="9.292"><ele>168.0</ele></rtept><rtept lat="45.604076" lon="9.292022"><ele>168.0</ele></rtept><rtept lat="45.6041" lon="9.292042"><ele>168.0</ele></rtept><rtept lat="45.604122" lon="9.292067"><ele>168.0</ele></rtept><rtept lat="45.604145" lon="9.292085"><ele>168.0</ele></rtept><rtept lat="45.60417" lon="9.292102"><ele>168.0</ele></rtept><rtept lat="45.604195" lon="9.29212"><ele>168.0</ele></rtept><rtept lat="45.60422" lon="9.292135"><ele>168.0</ele></rtept><rtept lat="45.604248" lon="9.292165"><ele>168.0</ele></rtept><rtept lat="45.604267" lon="9.292182"><ele>168.0</ele></rtept><rtept lat="45.604294" lon="9.292202"><ele>168.0</ele></rtept><rtept lat="45.604317" lon="9.292222"><ele>168.0</ele></rtept><rtept lat="45.604336" lon="9.292247"><ele>168.0</ele></rtept><rtept lat="45.60436" lon="9.292275"><ele>168.0</ele></rtept><rtept lat="45.60437" lon="9.292312"><ele>168.0</ele></rtept><rtept lat="45.60439" lon="9.292347"><ele>168.0</ele></rtept><rtept lat="45.604404" lon="9.292382"><ele>168.0</ele></rtept><rtept lat="45.604424" lon="9.29241"><ele>168.0</ele></rtept><rtept lat="45.60444" lon="9.292437"><ele>168.0</ele></rtept><rtept lat="45.604454" lon="9.292467"><ele>168.0</ele></rtept><rtept lat="45.604473" lon="9.292495"><ele>168.0</ele></rtept><rtept lat="45.60449" lon="9.292523"><ele>168.0</ele></rtept><rtept lat="45.60451" lon="9.292557"><ele>168.0</ele></rtept><rtept lat="45.60453" lon="9.292582"><ele>168.0</ele></rtept><rtept lat="45.604557" lon="9.292597"><ele>168.0</ele></rtept><rtept lat="45.60458" lon="9.292625"><ele>168.0</ele></rtept><rtept lat="45.6046" lon="9.292645"><ele>168.0</ele></rtept><rtept lat="45.60462" lon="9.292662"><ele>168.0</ele></rtept><rtept lat="45.604645" lon="9.29269"><ele>168.0</ele></rtept><rtept lat="45.604664" lon="9.29272"><ele>168.0</ele></rtept><rtept lat="45.604683" lon="9.292745"><ele>168.0</ele></rtept><rtept lat="45.604706" lon="9.29277"><ele>168.0</ele></rtept><rtept lat="45.60472" lon="9.292792"><ele>168.0</ele></rtept><rtept lat="45.604736" lon="9.292808"><ele>168.0</ele></rtept><rtept lat="45.60476" lon="9.292832"><ele>168.0</ele></rtept><rtept lat="45.604782" lon="9.292852"><ele>168.0</ele></rtept><rtept lat="45.6048" lon="9.292872"><ele>168.0</ele></rtept><rtept lat="45.604816" lon="9.292897"><ele>168.0</ele></rtept><rtept lat="45.604828" lon="9.292927"><ele>168.0</ele></rtept><rtept lat="45.60484" lon="9.292965"><ele>168.0</ele></rtept><rtept lat="45.60486" lon="9.292997"><ele>168.0</ele></rtept><rtept lat="45.60488" lon="9.29302"><ele>168.0</ele></rtept><rtept lat="45.604897" lon="9.293045"><ele>168.0</ele></rtept><rtept lat="45.604916" lon="9.293072"><ele>168.0</ele></rtept><rtept lat="45.60493" lon="9.293102"><ele>168.0</ele></rtept><rtept lat="45.604946" lon="9.293125"><ele>168.0</ele></rtept><rtept lat="45.604958" lon="9.293152"><ele>168.0</ele></rtept><rtept lat="45.604977" lon="9.293185"><ele>168.0</ele></rtept><rtept lat="45.604992" lon="9.293217"><ele>168.0</ele></rtept><rtept lat="45.60501" lon="9.293247"><ele>168.0</ele></rtept><rtept lat="45.60503" lon="9.293277"><ele>168.0</ele></rtept><rtept lat="45.605045" lon="9.293307"><ele>168.0</ele></rtept><rtept lat="45.60506" lon="9.29334"><ele>168.0</ele></rtept><rtept lat="45.605076" lon="9.293367"><ele>168.0</ele></rtept><rtept lat="45.605087" lon="9.293397"><ele>168.0</ele></rtept><rtept lat="45.6051" lon="9.293437"><ele>168.0</ele></rtept><rtept lat="45.60511" lon="9.29347"><ele>168.0</ele></rtept><rtept lat="45.605125" lon="9.293502"><ele>168.0</ele></rtept><rtept lat="45.60515" lon="9.293527"><ele>168.0</ele></rtept><rtept lat="45.605164" lon="9.293552"><ele>168.0</ele></rtept><rtept lat="45.605186" lon="9.293577"><ele>168.0</ele></rtept><rtept lat="45.6052" lon="9.293607"><ele>168.0</ele></rtept><rtept lat="45.60522" lon="9.29364"><ele>168.0</ele></rtept><rtept lat="45.605236" lon="9.293672"><ele>168.0</ele></rtept><rtept lat="45.60525" lon="9.293702"><ele>168.0</ele></rtept><rtept lat="45.605267" lon="9.29373"><ele>168.0</ele></rtept><rtept lat="45.605278" lon="9.293757"><ele>168.0</ele></rtept><rtept lat="45.605293" lon="9.293787"><ele>168.0</ele></rtept><rtept lat="45.605312" lon="9.29382"><ele>168.0</ele></rtept><rtept lat="45.60533" lon="9.293855"><ele>168.0</ele></rtept><rtept lat="45.605347" lon="9.293887"><ele>168.0</ele></rtept><rtept lat="45.605362" lon="9.293912"><ele>168.0</ele></rtept><rtept lat="45.605373" lon="9.293945"><ele>168.0</ele></rtept><rtept lat="45.60539" lon="9.293975"><ele>168.0</ele></rtept><rtept lat="45.605404" lon="9.294002"><ele>168.0</ele></rtept><rtept lat="45.605423" lon="9.294032"><ele>168.0</ele></rtept><rtept lat="45.60544" lon="9.294062"><ele>168.0</ele></rtept><rtept lat="45.60546" lon="9.294082"><ele>168.0</ele></rtept><rtept lat="45.60548" lon="9.294112"><ele>168.0</ele></rtept><rtept lat="45.605503" lon="9.294137"><ele>168.0</ele></rtept><rtept lat="45.605522" lon="9.294162"><ele>168.0</ele></rtept><rtept lat="45.605537" lon="9.294192"><ele>168.0</ele></rtept><rtept lat="45.605556" lon="9.294217"><ele>168.0</ele></rtept><rtept lat="45.60557" lon="9.294242"><ele>168.0</ele></rtept><rtept lat="45.60559" lon="9.294265"><ele>168.0</ele></rtept><rtept lat="45.605614" lon="9.294285"><ele>168.0</ele></rtept><rtept lat="45.605633" lon="9.294317"><ele>168.0</ele></rtept><rtept lat="45.605648" lon="9.294347"><ele>168.0</ele></rtept><rtept lat="45.60567" lon="9.294377"><ele>168.0</ele></rtept><rtept lat="45.605686" lon="9.294397"><ele>168.0</ele></rtept><rtept lat="45.605705" lon="9.294425"><ele>168.0</ele></rtept><rtept lat="45.605717" lon="9.29446"><ele>168.0</ele></rtept><rtept lat="45.605736" lon="9.294493"><ele>168.0</ele></rtept><rtept lat="45.60576" lon="9.294522"><ele>168.0</ele></rtept><rtept lat="45.605778" lon="9.294552"><ele>168.0</ele></rtept><rtept lat="45.605793" lon="9.294577"><ele>168.0</ele></rtept><rtept lat="45.605812" lon="9.294597"><ele>168.0</ele></rtept><rtept lat="45.60583" lon="9.294625"><ele>168.0</ele></rtept><rtept lat="45.60585" lon="9.294652"><ele>168.0</ele></rtept><rtept lat="45.605865" lon="9.294682"><ele>168.0</ele></rtept><rtept lat="45.605885" lon="9.294702"><ele>168.0</ele></rtept><rtept lat="45.605904" lon="9.294727"><ele>168.0</ele></rtept><rtept lat="45.60592" lon="9.294752"><ele>168.0</ele></rtept><rtept lat="45.605938" lon="9.294782"><ele>168.0</ele></rtept><rtept lat="45.605957" lon="9.29481"><ele>168.0</ele></rtept><rtept lat="45.605972" lon="9.294837"><ele>168.0</ele></rtept><rtept lat="45.60599" lon="9.294867"><ele>168.0</ele></rtept><rtept lat="45.606007" lon="9.294892"><ele>168.0</ele></rtept><rtept lat="45.60602" lon="9.294925"><ele>168.0</ele></rtept><rtept lat="45.60604" lon="9.294955"><ele>168.0</ele></rtept><rtept lat="45.60606" lon="9.294982"><ele>168.0</ele></rtept><rtept lat="45.606083" lon="9.295012"><ele>168.0</ele></rtept><rtept lat="45.606102" lon="9.295037"><ele>168.0</ele></rtept><rtept lat="45.606125" lon="9.295055"><ele>168.0</ele></rtept><rtept lat="45.606148" lon="9.29507"><ele>168.0</ele></rtept><rtept lat="45.60617" lon="9.295087"><ele>168.0</ele></rtept><rtept lat="45.606194" lon="9.29511"><ele>168.0</ele></rtept><rtept lat="45.606213" lon="9.295135"><ele>168.0</ele></rtept><rtept lat="45.60623" lon="9.295158"><ele>168.0</ele></rtept><rtept lat="45.606255" lon="9.295192"><ele>168.0</ele></rtept><rtept lat="45.606274" lon="9.295222"><ele>168.0</ele></rtept><rtept lat="45.606293" lon="9.295245"><ele>168.0</ele></rtept><rtept lat="45.606316" lon="9.295262"><ele>168.0</ele></rtept><rtept lat="45.606335" lon="9.295282"><ele>168.0</ele></rtept><rtept lat="45.606354" lon="9.295302"><ele>168.0</ele></rtept><rtept lat="45.606377" lon="9.29533"><ele>168.0</ele></rtept><rtept lat="45.60639" lon="9.295357"><ele>168.0</ele></rtept><rtept lat="45.606407" lon="9.295387"><ele>168.0</ele></rtept><rtept lat="45.606422" lon="9.295422"><ele>168.0</ele></rtept><rtept lat="45.606438" lon="9.295447"><ele>168.0</ele></rtept><rtept lat="45.60646" lon="9.295472"><ele>168.0</ele></rtept><rtept lat="45.606483" lon="9.295492"><ele>168.0</ele></rtept><rtept lat="45.606506" lon="9.295515"><ele>168.0</ele></rtept><rtept lat="45.606525" lon="9.295545"><ele>168.0</ele></rtept><rtept lat="45.60655" lon="9.29557"><ele>168.0</ele></rtept><rtept lat="45.606567" lon="9.295592"><ele>168.0</ele></rtept><rtept lat="45.60659" lon="9.295612"><ele>168.0</ele></rtept><rtept lat="45.606613" lon="9.295632"><ele>168.0</ele></rtept><rtept lat="45.606632" lon="9.295652"><ele>168.0</ele></rtept><rtept lat="45.60665" lon="9.295672"><ele>168.0</ele></rtept><rtept lat="45.60667" lon="9.295702"><ele>168.0</ele></rtept><rtept lat="45.60668" lon="9.295745"><ele>168.0</ele></rtept><rtept lat="45.606697" lon="9.295775"><ele>168.0</ele></rtept><rtept lat="45.606712" lon="9.295805"><ele>168.0</ele></rtept><rtept lat="45.606728" lon="9.295832"><ele>168.0</ele></rtept><rtept lat="45.606747" lon="9.295862"><ele>168.0</ele></rtept><rtept lat="45.606766" lon="9.295885"><ele>168.0</ele></rtept><rtept lat="45.60679" lon="9.295907"><ele>168.0</ele></rtept><rtept lat="45.606808" lon="9.295932"><ele>168.0</ele></rtept><rtept lat="45.606827" lon="9.295953"><ele>168.0</ele></rtept><rtept lat="45.606853" lon="9.295975"><ele>168.0</ele></rtept><rtept lat="45.606873" lon="9.295997"><ele>168.0</ele></rtept><rtept lat="45.606888" lon="9.29603"><ele>168.0</ele></rtept><rtept lat="45.6069" lon="9.296067"><ele>168.0</ele></rtept><rtept lat="45.60691" lon="9.296102"><ele>168.0</ele></rtept><rtept lat="45.606926" lon="9.296135"><ele>168.0</ele></rtept><rtept lat="45.606945" lon="9.29616"><ele>168.0</ele></rtept><rtept lat="45.606964" lon="9.296182"><ele>168.0</ele></rtept><rtept lat="45.606983" lon="9.296202"><ele>169.0</ele></rtept><rtept lat="45.607006" lon="9.296222"><ele>169.0</ele></rtept><rtept lat="45.607025" lon="9.296242"><ele>169.0</ele></rtept><rtept lat="45.607048" lon="9.296262"><ele>169.0</ele></rtept><rtept lat="45.607067" lon="9.296282"><ele>168.0</ele></rtept><rtept lat="45.607094" lon="9.296282"><ele>169.0</ele></rtept><rtept lat="45.607117" lon="9.296292"><ele>169.0</ele></rtept><rtept lat="45.607143" lon="9.296307"><ele>169.0</ele></rtept><rtept lat="45.607166" lon="9.296327"><ele>168.0</ele></rtept><rtept lat="45.607193" lon="9.296347"><ele>168.0</ele></rtept><rtept lat="45.607216" lon="9.296372"><ele>168.0</ele></rtept><rtept lat="45.607243" lon="9.296392"><ele>169.0</ele></rtept><rtept lat="45.607265" lon="9.29641"><ele>169.0</ele></rtept><rtept lat="45.607292" lon="9.296427"><ele>169.0</ele></rtept><rtept lat="45.60732" lon="9.296442"><ele>169.0</ele></rtept><rtept lat="45.607346" lon="9.29646"><ele>169.0</ele></rtept><rtept lat="45.60737" lon="9.296485"><ele>169.0</ele></rtept><rtept lat="45.60739" lon="9.296502"><ele>169.0</ele></rtept><rtept lat="45.60741" lon="9.29652"><ele>169.0</ele></rtept><rtept lat="45.607433" lon="9.296537"><ele>169.0</ele></rtept><rtept lat="45.60745" lon="9.296558"><ele>169.0</ele></rtept><rtept lat="45.607464" lon="9.296582"><ele>169.0</ele></rtept><rtept lat="45.607483" lon="9.296602"><ele>169.0</ele></rtept><rtept lat="45.607502" lon="9.296622"><ele>169.0</ele></rtept><rtept lat="45.60752" lon="9.296637"><ele>169.0</ele></rtept><rtept lat="45.60754" lon="9.296657"><ele>169.0</ele></rtept><rtept lat="45.607563" lon="9.296672"><ele>169.0</ele></rtept><rtept lat="45.60759" lon="9.296685"><ele>169.0</ele></rtept><rtept lat="45.607613" lon="9.296697"><ele>169.0</ele></rtept><rtept lat="45.607635" lon="9.296717"><ele>169.0</ele></rtept><rtept lat="45.607662" lon="9.296737"><ele>169.0</ele></rtept><rtept lat="45.607685" lon="9.296752"><ele>169.0</ele></rtept><rtept lat="45.607708" lon="9.29677"><ele>169.0</ele></rtept><rtept lat="45.60773" lon="9.296792"><ele>169.0</ele></rtept><rtept lat="45.607754" lon="9.296807"><ele>169.0</ele></rtept><rtept lat="45.607773" lon="9.296825"><ele>169.0</ele></rtept><rtept lat="45.6078" lon="9.29684"><ele>169.0</ele></rtept><rtept lat="45.607826" lon="9.29685"><ele>169.0</ele></rtept><rtept lat="45.607853" lon="9.296862"><ele>169.0</ele></rtept><rtept lat="45.607876" lon="9.296872"><ele>170.0</ele></rtept><rtept lat="45.6079" lon="9.296887"><ele>170.0</ele></rtept><rtept lat="45.607918" lon="9.29691"><ele>170.0</ele></rtept><rtept lat="45.607937" lon="9.296935"><ele>170.0</ele></rtept><rtept lat="45.607956" lon="9.29696"><ele>169.0</ele></rtept><rtept lat="45.60798" lon="9.296985"><ele>169.0</ele></rtept><rtept lat="45.608" lon="9.297002"><ele>169.0</ele></rtept><rtept lat="45.608025" lon="9.29702"><ele>169.0</ele></rtept><rtept lat="45.608047" lon="9.297037"><ele>169.0</ele></rtept><rtept lat="45.60807" lon="9.297055"><ele>169.0</ele></rtept><rtept lat="45.608093" lon="9.297075"><ele>169.0</ele></rtept><rtept lat="45.608116" lon="9.297097"><ele>169.0</ele></rtept><rtept lat="45.608135" lon="9.297112"><ele>169.0</ele></rtept><rtept lat="45.60816" lon="9.297137"><ele>169.0</ele></rtept><rtept lat="45.608173" lon="9.297165"><ele>169.0</ele></rtept><rtept lat="45.608192" lon="9.297192"><ele>169.0</ele></rtept><rtept lat="45.60821" lon="9.297215"><ele>169.0</ele></rtept><rtept lat="45.60824" lon="9.297237"><ele>170.0</ele></rtept><rtept lat="45.608257" lon="9.297252"><ele>170.0</ele></rtept><rtept lat="45.608276" lon="9.29727"><ele>170.0</ele></rtept><rtept lat="45.608295" lon="9.29729"><ele>170.0</ele></rtept><rtept lat="45.60832" lon="9.297307"><ele>170.0</ele></rtept><rtept lat="45.60834" lon="9.297327"><ele>170.0</ele></rtept><rtept lat="45.60836" lon="9.297342"><ele>170.0</ele></rtept><rtept lat="45.608383" lon="9.29735"><ele>170.0</ele></rtept><rtept lat="45.608406" lon="9.297353"><ele>170.0</ele></rtept><rtept lat="45.608425" lon="9.297353"><ele>170.0</ele></rtept><rtept lat="45.60844" lon="9.297332"><ele>170.0</ele></rtept><rtept lat="45.60845" lon="9.297302"><ele>170.0</ele></rtept><rtept lat="45.608463" lon="9.297267"><ele>171.0</ele></rtept><rtept lat="45.60847" lon="9.297232"><ele>171.0</ele></rtept><rtept lat="45.608482" lon="9.297192"><ele>171.0</ele></rtept><rtept lat="45.60849" lon="9.297152"><ele>171.0</ele></rtept><rtept lat="45.608494" lon="9.297112"><ele>171.0</ele></rtept><rtept lat="45.6085" lon="9.297072"><ele>171.0</ele></rtept><rtept lat="45.608505" lon="9.297033"><ele>171.0</ele></rtept><rtept lat="45.608513" lon="9.296997"><ele>171.0</ele></rtept><rtept lat="45.608513" lon="9.296957"><ele>171.0</ele></rtept><rtept lat="45.608513" lon="9.296917"><ele>171.0</ele></rtept><rtept lat="45.608513" lon="9.296875"><ele>171.0</ele></rtept><rtept lat="45.60851" lon="9.296835"><ele>171.0</ele></rtept><rtept lat="45.60851" lon="9.296792"><ele>171.0</ele></rtept><rtept lat="45.60851" lon="9.296757"><ele>171.0</ele></rtept><rtept lat="45.608505" lon="9.296715"><ele>171.0</ele></rtept><rtept lat="45.608505" lon="9.296675"><ele>171.0</ele></rtept><rtept lat="45.608505" lon="9.296637"><ele>171.0</ele></rtept><rtept lat="45.60851" lon="9.296595"><ele>171.0</ele></rtept><rtept lat="45.608513" lon="9.296558"><ele>171.0</ele></rtept><rtept lat="45.608517" lon="9.296522"><ele>171.0</ele></rtept><rtept lat="45.60852" lon="9.296482"><ele>171.0</ele></rtept><rtept lat="45.608524" lon="9.296447"><ele>171.0</ele></rtept><rtept lat="45.60853" lon="9.296412"><ele>171.0</ele></rtept><rtept lat="45.60853" lon="9.296372"><ele>171.0</ele></rtept><rtept lat="45.60853" lon="9.296337"><ele>171.0</ele></rtept><rtept lat="45.608532" lon="9.296295"><ele>171.0</ele></rtept><rtept lat="45.608536" lon="9.296257"><ele>171.0</ele></rtept><rtept lat="45.608536" lon="9.296217"><ele>171.0</ele></rtept><rtept lat="45.608536" lon="9.296177"><ele>171.0</ele></rtept><rtept lat="45.608536" lon="9.296142"><ele>171.0</ele></rtept><rtept lat="45.608532" lon="9.296105"><ele>171.0</ele></rtept><rtept lat="45.608532" lon="9.296067"><ele>171.0</ele></rtept><rtept lat="45.608532" lon="9.29603"><ele>171.0</ele></rtept><rtept lat="45.608532" lon="9.295995"><ele>171.0</ele></rtept><rtept lat="45.608536" lon="9.295957"><ele>171.0</ele></rtept><rtept lat="45.608536" lon="9.295922"><ele>171.0</ele></rtept><rtept lat="45.60854" lon="9.295882"><ele>171.0</ele></rtept><rtept lat="45.608543" lon="9.295845"><ele>171.0</ele></rtept><rtept lat="45.608543" lon="9.295807"><ele>171.0</ele></rtept><rtept lat="45.608547" lon="9.295772"><ele>171.0</ele></rtept><rtept lat="45.608543" lon="9.295732"><ele>171.0</ele></rtept><rtept lat="45.608547" lon="9.295692"><ele>171.0</ele></rtept><rtept lat="45.608547" lon="9.295655"><ele>171.0</ele></rtept><rtept lat="45.608547" lon="9.295615"><ele>171.0</ele></rtept><rtept lat="45.608547" lon="9.295577"><ele>171.0</ele></rtept><rtept lat="45.608543" lon="9.295542"><ele>171.0</ele></rtept><rtept lat="45.608543" lon="9.2955"><ele>171.0</ele></rtept><rtept lat="45.608543" lon="9.295467"><ele>171.0</ele></rtept><rtept lat="45.608536" lon="9.29543"><ele>171.0</ele></rtept><rtept lat="45.60853" lon="9.295392"><ele>171.0</ele></rtept><rtept lat="45.60852" lon="9.295357"><ele>171.0</ele></rtept><rtept lat="45.608517" lon="9.295317"><ele>171.0</ele></rtept><rtept lat="45.608505" lon="9.295277"><ele>171.0</ele></rtept><rtept lat="45.608494" lon="9.295242"><ele>171.0</ele></rtept><rtept lat="45.60848" lon="9.29521"><ele>171.0</ele></rtept><rtept lat="45.608456" lon="9.295182"><ele>171.0</ele></rtept><rtept lat="45.608437" lon="9.295155"><ele>171.0</ele></rtept><rtept lat="45.608418" lon="9.29513"><ele>170.0</ele></rtept><rtept lat="45.6084" lon="9.295107"><ele>170.0</ele></rtept><rtept lat="45.60837" lon="9.295082"><ele>170.0</ele></rtept><rtept lat="45.608353" lon="9.29506"><ele>170.0</ele></rtept><rtept lat="45.608334" lon="9.295037"><ele>170.0</ele></rtept><rtept lat="45.60831" lon="9.295007"><ele>170.0</ele></rtept><rtept lat="45.608288" lon="9.294982"><ele>170.0</ele></rtept><rtept lat="45.60827" lon="9.294957"><ele>170.0</ele></rtept><rtept lat="45.608246" lon="9.294932"><ele>170.0</ele></rtept><rtept lat="45.608223" lon="9.294905"><ele>170.0</ele></rtept><rtept lat="45.608208" lon="9.294877"><ele>170.0</ele></rtept><rtept lat="45.60819" lon="9.294847"><ele>170.0</ele></rtept><rtept lat="45.608166" lon="9.294817"><ele>170.0</ele></rtept><rtept lat="45.608147" lon="9.294782"><ele>170.0</ele></rtept><rtept lat="45.60813" lon="9.294757"><ele>170.0</ele></rtept><rtept lat="45.60811" lon="9.294732"><ele>170.0</ele></rtept><rtept lat="45.608086" lon="9.294702"><ele>169.0</ele></rtept><rtept lat="45.608067" lon="9.29468"><ele>169.0</ele></rtept><rtept lat="45.608044" lon="9.294657"><ele>169.0</ele></rtept><rtept lat="45.60802" lon="9.294635"><ele>169.0</ele></rtept><rtept lat="45.608" lon="9.294612"><ele>169.0</ele></rtept><rtept lat="45.60798" lon="9.294587"><ele>169.0</ele></rtept><rtept lat="45.607964" lon="9.294562"><ele>169.0</ele></rtept><rtept lat="45.607944" lon="9.294537"><ele>169.0</ele></rtept><rtept lat="45.607925" lon="9.294515"><ele>169.0</ele></rtept><rtept lat="45.60791" lon="9.29449"><ele>169.0</ele></rtept><rtept lat="45.60789" lon="9.294465"><ele>169.0</ele></rtept><rtept lat="45.60787" lon="9.294442"><ele>169.0</ele></rtept><rtept lat="45.60785" lon="9.294422"><ele>169.0</ele></rtept><rtept lat="45.60783" lon="9.294395"><ele>169.0</ele></rtept><rtept lat="45.607807" lon="9.294367"><ele>169.0</ele></rtept><rtept lat="45.60779" lon="9.29434"><ele>169.0</ele></rtept><rtept lat="45.607777" lon="9.29431"><ele>169.0</ele></rtept><rtept lat="45.60776" lon="9.294282"><ele>169.0</ele></rtept><rtept lat="45.607742" lon="9.294257"><ele>169.0</ele></rtept><rtept lat="45.607716" lon="9.294237"><ele>169.0</ele></rtept><rtept lat="45.607697" lon="9.294217"><ele>169.0</ele></rtept><rtept lat="45.607674" lon="9.2942"><ele>169.0</ele></rtept><rtept lat="45.60766" lon="9.294177"><ele>169.0</ele></rtept><rtept lat="45.60764" lon="9.29415"><ele>169.0</ele></rtept><rtept lat="45.60762" lon="9.294122"><ele>169.0</ele></rtept><rtept lat="45.607605" lon="9.294087"><ele>169.0</ele></rtept><rtept lat="45.60759" lon="9.294057"><ele>169.0</ele></rtept><rtept lat="45.607574" lon="9.294022"><ele>169.0</ele></rtept><rtept lat="45.60756" lon="9.293992"><ele>169.0</ele></rtept><rtept lat="45.607544" lon="9.29396"><ele>169.0</ele></rtept><rtept lat="45.60753" lon="9.29393"><ele>169.0</ele></rtept><rtept lat="45.607513" lon="9.2939"><ele>169.0</ele></rtept><rtept lat="45.607494" lon="9.293872"><ele>169.0</ele></rtept><rtept lat="45.60748" lon="9.29384"><ele>169.0</ele></rtept><rtept lat="45.607464" lon="9.293812"><ele>169.0</ele></rtept><rtept lat="45.607445" lon="9.29378"><ele>169.0</ele></rtept><rtept lat="45.607426" lon="9.293752"><ele>168.0</ele></rtept><rtept lat="45.607407" lon="9.293725"><ele>168.0</ele></rtept><rtept lat="45.60739" lon="9.293697"><ele>168.0</ele></rtept><rtept lat="45.607372" lon="9.293667"><ele>168.0</ele></rtept><rtept lat="45.607353" lon="9.293637"><ele>168.0</ele></rtept><rtept lat="45.60734" lon="9.293602"><ele>168.0</ele></rtept><rtept lat="45.607327" lon="9.29357"><ele>168.0</ele></rtept><rtept lat="45.607315" lon="9.29353"><ele>168.0</ele></rtept><rtept lat="45.6073" lon="9.293495"><ele>168.0</ele></rtept><rtept lat="45.607285" lon="9.29346"><ele>168.0</ele></rtept><rtept lat="45.607265" lon="9.293432"><ele>168.0</ele></rtept><rtept lat="45.60725" lon="9.293412"><ele>168.0</ele></rtept><rtept lat="45.60724" lon="9.293387"><ele>168.0</ele></rtept><rtept lat="45.607224" lon="9.293362"><ele>168.0</ele></rtept><rtept lat="45.607212" lon="9.29333"><ele>168.0</ele></rtept><rtept lat="45.6072" lon="9.293297"><ele>168.0</ele></rtept><rtept lat="45.607185" lon="9.293265"><ele>168.0</ele></rtept><rtept lat="45.60717" lon="9.293237"><ele>168.0</ele></rtept><rtept lat="45.607155" lon="9.29321"><ele>168.0</ele></rtept><rtept lat="45.607136" lon="9.293182"><ele>168.0</ele></rtept><rtept lat="45.607124" lon="9.293152"><ele>168.0</ele></rtept><rtept lat="45.60711" lon="9.293117"><ele>168.0</ele></rtept><rtept lat="45.607094" lon="9.29309"><ele>168.0</ele></rtept><rtept lat="45.60707" lon="9.293065"><ele>168.0</ele></rtept><rtept lat="45.60705" lon="9.29304"><ele>168.0</ele></rtept><rtept lat="45.607033" lon="9.293017"><ele>168.0</ele></rtept><rtept lat="45.607014" lon="9.292987"><ele>168.0</ele></rtept><rtept lat="45.60699" lon="9.292962"><ele>168.0</ele></rtept><rtept lat="45.606976" lon="9.292937"><ele>168.0</ele></rtept><rtept lat="45.606953" lon="9.29291"><ele>168.0</ele></rtept><rtept lat="45.606934" lon="9.292887"><ele>168.0</ele></rtept><rtept lat="45.60692" lon="9.292862"><ele>168.0</ele></rtept><rtept lat="45.606895" lon="9.292835"><ele>168.0</ele></rtept><rtept lat="45.606876" lon="9.292807"><ele>168.0</ele></rtept><rtept lat="45.606857" lon="9.292775"><ele>168.0</ele></rtept><rtept lat="45.60684" lon="9.292745"><ele>168.0</ele></rtept><rtept lat="45.606823" lon="9.292713"><ele>168.0</ele></rtept><rtept lat="45.606796" lon="9.29269"><ele>168.0</ele></rtept><rtept lat="45.606773" lon="9.292667"><ele>168.0</ele></rtept><rtept lat="45.60675" lon="9.292647"><ele>168.0</ele></rtept><rtept lat="45.60673" lon="9.292625"><ele>168.0</ele></rtept><rtept lat="45.606712" lon="9.292595"><ele>168.0</ele></rtept><rtept lat="45.606693" lon="9.292565"><ele>168.0</ele></rtept><rtept lat="45.60667" lon="9.292537"><ele>168.0</ele></rtept><rtept lat="45.606647" lon="9.29251"><ele>168.0</ele></rtept><rtept lat="45.60663" lon="9.292492"><ele>168.0</ele></rtept><rtept lat="45.606606" lon="9.292467"><ele>168.0</ele></rtept><rtept lat="45.606586" lon="9.29244"><ele>168.0</ele></rtept><rtept lat="45.60657" lon="9.292412"><ele>168.0</ele></rtept><rtept lat="45.606556" lon="9.292382"><ele>168.0</ele></rtept><rtept lat="45.60654" lon="9.292347"><ele>168.0</ele></rtept><rtept lat="45.606533" lon="9.29231"><ele>168.0</ele></rtept><rtept lat="45.606533" lon="9.292267"><ele>168.0</ele></rtept><rtept lat="45.606537" lon="9.292227"><ele>168.0</ele></rtept><rtept lat="45.60654" lon="9.292187"><ele>168.0</ele></rtept><rtept lat="45.606556" lon="9.29215"><ele>168.0</ele></rtept><rtept lat="45.60657" lon="9.292112"><ele>168.0</ele></rtept><rtept lat="45.606586" lon="9.292082"><ele>168.0</ele></rtept><rtept lat="45.6066" lon="9.292047"><ele>168.0</ele></rtept><rtept lat="45.606613" lon="9.292012"><ele>168.0</ele></rtept><rtept lat="45.606636" lon="9.291977"><ele>168.0</ele></rtept><rtept lat="45.60665" lon="9.291942"><ele>168.0</ele></rtept><rtept lat="45.606663" lon="9.291905"><ele>168.0</ele></rtept><rtept lat="45.60667" lon="9.29187"><ele>168.0</ele></rtept><rtept lat="45.606686" lon="9.29184"><ele>168.0</ele></rtept><rtept lat="45.606697" lon="9.291805"><ele>168.0</ele></rtept><rtept lat="45.60671" lon="9.291767"><ele>168.0</ele></rtept><rtept lat="45.606716" lon="9.291732"><ele>168.0</ele></rtept><rtept lat="45.606728" lon="9.291697"><ele>168.0</ele></rtept><rtept lat="45.606735" lon="9.291667"><ele>168.0</ele></rtept><rtept lat="45.606747" lon="9.291632"><ele>168.0</ele></rtept><rtept lat="45.606762" lon="9.291597"><ele>168.0</ele></rtept><rtept lat="45.606773" lon="9.291565"><ele>168.0</ele></rtept><rtept lat="45.60679" lon="9.291527"><ele>168.0</ele></rtept><rtept lat="45.606804" lon="9.291497"><ele>168.0</ele></rtept><rtept lat="45.606815" lon="9.291462"><ele>168.0</ele></rtept><rtept lat="45.60683" lon="9.29143"><ele>168.0</ele></rtept><rtept lat="45.60684" lon="9.291397"><ele>168.0</ele></rtept><rtept lat="45.60685" lon="9.29136"><ele>168.0</ele></rtept><rtept lat="45.606857" lon="9.291322"><ele>168.0</ele></rtept><rtept lat="45.60687" lon="9.291287"><ele>168.0</ele></rtept><rtept lat="45.606873" lon="9.291252"><ele>168.0</ele></rtept><rtept lat="45.60688" lon="9.291215"><ele>168.0</ele></rtept><rtept lat="45.60689" lon="9.291177"><ele>168.0</ele></rtept><rtept lat="45.6069" lon="9.291137"><ele>168.0</ele></rtept><rtept lat="45.606907" lon="9.291102"><ele>168.0</ele></rtept><rtept lat="45.60692" lon="9.291062"><ele>168.0</ele></rtept><rtept lat="45.606926" lon="9.291027"><ele>168.0</ele></rtept><rtept lat="45.60694" lon="9.290987"><ele>168.0</ele></rtept><rtept lat="45.60695" lon="9.290952"><ele>168.0</ele></rtept><rtept lat="45.60696" lon="9.290917"><ele>168.0</ele></rtept><rtept lat="45.606976" lon="9.290882"><ele>168.0</ele></rtept><rtept lat="45.606987" lon="9.290852"><ele>168.0</ele></rtept><rtept lat="45.607" lon="9.29082"><ele>168.0</ele></rtept><rtept lat="45.60701" lon="9.290785"><ele>168.0</ele></rtept><rtept lat="45.607018" lon="9.29075"><ele>168.0</ele></rtept><rtept lat="45.607025" lon="9.290712"><ele>168.0</ele></rtept><rtept lat="45.60704" lon="9.290682"><ele>168.0</ele></rtept><rtept lat="45.607056" lon="9.290645"><ele>168.0</ele></rtept><rtept lat="45.607067" lon="9.290607"><ele>168.0</ele></rtept><rtept lat="45.60708" lon="9.290575"><ele>168.0</ele></rtept><rtept lat="45.60709" lon="9.29054"><ele>168.0</ele></rtept><rtept lat="45.607098" lon="9.290505"><ele>168.0</ele></rtept><rtept lat="45.607113" lon="9.290472"><ele>168.0</ele></rtept><rtept lat="45.607124" lon="9.29044"><ele>168.0</ele></rtept><rtept lat="45.607136" lon="9.290407"><ele>168.0</ele></rtept><rtept lat="45.607147" lon="9.290377"><ele>168.0</ele></rtept><rtept lat="45.60716" lon="9.290342"><ele>168.0</ele></rtept><rtept lat="45.60717" lon="9.290307"><ele>168.0</ele></rtept><rtept lat="45.607178" lon="9.290272"><ele>168.0</ele></rtept><rtept lat="45.607185" lon="9.290237"><ele>168.0</ele></rtept><rtept lat="45.607197" lon="9.290205"><ele>168.0</ele></rtept><rtept lat="45.607204" lon="9.290172"><ele>168.0</ele></rtept><rtept lat="45.607216" lon="9.290138"><ele>168.0</ele></rtept><rtept lat="45.607227" lon="9.290102"><ele>168.0</ele></rtept><rtept lat="45.60723" lon="9.290067"><ele>168.0</ele></rtept><rtept lat="45.607243" lon="9.290032"><ele>168.0</ele></rtept><rtept lat="45.60725" lon="9.29"><ele>168.0</ele></rtept><rtept lat="45.607265" lon="9.289965"><ele>168.0</ele></rtept><rtept lat="45.607273" lon="9.28993"><ele>168.0</ele></rtept><rtept lat="45.60728" lon="9.289892"><ele>168.0</ele></rtept><rtept lat="45.607292" lon="9.28986"><ele>168.0</ele></rtept><rtept lat="45.607304" lon="9.289825"><ele>168.0</ele></rtept><rtept lat="45.60732" lon="9.289792"><ele>168.0</ele></rtept><rtept lat="45.607327" lon="9.289758"><ele>168.0</ele></rtept><rtept lat="45.60734" lon="9.289727"><ele>168.0</ele></rtept><rtept lat="45.60735" lon="9.289695"><ele>168.0</ele></rtept><rtept lat="45.607357" lon="9.289662"><ele>168.0</ele></rtept><rtept lat="45.60737" lon="9.289627"><ele>168.0</ele></rtept><rtept lat="45.607376" lon="9.289592"><ele>168.0</ele></rtept><rtept lat="45.60739" lon="9.289557"><ele>168.0</ele></rtept><rtept lat="45.607407" lon="9.289527"><ele>168.0</ele></rtept><rtept lat="45.607418" lon="9.289497"><ele>168.0</ele></rtept><rtept lat="45.607426" lon="9.289462"><ele>168.0</ele></rtept><rtept lat="45.60744" lon="9.289427"><ele>169.0</ele></rtept><rtept lat="45.607452" lon="9.289397"><ele>169.0</ele></rtept><rtept lat="45.607464" lon="9.289367"><ele>169.0</ele></rtept><rtept lat="45.60747" lon="9.289342"><ele>169.0</ele></rtept><rtept lat="45.607475" lon="9.28931"><ele>169.0</ele></rtept><rtept lat="45.607487" lon="9.289277"><ele>169.0</ele></rtept><rtept lat="45.607487" lon="9.289245"><ele>169.0</ele></rtept><rtept lat="45.60749" lon="9.289212"><ele>169.0</ele></rtept><rtept lat="45.607494" lon="9.289182"><ele>170.0</ele></rtept><rtept lat="45.6075" lon="9.289152"><ele>170.0</ele></rtept><rtept lat="45.607502" lon="9.289117"><ele>170.0</ele></rtept><rtept lat="45.607506" lon="9.289082"><ele>170.0</ele></rtept><rtept lat="45.607513" lon="9.289047"><ele>170.0</ele></rtept><rtept lat="45.607513" lon="9.28902"><ele>170.0</ele></rtept><rtept lat="45.607506" lon="9.288975"><ele>171.0</ele></rtept><rtept lat="45.607502" lon="9.28893"><ele>171.0</ele></rtept><rtept lat="45.607513" lon="9.288885"><ele>172.0</ele></rtept><rtept lat="45.607506" lon="9.28884"><ele>173.0</ele></rtept><rtept lat="45.607506" lon="9.288812"><ele>173.0</ele></rtept><rtept lat="45.607506" lon="9.288787"><ele>174.0</ele></rtept><rtept lat="45.607506" lon="9.288757"><ele>174.0</ele></rtept><rtept lat="45.60749" lon="9.288712"><ele>175.0</ele></rtept><rtept lat="45.607475" lon="9.28869"><ele>175.0</ele></rtept><rtept lat="45.607452" lon="9.28865"><ele>176.0</ele></rtept><rtept lat="45.607433" lon="9.288627"><ele>176.0</ele></rtept><rtept lat="45.60742" lon="9.288602"><ele>177.0</ele></rtept><rtept lat="45.60741" lon="9.288572"><ele>177.0</ele></rtept><rtept lat="45.607403" lon="9.288542"><ele>177.0</ele></rtept><rtept lat="45.60739" lon="9.28851"><ele>177.0</ele></rtept><rtept lat="45.60739" lon="9.288472"><ele>178.0</ele></rtept><rtept lat="45.60739" lon="9.28844"><ele>178.0</ele></rtept><rtept lat="45.607403" lon="9.288412"><ele>178.0</ele></rtept><rtept lat="45.607418" lon="9.28838"><ele>178.0</ele></rtept><rtept lat="45.607433" lon="9.288347"><ele>178.0</ele></rtept><rtept lat="45.60744" lon="9.288315"><ele>178.0</ele></rtept><rtept lat="45.607452" lon="9.288277"><ele>178.0</ele></rtept><rtept lat="45.607464" lon="9.288245"><ele>178.0</ele></rtept><rtept lat="45.607483" lon="9.288212"><ele>178.0</ele></rtept><rtept lat="45.6075" lon="9.288192"><ele>178.0</ele></rtept><rtept lat="45.60752" lon="9.28818"><ele>178.0</ele></rtept><rtept lat="45.60755" lon="9.288157"><ele>178.0</ele></rtept><rtept lat="45.607586" lon="9.288132"><ele>178.0</ele></rtept><rtept lat="45.6076" lon="9.288117"><ele>178.0</ele></rtept><rtept lat="45.607613" lon="9.288097"><ele>178.0</ele></rtept><rtept lat="45.607635" lon="9.288067"><ele>178.0</ele></rtept><rtept lat="45.60765" lon="9.28804"><ele>178.0</ele></rtept><rtept lat="45.607662" lon="9.28801"><ele>178.0</ele></rtept><rtept lat="45.607677" lon="9.287982"><ele>178.0</ele></rtept><rtept lat="45.607693" lon="9.287952"><ele>178.0</ele></rtept><rtept lat="45.6077" lon="9.287927"><ele>178.0</ele></rtept><rtept lat="45.607723" lon="9.287915"><ele>178.0</ele></rtept><rtept lat="45.607746" lon="9.287905"><ele>178.0</ele></rtept><rtept lat="45.607773" lon="9.287897"><ele>178.0</ele></rtept><rtept lat="45.607796" lon="9.287883"><ele>178.0</ele></rtept><rtept lat="45.607826" lon="9.287867"><ele>178.0</ele></rtept><rtept lat="45.60784" lon="9.287842"><ele>178.0</ele></rtept><rtept lat="45.60786" lon="9.287807"><ele>178.0</ele></rtept><rtept lat="45.60787" lon="9.287772"><ele>178.0</ele></rtept><rtept lat="45.60788" lon="9.287737"><ele>178.0</ele></rtept><rtept lat="45.607887" lon="9.287702"><ele>178.0</ele></rtept><rtept lat="45.60789" lon="9.287667"><ele>178.0</ele></rtept><rtept lat="45.6079" lon="9.28763"><ele>178.0</ele></rtept><rtept lat="45.60791" lon="9.287592"><ele>178.0</ele></rtept><rtept lat="45.607918" lon="9.287557"><ele>178.0</ele></rtept><rtept lat="45.607925" lon="9.287522"><ele>178.0</ele></rtept><rtept lat="45.607933" lon="9.287487"><ele>178.0</ele></rtept><rtept lat="45.60794" lon="9.287452"><ele>179.0</ele></rtept><rtept lat="45.60795" lon="9.28742"><ele>179.0</ele></rtept><rtept lat="45.607952" lon="9.287385"><ele>179.0</ele></rtept><rtept lat="45.60796" lon="9.287347"><ele>179.0</ele></rtept><rtept lat="45.607964" lon="9.287312"><ele>179.0</ele></rtept><rtept lat="45.607967" lon="9.287277"><ele>179.0</ele></rtept><rtept lat="45.607975" lon="9.28724"><ele>179.0</ele></rtept><rtept lat="45.60798" lon="9.287202"><ele>179.0</ele></rtept><rtept lat="45.607986" lon="9.287172"><ele>179.0</ele></rtept><rtept lat="45.607998" lon="9.287137"><ele>179.0</ele></rtept><rtept lat="45.608" lon="9.287105"><ele>179.0</ele></rtept><rtept lat="45.608006" lon="9.28707"><ele>179.0</ele></rtept><rtept lat="45.608013" lon="9.287032"><ele>179.0</ele></rtept><rtept lat="45.60802" lon="9.286993"><ele>179.0</ele></rtept><rtept lat="45.60803" lon="9.286962"><ele>179.0</ele></rtept><rtept lat="45.608036" lon="9.286927"><ele>179.0</ele></rtept><rtept lat="45.608044" lon="9.286892"><ele>179.0</ele></rtept><rtept lat="45.60805" lon="9.286857"><ele>179.0</ele></rtept><rtept lat="45.608055" lon="9.286822"><ele>179.0</ele></rtept><rtept lat="45.60806" lon="9.286787"><ele>179.0</ele></rtept><rtept lat="45.608067" lon="9.286755"><ele>179.0</ele></rtept><rtept lat="45.608074" lon="9.28672"><ele>179.0</ele></rtept><rtept lat="45.60808" lon="9.286685"><ele>179.0</ele></rtept><rtept lat="45.608093" lon="9.28665"><ele>179.0</ele></rtept><rtept lat="45.6081" lon="9.286612"><ele>179.0</ele></rtept><rtept lat="45.60811" lon="9.286575"><ele>179.0</ele></rtept><rtept lat="45.608116" lon="9.286537"><ele>179.0</ele></rtept><rtept lat="45.608124" lon="9.286502"><ele>179.0</ele></rtept><rtept lat="45.60813" lon="9.286462"><ele>179.0</ele></rtept><rtept lat="45.608135" lon="9.286427"><ele>179.0</ele></rtept><rtept lat="45.60814" lon="9.286395"><ele>179.0</ele></rtept><rtept lat="45.608147" lon="9.286357"><ele>179.0</ele></rtept><rtept lat="45.60815" lon="9.286322"><ele>179.0</ele></rtept><rtept lat="45.608162" lon="9.286287"><ele>179.0</ele></rtept><rtept lat="45.608166" lon="9.286252"><ele>179.0</ele></rtept><rtept lat="45.608173" lon="9.286217"><ele>179.0</ele></rtept><rtept lat="45.608177" lon="9.28618"><ele>179.0</ele></rtept><rtept lat="45.60819" lon="9.286145"><ele>179.0</ele></rtept><rtept lat="45.608192" lon="9.28611"><ele>179.0</ele></rtept><rtept lat="45.608204" lon="9.286072"><ele>179.0</ele></rtept><rtept lat="45.608215" lon="9.286035"><ele>179.0</ele></rtept><rtept lat="45.608227" lon="9.286"><ele>179.0</ele></rtept><rtept lat="45.608234" lon="9.285967"><ele>179.0</ele></rtept><rtept lat="45.608242" lon="9.285932"><ele>179.0</ele></rtept><rtept lat="45.608253" lon="9.285892"><ele>179.0</ele></rtept><rtept lat="45.60826" lon="9.285857"><ele>179.0</ele></rtept><rtept lat="45.60827" lon="9.285822"><ele>179.0</ele></rtept><rtept lat="45.608276" lon="9.285787"><ele>179.0</ele></rtept><rtept lat="45.608288" lon="9.285752"><ele>179.0</ele></rtept><rtept lat="45.60829" lon="9.285717"><ele>179.0</ele></rtept><rtept lat="45.608303" lon="9.285682"><ele>179.0</ele></rtept><rtept lat="45.608307" lon="9.28565"><ele>179.0</ele></rtept><rtept lat="45.60832" lon="9.285615"><ele>179.0</ele></rtept><rtept lat="45.608322" lon="9.28558"><ele>179.0</ele></rtept><rtept lat="45.60833" lon="9.285542"><ele>179.0</ele></rtept><rtept lat="45.608337" lon="9.285507"><ele>179.0</ele></rtept><rtept lat="45.60834" lon="9.285472"><ele>179.0</ele></rtept><rtept lat="45.60835" lon="9.285437"><ele>179.0</ele></rtept><rtept lat="45.608356" lon="9.2854"><ele>179.0</ele></rtept><rtept lat="45.60836" lon="9.285367"><ele>178.0</ele></rtept><rtept lat="45.608368" lon="9.285332"><ele>178.0</ele></rtept><rtept lat="45.608376" lon="9.285297"><ele>178.0</ele></rtept><rtept lat="45.60838" lon="9.285262"><ele>178.0</ele></rtept><rtept lat="45.608387" lon="9.285222"><ele>178.0</ele></rtept><rtept lat="45.608395" lon="9.285187"><ele>178.0</ele></rtept><rtept lat="45.608402" lon="9.285152"><ele>178.0</ele></rtept><rtept lat="45.608406" lon="9.285117"><ele>178.0</ele></rtept><rtept lat="45.608418" lon="9.28508"><ele>178.0</ele></rtept><rtept lat="45.60842" lon="9.285047"><ele>178.0</ele></rtept><rtept lat="45.608433" lon="9.285012"><ele>178.0</ele></rtept><rtept lat="45.608437" lon="9.28498"><ele>178.0</ele></rtept><rtept lat="45.60844" lon="9.284945"><ele>178.0</ele></rtept><rtept lat="45.608448" lon="9.284907"><ele>178.0</ele></rtept><rtept lat="45.608456" lon="9.284877"><ele>178.0</ele></rtept><rtept lat="45.608463" lon="9.28484"><ele>178.0</ele></rtept><rtept lat="45.60847" lon="9.284802"><ele>178.0</ele></rtept><rtept lat="45.60848" lon="9.284762"><ele>178.0</ele></rtept><rtept lat="45.608486" lon="9.284722"><ele>178.0</ele></rtept><rtept lat="45.608494" lon="9.284685"><ele>178.0</ele></rtept><rtept lat="45.608498" lon="9.284647"><ele>178.0</ele></rtept><rtept lat="45.6085" lon="9.284612"><ele>178.0</ele></rtept><rtept lat="45.60851" lon="9.284577"><ele>178.0</ele></rtept><rtept lat="45.608517" lon="9.284542"><ele>178.0</ele></rtept><rtept lat="45.60853" lon="9.28451"><ele>178.0</ele></rtept><rtept lat="45.608532" lon="9.284477"><ele>178.0</ele></rtept><rtept lat="45.608536" lon="9.284442"><ele>178.0</ele></rtept><rtept lat="45.608547" lon="9.284407"><ele>178.0</ele></rtept><rtept lat="45.60856" lon="9.284372"><ele>178.0</ele></rtept><rtept lat="45.608566" lon="9.284337"><ele>178.0</ele></rtept><rtept lat="45.608574" lon="9.284305"><ele>178.0</ele></rtept><rtept lat="45.60858" lon="9.284267"><ele>178.0</ele></rtept><rtept lat="45.608585" lon="9.284232"><ele>178.0</ele></rtept><rtept lat="45.608597" lon="9.284195"><ele>178.0</ele></rtept><rtept lat="45.608604" lon="9.284157"><ele>178.0</ele></rtept><rtept lat="45.608612" lon="9.284122"><ele>178.0</ele></rtept><rtept lat="45.608616" lon="9.284085"><ele>178.0</ele></rtept><rtept lat="45.608624" lon="9.284045"><ele>178.0</ele></rtept><rtept lat="45.608627" lon="9.284002"><ele>178.0</ele></rtept><rtept lat="45.608627" lon="9.283962"><ele>178.0</ele></rtept><rtept lat="45.608627" lon="9.283925"><ele>178.0</ele></rtept><rtept lat="45.608627" lon="9.283887"><ele>178.0</ele></rtept><rtept lat="45.608627" lon="9.283847"><ele>178.0</ele></rtept><rtept lat="45.608624" lon="9.28381"><ele>178.0</ele></rtept><rtept lat="45.608624" lon="9.283772"><ele>178.0</ele></rtept><rtept lat="45.608616" lon="9.283737"><ele>178.0</ele></rtept><rtept lat="45.60861" lon="9.283697"><ele>178.0</ele></rtept><rtept lat="45.6086" lon="9.283662"><ele>178.0</ele></rtept><rtept lat="45.608597" lon="9.283625"><ele>178.0</ele></rtept><rtept lat="45.608593" lon="9.28359"><ele>178.0</ele></rtept><rtept lat="45.608593" lon="9.28355"><ele>178.0</ele></rtept><rtept lat="45.608593" lon="9.283512"><ele>178.0</ele></rtept><rtept lat="45.608597" lon="9.283472"><ele>178.0</ele></rtept><rtept lat="45.6086" lon="9.283435"><ele>178.0</ele></rtept><rtept lat="45.608612" lon="9.2834"><ele>178.0</ele></rtept><rtept lat="45.60862" lon="9.283362"><ele>178.0</ele></rtept><rtept lat="45.60863" lon="9.283327"><ele>178.0</ele></rtept><rtept lat="45.608643" lon="9.28329"><ele>178.0</ele></rtept><rtept lat="45.60865" lon="9.28325"><ele>178.0</ele></rtept><rtept lat="45.60866" lon="9.28322"><ele>178.0</ele></rtept><rtept lat="45.60867" lon="9.283183"><ele>178.0</ele></rtept><rtept lat="45.608677" lon="9.283147"><ele>178.0</ele></rtept><rtept lat="45.60869" lon="9.283115"><ele>178.0</ele></rtept><rtept lat="45.608696" lon="9.283077"><ele>178.0</ele></rtept><rtept lat="45.608704" lon="9.283045"><ele>178.0</ele></rtept><rtept lat="45.60871" lon="9.283007"><ele>178.0</ele></rtept><rtept lat="45.60872" lon="9.282972"><ele>178.0</ele></rtept><rtept lat="45.608723" lon="9.282937"><ele>178.0</ele></rtept><rtept lat="45.60873" lon="9.282902"><ele>178.0</ele></rtept><rtept lat="45.608738" lon="9.282867"><ele>178.0</ele></rtept><rtept lat="45.608746" lon="9.28283"><ele>178.0</ele></rtept><rtept lat="45.608753" lon="9.282795"><ele>178.0</ele></rtept><rtept lat="45.60876" lon="9.282762"><ele>178.0</ele></rtept><rtept lat="45.608772" lon="9.282727"><ele>178.0</ele></rtept><rtept lat="45.608776" lon="9.282692"><ele>178.0</ele></rtept><rtept lat="45.608788" lon="9.28266"><ele>178.0</ele></rtept><rtept lat="45.608795" lon="9.282622"><ele>178.0</ele></rtept><rtept lat="45.608803" lon="9.28259"><ele>178.0</ele></rtept><rtept lat="45.60881" lon="9.282555"><ele>178.0</ele></rtept><rtept lat="45.608818" lon="9.282515"><ele>178.0</ele></rtept><rtept lat="45.60882" lon="9.28248"><ele>178.0</ele></rtept><rtept lat="45.608826" lon="9.282442"><ele>178.0</ele></rtept><rtept lat="45.608833" lon="9.282402"><ele>178.0</ele></rtept><rtept lat="45.608845" lon="9.282367"><ele>178.0</ele></rtept><rtept lat="45.608852" lon="9.282327"><ele>178.0</ele></rtept><rtept lat="45.608856" lon="9.282292"><ele>178.0</ele></rtept><rtept lat="45.608864" lon="9.282255"><ele>178.0</ele></rtept><rtept lat="45.608868" lon="9.28222"><ele>178.0</ele></rtept><rtept lat="45.60887" lon="9.282187"><ele>178.0</ele></rtept><rtept lat="45.608875" lon="9.282147"><ele>178.0</ele></rtept><rtept lat="45.608887" lon="9.28211"><ele>178.0</ele></rtept><rtept lat="45.60889" lon="9.282075"><ele>178.0</ele></rtept><rtept lat="45.6089" lon="9.282037"><ele>178.0</ele></rtept><rtept lat="45.608906" lon="9.282002"><ele>178.0</ele></rtept><rtept lat="45.608917" lon="9.281962"><ele>178.0</ele></rtept><rtept lat="45.608925" lon="9.281927"><ele>178.0</ele></rtept><rtept lat="45.60893" lon="9.281892"><ele>178.0</ele></rtept><rtept lat="45.608936" lon="9.281857"><ele>178.0</ele></rtept><rtept lat="45.60894" lon="9.281822"><ele>178.0</ele></rtept><rtept lat="45.608948" lon="9.28179"><ele>177.0</ele></rtept><rtept lat="45.608955" lon="9.281752"><ele>177.0</ele></rtept><rtept lat="45.608963" lon="9.281715"><ele>177.0</ele></rtept><rtept lat="45.60897" lon="9.281677"><ele>177.0</ele></rtept><rtept lat="45.60898" lon="9.281635"><ele>177.0</ele></rtept><rtept lat="45.608986" lon="9.281597"><ele>177.0</ele></rtept><rtept lat="45.60899" lon="9.281557"><ele>177.0</ele></rtept><rtept lat="45.608994" lon="9.281522"><ele>177.0</ele></rtept><rtept lat="45.609" lon="9.281482"><ele>177.0</ele></rtept><rtept lat="45.60901" lon="9.281442"><ele>177.0</ele></rtept><rtept lat="45.609016" lon="9.281402"><ele>178.0</ele></rtept><rtept lat="45.60902" lon="9.281362"><ele>178.0</ele></rtept><rtept lat="45.60902" lon="9.281327"><ele>178.0</ele></rtept><rtept lat="45.60903" lon="9.28129"><ele>178.0</ele></rtept><rtept lat="45.609035" lon="9.281257"><ele>178.0</ele></rtept><rtept lat="45.609043" lon="9.281222"><ele>178.0</ele></rtept><rtept lat="45.60905" lon="9.281185"><ele>178.0</ele></rtept><rtept lat="45.609062" lon="9.28115"><ele>178.0</ele></rtept><rtept lat="45.60907" lon="9.281112"><ele>178.0</ele></rtept><rtept lat="45.609077" lon="9.281072"><ele>178.0</ele></rtept><rtept lat="45.60909" lon="9.281037"><ele>178.0</ele></rtept><rtept lat="45.609093" lon="9.281"><ele>178.0</ele></rtept><rtept lat="45.6091" lon="9.280965"><ele>178.0</ele></rtept><rtept lat="45.609108" lon="9.280927"><ele>178.0</ele></rtept><rtept lat="45.609116" lon="9.280892"><ele>178.0</ele></rtept><rtept lat="45.60912" lon="9.280855"><ele>178.0</ele></rtept><rtept lat="45.609127" lon="9.280817"><ele>178.0</ele></rtept><rtept lat="45.60913" lon="9.280782"><ele>178.0</ele></rtept><rtept lat="45.60914" lon="9.280747"><ele>178.0</ele></rtept><rtept lat="45.609146" lon="9.280712"><ele>178.0</ele></rtept><rtept lat="45.609154" lon="9.280677"><ele>178.0</ele></rtept><rtept lat="45.60916" lon="9.28064"><ele>178.0</ele></rtept><rtept lat="45.609173" lon="9.280602"><ele>178.0</ele></rtept><rtept lat="45.609177" lon="9.280567"><ele>178.0</ele></rtept><rtept lat="45.60918" lon="9.28053"><ele>178.0</ele></rtept><rtept lat="45.609188" lon="9.280492"><ele>178.0</ele></rtept><rtept lat="45.609196" lon="9.280452"><ele>178.0</ele></rtept><rtept lat="45.609203" lon="9.280417"><ele>178.0</ele></rtept><rtept lat="45.60921" lon="9.280387"><ele>178.0</ele></rtept><rtept lat="45.60922" lon="9.280347"><ele>178.0</ele></rtept><rtept lat="45.609226" lon="9.280312"><ele>178.0</ele></rtept><rtept lat="45.609234" lon="9.280277"><ele>178.0</ele></rtept><rtept lat="45.609245" lon="9.28024"><ele>178.0</ele></rtept><rtept lat="45.609257" lon="9.280205"><ele>178.0</ele></rtept><rtept lat="45.60927" lon="9.280167"><ele>178.0</ele></rtept><rtept lat="45.609276" lon="9.280132"><ele>178.0</ele></rtept><rtept lat="45.609287" lon="9.280095"><ele>178.0</ele></rtept><rtept lat="45.6093" lon="9.280055"><ele>178.0</ele></rtept><rtept lat="45.609306" lon="9.28002"><ele>178.0</ele></rtept><rtept lat="45.60931" lon="9.279985"><ele>178.0</ele></rtept><rtept lat="45.609318" lon="9.279947"><ele>178.0</ele></rtept><rtept lat="45.609325" lon="9.279912"><ele>178.0</ele></rtept><rtept lat="45.60933" lon="9.279872"><ele>178.0</ele></rtept><rtept lat="45.60934" lon="9.279832"><ele>178.0</ele></rtept><rtept lat="45.609344" lon="9.279797"><ele>178.0</ele></rtept><rtept lat="45.609352" lon="9.279762"><ele>178.0</ele></rtept><rtept lat="45.609364" lon="9.279727"><ele>178.0</ele></rtept><rtept lat="45.609375" lon="9.279692"><ele>178.0</ele></rtept><rtept lat="45.609386" lon="9.279652"><ele>178.0</ele></rtept><rtept lat="45.609398" lon="9.279617"><ele>178.0</ele></rtept><rtept lat="45.6094" lon="9.27958"><ele>178.0</ele></rtept><rtept lat="45.60941" lon="9.279545"><ele>178.0</ele></rtept><rtept lat="45.609417" lon="9.279507"><ele>178.0</ele></rtept><rtept lat="45.609425" lon="9.27947"><ele>178.0</ele></rtept><rtept lat="45.609432" lon="9.279433"><ele>178.0</ele></rtept><rtept lat="45.60944" lon="9.279397"><ele>178.0</ele></rtept><rtept lat="45.609447" lon="9.279362"><ele>178.0</ele></rtept><rtept lat="45.60945" lon="9.279327"><ele>178.0</ele></rtept><rtept lat="45.609455" lon="9.279287"><ele>178.0</ele></rtept><rtept lat="45.609463" lon="9.279255"><ele>178.0</ele></rtept><rtept lat="45.609467" lon="9.27922"><ele>178.0</ele></rtept><rtept lat="45.609467" lon="9.279182"><ele>178.0</ele></rtept><rtept lat="45.609474" lon="9.279147"><ele>178.0</ele></rtept><rtept lat="45.60948" lon="9.279112"><ele>178.0</ele></rtept><rtept lat="45.609486" lon="9.279072"><ele>178.0</ele></rtept><rtept lat="45.609493" lon="9.279035"><ele>178.0</ele></rtept><rtept lat="45.609505" lon="9.278997"><ele>178.0</ele></rtept><rtept lat="45.609512" lon="9.27896"><ele>178.0</ele></rtept><rtept lat="45.609524" lon="9.278922"><ele>178.0</ele></rtept><rtept lat="45.60953" lon="9.278887"><ele>178.0</ele></rtept><rtept lat="45.609535" lon="9.27885"><ele>178.0</ele></rtept><rtept lat="45.609547" lon="9.27881"><ele>178.0</ele></rtept><rtept lat="45.60955" lon="9.278772"><ele>178.0</ele></rtept><rtept lat="45.609554" lon="9.278737"><ele>178.0</ele></rtept><rtept lat="45.609562" lon="9.278697"><ele>178.0</ele></rtept><rtept lat="45.60957" lon="9.278662"><ele>178.0</ele></rtept><rtept lat="45.60958" lon="9.278625"><ele>178.0</ele></rtept><rtept lat="45.60959" lon="9.27859"><ele>178.0</ele></rtept><rtept lat="45.609596" lon="9.278552"><ele>178.0</ele></rtept><rtept lat="45.609604" lon="9.278515"><ele>178.0</ele></rtept><rtept lat="45.60961" lon="9.278477"><ele>178.0</ele></rtept><rtept lat="45.609623" lon="9.27844"><ele>178.0</ele></rtept><rtept lat="45.60963" lon="9.2784"><ele>178.0</ele></rtept><rtept lat="45.60964" lon="9.278362"><ele>178.0</ele></rtept><rtept lat="45.609646" lon="9.278325"><ele>178.0</ele></rtept><rtept lat="45.609657" lon="9.27829"><ele>178.0</ele></rtept><rtept lat="45.60967" lon="9.278255"><ele>178.0</ele></rtept><rtept lat="45.609676" lon="9.27822"><ele>179.0</ele></rtept><rtept lat="45.609688" lon="9.278187"><ele>179.0</ele></rtept><rtept lat="45.6097" lon="9.27815"><ele>179.0</ele></rtept><rtept lat="45.60971" lon="9.278117"><ele>179.0</ele></rtept><rtept lat="45.609726" lon="9.278082"><ele>179.0</ele></rtept><rtept lat="45.60974" lon="9.27805"><ele>179.0</ele></rtept><rtept lat="45.609756" lon="9.27802"><ele>178.0</ele></rtept><rtept lat="45.60977" lon="9.277992"><ele>178.0</ele></rtept><rtept lat="45.609783" lon="9.277967"><ele>178.0</ele></rtept><rtept lat="45.6098" lon="9.277938"><ele>179.0</ele></rtept><rtept lat="45.609814" lon="9.277912"><ele>179.0</ele></rtept><rtept lat="45.609825" lon="9.277882"><ele>179.0</ele></rtept><rtept lat="45.60984" lon="9.277847"><ele>179.0</ele></rtept><rtept lat="45.609856" lon="9.277815"><ele>179.0</ele></rtept><rtept lat="45.609867" lon="9.277782"><ele>179.0</ele></rtept><rtept lat="45.60988" lon="9.277747"><ele>179.0</ele></rtept><rtept lat="45.60989" lon="9.277715"><ele>179.0</ele></rtept><rtept lat="45.609905" lon="9.27768"><ele>179.0</ele></rtept><rtept lat="45.609917" lon="9.277642"><ele>179.0</ele></rtept><rtept lat="45.60993" lon="9.277607"><ele>179.0</ele></rtept><rtept lat="45.609936" lon="9.27757"><ele>179.0</ele></rtept><rtept lat="45.609943" lon="9.277532"><ele>179.0</ele></rtept><rtept lat="45.609947" lon="9.277492"><ele>179.0</ele></rtept><rtept lat="45.60995" lon="9.277452"><ele>179.0</ele></rtept><rtept lat="45.60996" lon="9.277415"><ele>179.0</ele></rtept><rtept lat="45.609966" lon="9.27738"><ele>179.0</ele></rtept><rtept lat="45.609974" lon="9.277347"><ele>179.0</ele></rtept><rtept lat="45.609985" lon="9.277317"><ele>179.0</ele></rtept><rtept lat="45.61" lon="9.277285"><ele>179.0</ele></rtept><rtept lat="45.61001" lon="9.277257"><ele>179.0</ele></rtept><rtept lat="45.61002" lon="9.277225"><ele>179.0</ele></rtept><rtept lat="45.61003" lon="9.277192"><ele>179.0</ele></rtept><rtept lat="45.61004" lon="9.277162"><ele>179.0</ele></rtept><rtept lat="45.61005" lon="9.277132"><ele>179.0</ele></rtept><rtept lat="45.61006" lon="9.2771"><ele>179.0</ele></rtept><rtept lat="45.610065" lon="9.27707"><ele>180.0</ele></rtept><rtept lat="45.610073" lon="9.277035"><ele>180.0</ele></rtept><rtept lat="45.61009" lon="9.277002"><ele>180.0</ele></rtept><rtept lat="45.610096" lon="9.276975"><ele>180.0</ele></rtept><rtept lat="45.61011" lon="9.276942"><ele>180.0</ele></rtept><rtept lat="45.610126" lon="9.276912"><ele>180.0</ele></rtept><rtept lat="45.61014" lon="9.276882"><ele>180.0</ele></rtept><rtept lat="45.610157" lon="9.276855"><ele>181.0</ele></rtept><rtept lat="45.61017" lon="9.27683"><ele>181.0</ele></rtept><rtept lat="45.610176" lon="9.276802"><ele>181.0</ele></rtept><rtept lat="45.610184" lon="9.276772"><ele>181.0</ele></rtept><rtept lat="45.61019" lon="9.276742"><ele>181.0</ele></rtept><rtept lat="45.610203" lon="9.276712"><ele>181.0</ele></rtept><rtept lat="45.610214" lon="9.276682"><ele>181.0</ele></rtept><rtept lat="45.61022" lon="9.276652"><ele>181.0</ele></rtept><rtept lat="45.610226" lon="9.276622"><ele>181.0</ele></rtept><rtept lat="45.610233" lon="9.27659"><ele>182.0</ele></rtept><rtept lat="45.61024" lon="9.276557"><ele>182.0</ele></rtept><rtept lat="45.610252" lon="9.276522"><ele>182.0</ele></rtept><rtept lat="45.610264" lon="9.27649"><ele>182.0</ele></rtept><rtept lat="45.61027" lon="9.276457"><ele>182.0</ele></rtept><rtept lat="45.610287" lon="9.276427"><ele>182.0</ele></rtept><rtept lat="45.6103" lon="9.276395"><ele>183.0</ele></rtept><rtept lat="45.610306" lon="9.276367"><ele>183.0</ele></rtept><rtept lat="45.610317" lon="9.276337"><ele>183.0</ele></rtept><rtept lat="45.61033" lon="9.276307"><ele>183.0</ele></rtept><rtept lat="45.610336" lon="9.27628"><ele>183.0</ele></rtept><rtept lat="45.610348" lon="9.27625"><ele>183.0</ele></rtept><rtept lat="45.610363" lon="9.276217"><ele>183.0</ele></rtept><rtept lat="45.61038" lon="9.276187"><ele>184.0</ele></rtept><rtept lat="45.610386" lon="9.276157"><ele>184.0</ele></rtept><rtept lat="45.6104" lon="9.276125"><ele>184.0</ele></rtept><rtept lat="45.610413" lon="9.276097"><ele>184.0</ele></rtept><rtept lat="45.610428" lon="9.276067"><ele>184.0</ele></rtept><rtept lat="45.610443" lon="9.276037"><ele>184.0</ele></rtept><rtept lat="45.61045" lon="9.276003"><ele>184.0</ele></rtept><rtept lat="45.610466" lon="9.275972"><ele>185.0</ele></rtept><rtept lat="45.610477" lon="9.275937"><ele>185.0</ele></rtept><rtept lat="45.61048" lon="9.275902"><ele>185.0</ele></rtept><rtept lat="45.61049" lon="9.27587"><ele>185.0</ele></rtept><rtept lat="45.610497" lon="9.275835"><ele>185.0</ele></rtept><rtept lat="45.610508" lon="9.275805"><ele>185.0</ele></rtept><rtept lat="45.610523" lon="9.275772"><ele>186.0</ele></rtept><rtept lat="45.61053" lon="9.275735"><ele>186.0</ele></rtept><rtept lat="45.610542" lon="9.2757"><ele>186.0</ele></rtept><rtept lat="45.61055" lon="9.275662"><ele>186.0</ele></rtept><rtept lat="45.61056" lon="9.275625"><ele>186.0</ele></rtept><rtept lat="45.61057" lon="9.275587"><ele>186.0</ele></rtept><rtept lat="45.610577" lon="9.275557"><ele>186.0</ele></rtept><rtept lat="45.61059" lon="9.27553"><ele>186.0</ele></rtept><rtept lat="45.610607" lon="9.275507"><ele>186.0</ele></rtept><rtept lat="45.610622" lon="9.275482"><ele>186.0</ele></rtept><rtept lat="45.61064" lon="9.27546"><ele>186.0</ele></rtept><rtept lat="45.61067" lon="9.275437"><ele>186.0</ele></rtept><rtept lat="45.61069" lon="9.27542"><ele>186.0</ele></rtept><rtept lat="45.610718" lon="9.275407"><ele>186.0</ele></rtept><rtept lat="45.610737" lon="9.275398"><ele>186.0</ele></rtept><rtept lat="45.610764" lon="9.275398"><ele>186.0</ele></rtept><rtept lat="45.610786" lon="9.275407"><ele>186.0</ele></rtept><rtept lat="45.610813" lon="9.275412"><ele>186.0</ele></rtept><rtept lat="45.61084" lon="9.275417"><ele>186.0</ele></rtept><rtept lat="45.610867" lon="9.275422"><ele>186.0</ele></rtept><rtept lat="45.610886" lon="9.275427"><ele>186.0</ele></rtept><rtept lat="45.610912" lon="9.275432"><ele>186.0</ele></rtept><rtept lat="45.61093" lon="9.275437"><ele>186.0</ele></rtept><rtept lat="45.61096" lon="9.27544"><ele>186.0</ele></rtept><rtept lat="45.610977" lon="9.275445"><ele>186.0</ele></rtept><rtept lat="45.611004" lon="9.275447"><ele>186.0</ele></rtept><rtept lat="45.611023" lon="9.275442"><ele>186.0</ele></rtept><rtept lat="45.61104" lon="9.275437"><ele>186.0</ele></rtept><rtept lat="45.61106" lon="9.275442"><ele>187.0</ele></rtept><rtept lat="45.611084" lon="9.275442"><ele>187.0</ele></rtept><rtept lat="45.611107" lon="9.275442"><ele>187.0</ele></rtept><rtept lat="45.611134" lon="9.275442"><ele>187.0</ele></rtept><rtept lat="45.611156" lon="9.275442"><ele>187.0</ele></rtept><rtept lat="45.611187" lon="9.275447"><ele>187.0</ele></rtept><rtept lat="45.611217" lon="9.27545"><ele>187.0</ele></rtept><rtept lat="45.611248" lon="9.275457"><ele>187.0</ele></rtept><rtept lat="45.61128" lon="9.275467"><ele>187.0</ele></rtept><rtept lat="45.611305" lon="9.275477"><ele>187.0</ele></rtept><rtept lat="45.611332" lon="9.275482"><ele>187.0</ele></rtept><rtept lat="45.611362" lon="9.275485"><ele>187.0</ele></rtept><rtept lat="45.611393" lon="9.275492"><ele>187.0</ele></rtept><rtept lat="45.611416" lon="9.275497"><ele>187.0</ele></rtept><rtept lat="45.611446" lon="9.2755"><ele>187.0</ele></rtept><rtept lat="45.611477" lon="9.275505"><ele>187.0</ele></rtept><rtept lat="45.611496" lon="9.275507"><ele>187.0</ele></rtept><rtept lat="45.611523" lon="9.275512"><ele>187.0</ele></rtept><rtept lat="45.61155" lon="9.275515"><ele>187.0</ele></rtept><rtept lat="45.611576" lon="9.275515"><ele>187.0</ele></rtept><rtept lat="45.611607" lon="9.275522"><ele>187.0</ele></rtept><rtept lat="45.611637" lon="9.275527"><ele>187.0</ele></rtept><rtept lat="45.611664" lon="9.275532"><ele>187.0</ele></rtept><rtept lat="45.611683" lon="9.275532"><ele>187.0</ele></rtept><rtept lat="45.611706" lon="9.275532"><ele>187.0</ele></rtept><rtept lat="45.611725" lon="9.275535"><ele>187.0</ele></rtept><rtept lat="45.611748" lon="9.275537"><ele>187.0</ele></rtept><rtept lat="45.61177" lon="9.275537"><ele>187.0</ele></rtept><rtept lat="45.611797" lon="9.275545"><ele>187.0</ele></rtept><rtept lat="45.61182" lon="9.275552"><ele>187.0</ele></rtept><rtept lat="45.611847" lon="9.275565"><ele>188.0</ele></rtept><rtept lat="45.611874" lon="9.275577"><ele>188.0</ele></rtept><rtept lat="45.6119" lon="9.275582"><ele>188.0</ele></rtept><rtept lat="45.61193" lon="9.27558"><ele>188.0</ele></rtept><rtept lat="45.61196" lon="9.27558"><ele>188.0</ele></rtept><rtept lat="45.61199" lon="9.275572"><ele>188.0</ele></rtept><rtept lat="45.61202" lon="9.275562"><ele>188.0</ele></rtept><rtept lat="45.61204" lon="9.275557"><ele>188.0</ele></rtept><rtept lat="45.61206" lon="9.275552"><ele>188.0</ele></rtept><rtept lat="45.612087" lon="9.275552"><ele>188.0</ele></rtept><rtept lat="45.61211" lon="9.275547"><ele>188.0</ele></rtept><rtept lat="45.612137" lon="9.27554"><ele>188.0</ele></rtept><rtept lat="45.612164" lon="9.27553"><ele>188.0</ele></rtept><rtept lat="45.612186" lon="9.27553"><ele>188.0</ele></rtept><rtept lat="45.612213" lon="9.275525"><ele>188.0</ele></rtept><rtept lat="45.612244" lon="9.275522"><ele>189.0</ele></rtept><rtept lat="45.612274" lon="9.275525"><ele>189.0</ele></rtept><rtept lat="45.612297" lon="9.275515"><ele>189.0</ele></rtept><rtept lat="45.612316" lon="9.275505"><ele>189.0</ele></rtept><rtept lat="45.612343" lon="9.275492"><ele>189.0</ele></rtept><rtept lat="45.612362" lon="9.275472"><ele>189.0</ele></rtept><rtept lat="45.612385" lon="9.27545"><ele>189.0</ele></rtept><rtept lat="45.612404" lon="9.275427"><ele>189.0</ele></rtept><rtept lat="45.612423" lon="9.275398"><ele>189.0</ele></rtept><rtept lat="45.612442" lon="9.275375"><ele>189.0</ele></rtept><rtept lat="45.612465" lon="9.275352"><ele>189.0</ele></rtept><rtept lat="45.612488" lon="9.275325"><ele>189.0</ele></rtept><rtept lat="45.61251" lon="9.2753"><ele>189.0</ele></rtept><rtept lat="45.612526" lon="9.27527"><ele>189.0</ele></rtept><rtept lat="45.61254" lon="9.275237"><ele>189.0</ele></rtept><rtept lat="45.612556" lon="9.275202"><ele>189.0</ele></rtept><rtept lat="45.612568" lon="9.275165"><ele>189.0</ele></rtept><rtept lat="45.61258" lon="9.27513"><ele>189.0</ele></rtept><rtept lat="45.61259" lon="9.275092"><ele>189.0</ele></rtept><rtept lat="45.6126" lon="9.275055"><ele>189.0</ele></rtept><rtept lat="45.612606" lon="9.275017"><ele>189.0</ele></rtept><rtept lat="45.612614" lon="9.274982"><ele>189.0</ele></rtept><rtept lat="45.612625" lon="9.27495"><ele>189.0</ele></rtept><rtept lat="45.612637" lon="9.274912"><ele>189.0</ele></rtept><rtept lat="45.61264" lon="9.274877"><ele>189.0</ele></rtept><rtept lat="45.612644" lon="9.274842"><ele>189.0</ele></rtept><rtept lat="45.61265" lon="9.274807"><ele>189.0</ele></rtept><rtept lat="45.61265" lon="9.274775"><ele>189.0</ele></rtept><rtept lat="45.612667" lon="9.274742"><ele>189.0</ele></rtept><rtept lat="45.612675" lon="9.274702"><ele>190.0</ele></rtept><rtept lat="45.61268" lon="9.274667"><ele>190.0</ele></rtept><rtept lat="45.612682" lon="9.274627"><ele>190.0</ele></rtept><rtept lat="45.612686" lon="9.274592"><ele>190.0</ele></rtept><rtept lat="45.61269" lon="9.274555"><ele>189.0</ele></rtept><rtept lat="45.612694" lon="9.274522"><ele>189.0</ele></rtept><rtept lat="45.612698" lon="9.274487"><ele>190.0</ele></rtept><rtept lat="45.612705" lon="9.274447"><ele>190.0</ele></rtept><rtept lat="45.612713" lon="9.274412"><ele>190.0</ele></rtept><rtept lat="45.612717" lon="9.27437"><ele>190.0</ele></rtept><rtept lat="45.61272" lon="9.274335"><ele>190.0</ele></rtept><rtept lat="45.612736" lon="9.2743"><ele>190.0</ele></rtept><rtept lat="45.612743" lon="9.274257"><ele>190.0</ele></rtept><rtept lat="45.612743" lon="9.274222"><ele>190.0</ele></rtept><rtept lat="45.61275" lon="9.274185"><ele>190.0</ele></rtept><rtept lat="45.61276" lon="9.274135"><ele>190.0</ele></rtept><rtept lat="45.612766" lon="9.27409"><ele>190.0</ele></rtept><rtept lat="45.612774" lon="9.274047"><ele>190.0</ele></rtept><rtept lat="45.61278" lon="9.274007"><ele>190.0</ele></rtept><rtept lat="45.612785" lon="9.273962"><ele>190.0</ele></rtept><rtept lat="45.61279" lon="9.273922"><ele>190.0</ele></rtept><rtept lat="45.612797" lon="9.273877"><ele>190.0</ele></rtept><rtept lat="45.6128" lon="9.273837"><ele>190.0</ele></rtept><rtept lat="45.6128" lon="9.273797"><ele>190.0</ele></rtept><rtept lat="45.612804" lon="9.27375"><ele>190.0</ele></rtept><rtept lat="45.6128" lon="9.27371"><ele>190.0</ele></rtept><rtept lat="45.612804" lon="9.273667"><ele>190.0</ele></rtept><rtept lat="45.61281" lon="9.273632"><ele>190.0</ele></rtept><rtept lat="45.612816" lon="9.273595"><ele>190.0</ele></rtept><rtept lat="45.612823" lon="9.273555"><ele>190.0</ele></rtept><rtept lat="45.612827" lon="9.273517"><ele>190.0</ele></rtept><rtept lat="45.61283" lon="9.273477"><ele>190.0</ele></rtept><rtept lat="45.612823" lon="9.273442"><ele>190.0</ele></rtept><rtept lat="45.61282" lon="9.273405"><ele>190.0</ele></rtept><rtept lat="45.61281" lon="9.273367"><ele>190.0</ele></rtept><rtept lat="45.6128" lon="9.273332"><ele>190.0</ele></rtept><rtept lat="45.61279" lon="9.273295"><ele>190.0</ele></rtept><rtept lat="45.61278" lon="9.273262"><ele>190.0</ele></rtept><rtept lat="45.612774" lon="9.27323"><ele>190.0</ele></rtept><rtept lat="45.612762" lon="9.273192"><ele>190.0</ele></rtept><rtept lat="45.61275" lon="9.27316"><ele>190.0</ele></rtept><rtept lat="45.612743" lon="9.273122"><ele>190.0</ele></rtept><rtept lat="45.612736" lon="9.273085"><ele>190.0</ele></rtept><rtept lat="45.61273" lon="9.273052"><ele>190.0</ele></rtept><rtept lat="45.612717" lon="9.273012"><ele>190.0</ele></rtept><rtept lat="45.612705" lon="9.272977"><ele>190.0</ele></rtept><rtept lat="45.612686" lon="9.272897"><ele>190.0</ele></rtept><rtept lat="45.612686" lon="9.27286"><ele>190.0</ele></rtept><rtept lat="45.61268" lon="9.27282"><ele>190.0</ele></rtept><rtept lat="45.612675" lon="9.272782"><ele>190.0</ele></rtept><rtept lat="45.61267" lon="9.272747"><ele>190.0</ele></rtept><rtept lat="45.612663" lon="9.272707"><ele>190.0</ele></rtept><rtept lat="45.612656" lon="9.272672"><ele>190.0</ele></rtept></rte></gpx>