<?xml version="1.0" encoding="UTF-8"?>
<TrainingCenterDatabase xsi:schemaLocation="http://www.garmin.com/xmlschemas/TrainingCenterDatabase/v2 http://www.garmin.com/xmlschemas/TrainingCenterDatabasev2.xsd" xmlns:ns5="http://www.garmin.com/xmlschemas/ActivityGoals/v1" xmlns:ns3="http://www.garmin.com/xmlschemas/ActivityExtension/v2" xmlns:ns2="http://www.garmin.com/xmlschemas/UserProfile/v2" xmlns="http://www.garmin.com/xmlschemas/TrainingCenterDatabase/v2" xmlns:xsi="http://www.w3.org/2001/XMLSchema-instance">
	<Activities>
		<Activity Sport="Biking">
			<Id>2025-01-28T14:12:22.894Z</Id>
			<Lap>
				<Track>
					<Trackpoint>
						<Time>2025-01-28T14:12:22.894Z</Time>
						<Position>
							<LatitudeDegrees>47.957208658</LatitudeDegrees>
							<LongitudeDegrees>7.786150995</LongitudeDegrees>
						</Position>
						<AltitudeMeters>311.38</AltitudeMeters>
						<DistanceMeters>0.00</DistanceMeters>
						<Extensions>
							<ns3:TPX>
								<ns3:Speed>0.00</ns3:Speed>
							</ns3:TPX>
						</Extensions>
					</Trackpoint>
					<Trackpoint>
						<Time>2025-01-28T14:12:27.896Z</Time>
						<Position>
							<LatitudeDegrees>47.957208658</LatitudeDegrees>
							<LongitudeDegrees>7.786150995</LongitudeDegrees>
						</Position>
						<AltitudeMeters>311.38</AltitudeMeters>
						<DistanceMeters>0.00</DistanceMeters>
						<HeartRateBpm>
							<Value>96</Value>
						</HeartRateBpm>
						<Extensions>
							<ns3:TPX>
								<ns3:Speed>0.00</ns3:Speed>
							</ns3:TPX>
						</Extensions>
					</Trackpoint>
					<Trackpoint>
						<Time>2025-01-28T14:12:38.889Z</Time>
						<Position>
							<LatitudeDegrees>47.957208658</LatitudeDegrees>
							<LongitudeDegrees>7.786150995</LongitudeDegrees>
						</Position>
						<AltitudeMeters>311.38</AltitudeMeters>
						<DistanceMeters>0.00</DistanceMeters>
						<HeartRateBpm>
							<Value>92</Value>
						</HeartRateBpm>
						<Extensions>
							<ns3:TPX>
								<ns3:Speed>0.00</ns3:Speed>
							</ns3:TPX>
						</Extensions>
					</Trackpoint>
					<Trackpoint>
						<Time>2025-01-28T14:12:49.885Z</Time>
						<Position>
							<LatitudeDegrees>47.957208658</LatitudeDegrees>
							<LongitudeDegrees>7.786150995</LongitudeDegrees>
						</Position>
						<AltitudeMeters>311.38</AltitudeMeters>
						<DistanceMeters>0.00</DistanceMeters>
						<HeartRateBpm>
							<Value>92</Value>
						</HeartRateBpm>
						<Extensions>
							<ns3:TPX>
								<ns3:Speed>0.00</ns3:Speed>
							</ns3:TPX>
						</Extensions>
					</Trackpoint>
					<Trackpoint>
						<Time>2025-01-28T14:12:59.898Z</Time>
						<Position>
							<LatitudeDegrees>47.957208658</LatitudeDegrees>
							<LongitudeDegrees>7.786150995</LongitudeDegrees>
						</Position>
						<AltitudeMeters>311.38</AltitudeMeters>
						<DistanceMeters>0.00</DistanceMeters>
						<HeartRateBpm>
							<Value>97</Value>
						</HeartRateBpm>
						<Extensions>
							<ns3:TPX>
								<ns3:Speed>0.00</ns3:Speed>
							</ns3:TPX>
						</Extensions>
					</Trackpoint>
					<Trackpoint>
						<Time>2025-01-28T14:13:09.896Z</Time>
						<Position>
							<LatitudeDegrees>47.957208658</LatitudeDegrees>
							<LongitudeDegrees>7.786150995</LongitudeDegrees>
						</Position>
						<AltitudeMeters>311.38</AltitudeMeters>
						<DistanceMeters>0.00</DistanceMeters>
						<HeartRateBpm>
							<Value>97</Value>
						</HeartRateBpm>
						<Extensions>
							<ns3:TPX>
								<ns3:Speed>0.00</ns3:Speed>
							</ns3:TPX>
						</Extensions>
					</Trackpoint>
					<Trackpoint>
						<Time>2025-01-28T14:13:20.894Z</Time>
						<Position>
							<LatitudeDegrees>47.957208658</LatitudeDegrees>
							<LongitudeDegrees>7.786150995</LongitudeDegrees>
						</Position>
						<AltitudeMeters>311.38</AltitudeMeters>
						<DistanceMeters>0.00</DistanceMeters>
						<HeartRateBpm>
							<Value>99</Value>
						</HeartRateBpm>
						<Extensions>
							<ns3:TPX>
								<ns3:Speed>0.00</ns3:Speed>
							</ns3:TPX>
						</Extensions>
					</Trackpoint>
					<Trackpoint>
						<Time>2025-01-28T14:13:30.898Z</Time>
						<Position>
							<LatitudeDegrees>47.957208658</LatitudeDegrees>
							<LongitudeDegrees>7.786150995</LongitudeDegrees>
						</Position>
						<AltitudeMeters>311.38</AltitudeMeters>
						<DistanceMeters>0.00</DistanceMeters>
						<HeartRateBpm>
							<Value>98</Value>
						</HeartRateBpm>
						<Extensions>
							<ns3:TPX>
								<ns3:Speed>0.00</ns3:Speed>
							</ns3:TPX>
						</Extensions>
					</Trackpoint>
					<Trackpoint>
						<Time>2025-01-28T14:13:41.898Z</Time>
						<Position>
							<LatitudeDegrees>47.957208658</LatitudeDegrees>
							<LongitudeDegrees>7.786150995</LongitudeDegrees>
						</Position>
						<AltitudeMeters>311.38</AltitudeMeters>
						<DistanceMeters>0.00</DistanceMeters>
						<HeartRateBpm>
							<Value>98</Value>
						</HeartRateBpm>
						<Extensions>
							<ns3:TPX>
								<ns3:Speed>0.00</ns3:Speed>
							</ns3:TPX>
						</Extensions>
					</Trackpoint>
					<Trackpoint>
						<Time>2025-01-28T14:13:52.891Z</Time>
						<Position>
							<LatitudeDegrees>47.957208658</LatitudeDegrees>
							<LongitudeDegrees>7.786150995</LongitudeDegrees>
						</Position>
						<AltitudeMeters>311.38</AltitudeMeters>
						<DistanceMeters>0.00</DistanceMeters>
						<HeartRateBpm>
							<Value>103</Value>
						</HeartRateBpm>
						<Extensions>
							<ns3:TPX>
								<ns3:Speed>0.00</ns3:Speed>
							</ns3:TPX>
						</Extensions>
					</Trackpoint>
					<Trackpoint>
						<Time>2025-01-28T14:14:03.898Z</Time>
						<Position>
							<LatitudeDegrees>47.957208658</LatitudeDegrees>
							<LongitudeDegrees>7.786150995</LongitudeDegrees>
						</Position>
						<AltitudeMeters>311.38</AltitudeMeters>
						<DistanceMeters>0.00</DistanceMeters>
						<HeartRateBpm>
							<Value>100</Value>
						</HeartRateBpm>
						<Extensions>
							<ns3:TPX>
								<ns3:Speed>0.00</ns3:Speed>
							</ns3:TPX>
						</Extensions>
					</Trackpoint>
					<Trackpoint>
						<Time>2025-01-28T14:14:13.898Z</Time>
						<Position>
							<LatitudeDegrees>47.957208658</LatitudeDegrees>
							<LongitudeDegrees>7.786150995</LongitudeDegrees>
						</Position>
						<AltitudeMeters>311.38</AltitudeMeters>
						<DistanceMeters>0.00</DistanceMeters>
						<HeartRateBpm>
							<Value>102</Value>
						</HeartRateBpm>
						<Extensions>
							<ns3:TPX>
								<ns3:Speed>0.00</ns3:Speed>
							</ns3:TPX>
						</Extensions>
					</Trackpoint>
					<Trackpoint>
						<Time>2025-01-28T14:14:24.891Z</Time>
						<Position>
							<LatitudeDegrees>47.957208658</LatitudeDegrees>
							<LongitudeDegrees>7.786150995</LongitudeDegrees>
						</Position>
						<AltitudeMeters>311.38</AltitudeMeters>
						<DistanceMeters>0.00</DistanceMeters>
						<HeartRateBpm>
							<Value>101</Value>
						</HeartRateBpm>
						<Extensions>
							<ns3:TPX>
								<ns3:Speed>0.00</ns3:Speed>
							</ns3:TPX>
						</Extensions>
					</Trackpoint>
					<Trackpoint>
						<Time>2025-01-28T14:14:35.897Z</Time>
						<Position>
							<LatitudeDegrees>47.957208658</LatitudeDegrees>
							<LongitudeDegrees>7.786150995</LongitudeDegrees>
						</Position>
						<AltitudeMeters>311.38</AltitudeMeters>
						<DistanceMeters>0.00</DistanceMeters>
						<HeartRateBpm>
							<Value>104</Value>
						</HeartRateBpm>
						<Extensions>
							<ns3:TPX>
								<ns3:Speed>0.00</ns3:Speed>
							</ns3:TPX>
						</Extensions>
					</Trackpoint>
					<Trackpoint>
						<Time>2025-01-28T14:14:46.891Z</Time>
						<Position>
							<LatitudeDegrees>47.957208658</LatitudeDegrees>
							<LongitudeDegrees>7.786150995</LongitudeDegrees>
						</Position>
						<AltitudeMeters>311.38</AltitudeMeters>
						<DistanceMeters>0.00</DistanceMeters>
						<HeartRateBpm>
							<Value>104</Value>
						</HeartRateBpm>
						<Extensions>
							<ns3:TPX>
								<ns3:Speed>0.00</ns3:Speed>
							</ns3:TPX>
						</Extensions>
					</Trackpoint>
					<Trackpoint>
						<Time>2025-01-28T14:14:50.891Z</Time>
						<Position>
							<LatitudeDegrees>47.957292355</LatitudeDegrees>
							<LongitudeDegrees>7.786090266</LongitudeDegrees>
						</Position>
						<AltitudeMeters>312.08</AltitudeMeters>
						<DistanceMeters>10.35</DistanceMeters>
						<HeartRateBpm>
							<Value>104</Value>
						</HeartRateBpm>
						<Extensions>
							<ns3:TPX>
								<ns3:Speed>2.20</ns3:Speed>
								<ns3:Watts>125</ns3:Watts>
							</ns3:TPX>
						</Extensions>
					</Trackpoint>
					<Trackpoint>
						<Time>2025-01-28T14:14:56.890Z</Time>
						<Position>
							<LatitudeDegrees>47.957457407</LatitudeDegrees>
							<LongitudeDegrees>7.786132099</LongitudeDegrees>
						</Position>
						<AltitudeMeters>311.90</AltitudeMeters>
						<DistanceMeters>49.64</DistanceMeters>
						<HeartRateBpm>
							<Value>102</Value>
						</HeartRateBpm>
						<Extensions>
							<ns3:TPX>
								<ns3:Speed>2.30</ns3:Speed>
							</ns3:TPX>
						</Extensions>
					</Trackpoint>
					<Trackpoint>
						<Time>2025-01-28T14:14:58.897Z</Time>
						<Position>
							<LatitudeDegrees>47.957413823</LatitudeDegrees>
							<LongitudeDegrees>7.786157136</LongitudeDegrees>
						</Position>
						<AltitudeMeters>311.57</AltitudeMeters>
						<DistanceMeters>54.84</DistanceMeters>
						<HeartRateBpm>
							<Value>102</Value>
						</HeartRateBpm>
						<Extensions>
							<ns3:TPX>
								<ns3:Speed>2.21</ns3:Speed>
							</ns3:TPX>
						</Extensions>
					</Trackpoint>
					<Trackpoint>
						<Time>2025-01-28T14:15:01.897Z</Time>
						<Position>
							<LatitudeDegrees>47.957356334</LatitudeDegrees>
							<LongitudeDegrees>7.786187251</LongitudeDegrees>
						</Position>
						<AltitudeMeters>312.00</AltitudeMeters>
						<DistanceMeters>61.61</DistanceMeters>
						<HeartRateBpm>
							<Value>101</Value>
						</HeartRateBpm>
						<Extensions>
							<ns3:TPX>
								<ns3:Speed>2.02</ns3:Speed>
							</ns3:TPX>
						</Extensions>
					</Trackpoint>
					<Trackpoint>
						<Time>2025-01-28T14:15:04.891Z</Time>
						<Position>
							<LatitudeDegrees>47.957306559</LatitudeDegrees>
							<LongitudeDegrees>7.786221418</LongitudeDegrees>
						</Position>
						<AltitudeMeters>310.86</AltitudeMeters>
						<DistanceMeters>67.71</DistanceMeters>
						<HeartRateBpm>
							<Value>101</Value>
						</HeartRateBpm>
						<Extensions>
							<ns3:TPX>
								<ns3:Speed>1.66</ns3:Speed>
							</ns3:TPX>
						</Extensions>
					</Trackpoint>
					<Trackpoint>
						<Time>2025-01-28T14:15:09.898Z</Time>
						<Position>
							<LatitudeDegrees>47.957306559</LatitudeDegrees>
							<LongitudeDegrees>7.786221418</LongitudeDegrees>
						</Position>
						<AltitudeMeters>310.86</AltitudeMeters>
						<DistanceMeters>67.71</DistanceMeters>
						<HeartRateBpm>
							<Value>104</Value>
						</HeartRateBpm>
						<Extensions>
							<ns3:TPX>
								<ns3:Speed>1.92</ns3:Speed>
							</ns3:TPX>
						</Extensions>
					</Trackpoint>
					<Trackpoint>
						<Time>2025-01-28T14:15:20.885Z</Time>
						<Position>
							<LatitudeDegrees>47.957306559</LatitudeDegrees>
							<LongitudeDegrees>7.786221418</LongitudeDegrees>
						</Position>
						<AltitudeMeters>310.86</AltitudeMeters>
						<DistanceMeters>67.71</DistanceMeters>
						<HeartRateBpm>
							<Value>103</Value>
						</HeartRateBpm>
						<Extensions>
							<ns3:TPX>
								<ns3:Speed>0.00</ns3:Speed>
							</ns3:TPX>
						</Extensions>
					</Trackpoint>
					<Trackpoint>
						<Time>2025-01-28T14:15:30.889Z</Time>
						<Position>
							<LatitudeDegrees>47.957306559</LatitudeDegrees>
							<LongitudeDegrees>7.786221418</LongitudeDegrees>
						</Position>
						<AltitudeMeters>310.86</AltitudeMeters>
						<DistanceMeters>67.71</DistanceMeters>
						<HeartRateBpm>
							<Value>102</Value>
						</HeartRateBpm>
						<Extensions>
							<ns3:TPX>
								<ns3:Speed>0.00</ns3:Speed>
							</ns3:TPX>
						</Extensions>
					</Trackpoint>
					<Trackpoint>
						<Time>2025-01-28T14:15:41.892Z</Time>
						<Position>
							<LatitudeDegrees>47.957306559</LatitudeDegrees>
							<LongitudeDegrees>7.786221418</LongitudeDegrees>
						</Position>
						<AltitudeMeters>310.86</AltitudeMeters>
						<DistanceMeters>67.71</DistanceMeters>
						<HeartRateBpm>
							<Value>103</Value>
						</HeartRateBpm>
						<Extensions>
							<ns3:TPX>
								<ns3:Speed>0.00</ns3:Speed>
							</ns3:TPX>
						</Extensions>
					</Trackpoint>
					<Trackpoint>
						<Time>2025-01-28T14:15:52.897Z</Time>
						<Position>
							<LatitudeDegrees>47.957306559</LatitudeDegrees>
							<LongitudeDegrees>7.786221418</LongitudeDegrees>
						</Position>
						<AltitudeMeters>310.86</AltitudeMeters>
						<DistanceMeters>67.71</DistanceMeters>
						<HeartRateBpm>
							<Value>104</Value>
						</HeartRateBpm>
						<Extensions>
							<ns3:TPX>
								<ns3:Speed>0.00</ns3:Speed>
							</ns3:TPX>
						</Extensions>
					</Trackpoint>
					<Trackpoint>
						<Time>2025-01-28T14:16:03.892Z</Time>
						<Position>
							<LatitudeDegrees>47.957306559</LatitudeDegrees>
							<LongitudeDegrees>7.786221418</LongitudeDegrees>
						</Position>
						<AltitudeMeters>310.86</AltitudeMeters>
						<DistanceMeters>67.71</DistanceMeters>
						<HeartRateBpm>
							<Value>108</Value>
						</HeartRateBpm>
						<Extensions>
							<ns3:TPX>
								<ns3:Speed>0.00</ns3:Speed>
							</ns3:TPX>
						</Extensions>
					</Trackpoint>
					<Trackpoint>
						<Time>2025-01-28T14:16:14.898Z</Time>
						<Position>
							<LatitudeDegrees>47.957306559</LatitudeDegrees>
							<LongitudeDegrees>7.786221418</LongitudeDegrees>
						</Position>
						<AltitudeMeters>310.86</AltitudeMeters>
						<DistanceMeters>67.71</DistanceMeters>
						<HeartRateBpm>
							<Value>108</Value>
						</HeartRateBpm>
						<Extensions>
							<ns3:TPX>
								<ns3:Speed>0.00</ns3:Speed>
							</ns3:TPX>
						</Extensions>
					</Trackpoint>
					<Trackpoint>
						<Time>2025-01-28T14:16:25.896Z</Time>
						<Position>
							<LatitudeDegrees>47.957306559</LatitudeDegrees>
							<LongitudeDegrees>7.786221418</LongitudeDegrees>
						</Position>
						<AltitudeMeters>310.86</AltitudeMeters>
						<DistanceMeters>67.71</DistanceMeters>
						<HeartRateBpm>
							<Value>99</Value>
						</HeartRateBpm>
						<Extensions>
							<ns3:TPX>
								<ns3:Speed>0.00</ns3:Speed>
							</ns3:TPX>
						</Extensions>
					</Trackpoint>
					<Trackpoint>
						<Time>2025-01-28T14:16:36.897Z</Time>
						<Position>
							<LatitudeDegrees>47.957306559</LatitudeDegrees>
							<LongitudeDegrees>7.786221418</LongitudeDegrees>
						</Position>
						<AltitudeMeters>310.86</AltitudeMeters>
						<DistanceMeters>67.71</DistanceMeters>
						<HeartRateBpm>
							<Value>111</Value>
						</HeartRateBpm>
						<Extensions>
							<ns3:TPX>
								<ns3:Speed>0.00</ns3:Speed>
							</ns3:TPX>
						</Extensions>
					</Trackpoint>
					<Trackpoint>
						<Time>2025-01-28T14:16:38.896Z</Time>
						<Position>
							<LatitudeDegrees>47.957344115</LatitudeDegrees>
							<LongitudeDegrees>7.786499494</LongitudeDegrees>
						</Position>
						<AltitudeMeters>313.23</AltitudeMeters>
						<DistanceMeters>88.89</DistanceMeters>
						<HeartRateBpm>
							<Value>111</Value>
						</HeartRateBpm>
						<Extensions>
							<ns3:TPX>
								<ns3:Speed>2.58</ns3:Speed>
							</ns3:TPX>
						</Extensions>
					</Trackpoint>
					<Trackpoint>
						<Time>2025-01-28T14:16:40.894Z</Time>
						<Position>
							<LatitudeDegrees>47.957522991</LatitudeDegrees>
							<LongitudeDegrees>7.786088082</LongitudeDegrees>
						</Position>
						<AltitudeMeters>311.89</AltitudeMeters>
						<DistanceMeters>140.14</DistanceMeters>
						<HeartRateBpm>
							<Value>111</Value>
						</HeartRateBpm>
						<Extensions>
							<ns3:TPX>
								<ns3:Speed>2.18</ns3:Speed>
								<ns3:Watts>19</ns3:Watts>
							</ns3:TPX>
						</Extensions>
					</Trackpoint>
					<Trackpoint>
						<Time>2025-01-28T14:16:43.897Z</Time>
						<Position>
							<LatitudeDegrees>47.957581397</LatitudeDegrees>
							<LongitudeDegrees>7.786100714</LongitudeDegrees>
						</Position>
						<AltitudeMeters>311.64</AltitudeMeters>
						<DistanceMeters>146.70</DistanceMeters>
						<HeartRateBpm>
							<Value>110</Value>
						</HeartRateBpm>
						<Extensions>
							<ns3:TPX>
								<ns3:Speed>2.27</ns3:Speed>
								<ns3:Watts>149</ns3:Watts>
							</ns3:TPX>
						</Extensions>
					</Trackpoint>
					<Trackpoint>
						<Time>2025-01-28T14:16:45.895Z</Time>
						<Position>
							<LatitudeDegrees>47.957624055</LatitudeDegrees>
							<LongitudeDegrees>7.786132084</LongitudeDegrees>
						</Position>
						<AltitudeMeters>312.13</AltitudeMeters>
						<DistanceMeters>151.99</DistanceMeters>
						<HeartRateBpm>
							<Value>110</Value>
						</HeartRateBpm>
						<Extensions>
							<ns3:TPX>
								<ns3:Speed>2.29</ns3:Speed>
								<ns3:Watts>184</ns3:Watts>
							</ns3:TPX>
						</Extensions>
					</Trackpoint>
					<Trackpoint>
						<Time>2025-01-28T14:16:48.895Z</Time>
						<Position>
							<LatitudeDegrees>47.957650855</LatitudeDegrees>
							<LongitudeDegrees>7.786216414</LongitudeDegrees>
						</Position>
						<AltitudeMeters>312.10</AltitudeMeters>
						<DistanceMeters>158.96</DistanceMeters>
						<HeartRateBpm>
							<Value>110</Value>
						</HeartRateBpm>
						<Extensions>
							<ns3:TPX>
								<ns3:Speed>3.04</ns3:Speed>
								<ns3:Watts>212</ns3:Watts>
							</ns3:TPX>
						</Extensions>
					</Trackpoint>
					<Trackpoint>
						<Time>2025-01-28T14:16:50.897Z</Time>
						<Position>
							<LatitudeDegrees>47.957634440</LatitudeDegrees>
							<LongitudeDegrees>7.786304442</LongitudeDegrees>
						</Position>
						<AltitudeMeters>314.71</AltitudeMeters>
						<DistanceMeters>165.78</DistanceMeters>
						<HeartRateBpm>
							<Value>110</Value>
						</HeartRateBpm>
						<Extensions>
							<ns3:TPX>
								<ns3:Speed>2.55</ns3:Speed>
								<ns3:Watts>176</ns3:Watts>
							</ns3:TPX>
						</Extensions>
					</Trackpoint>
					<Trackpoint>
						<Time>2025-01-28T14:16:54.890Z</Time>
						<Position>
							<LatitudeDegrees>47.957615018</LatitudeDegrees>
							<LongitudeDegrees>7.786398071</LongitudeDegrees>
						</Position>
						<AltitudeMeters>316.00</AltitudeMeters>
						<DistanceMeters>173.10</DistanceMeters>
						<HeartRateBpm>
							<Value>112</Value>
						</HeartRateBpm>
						<Extensions>
							<ns3:TPX>
								<ns3:Speed>1.94</ns3:Speed>
								<ns3:Watts>170</ns3:Watts>
							</ns3:TPX>
						</Extensions>
					</Trackpoint>
					<Trackpoint>
						<Time>2025-01-28T14:16:57.898Z</Time>
						<Position>
							<LatitudeDegrees>47.957588886</LatitudeDegrees>
							<LongitudeDegrees>7.786458753</LongitudeDegrees>
						</Position>
						<AltitudeMeters>314.12</AltitudeMeters>
						<DistanceMeters>178.48</DistanceMeters>
						<HeartRateBpm>
							<Value>113</Value>
						</HeartRateBpm>
						<Extensions>
							<ns3:TPX>
								<ns3:Speed>1.74</ns3:Speed>
								<ns3:Watts>147</ns3:Watts>
							</ns3:TPX>
						</Extensions>
					</Trackpoint>
					<Trackpoint>
						<Time>2025-01-28T14:17:01.890Z</Time>
						<Position>
							<LatitudeDegrees>47.957559666</LatitudeDegrees>
							<LongitudeDegrees>7.786540136</LongitudeDegrees>
						</Position>
						<AltitudeMeters>315.24</AltitudeMeters>
						<DistanceMeters>185.37</DistanceMeters>
						<HeartRateBpm>
							<Value>116</Value>
						</HeartRateBpm>
						<Extensions>
							<ns3:TPX>
								<ns3:Speed>1.63</ns3:Speed>
								<ns3:Watts>185</ns3:Watts>
							</ns3:TPX>
						</Extensions>
					</Trackpoint>
					<Trackpoint>
						<Time>2025-01-28T14:17:04.897Z</Time>
						<Position>
							<LatitudeDegrees>47.957538704</LatitudeDegrees>
							<LongitudeDegrees>7.786600972</LongitudeDegrees>
						</Position>
						<AltitudeMeters>316.21</AltitudeMeters>
						<DistanceMeters>190.48</DistanceMeters>
						<HeartRateBpm>
							<Value>118</Value>
						</HeartRateBpm>
						<Extensions>
							<ns3:TPX>
								<ns3:Speed>1.75</ns3:Speed>
								<ns3:Watts>202</ns3:Watts>
							</ns3:TPX>
						</Extensions>
					</Trackpoint>
					<Trackpoint>
						<Time>2025-01-28T14:17:07.897Z</Time>
						<Position>
							<LatitudeDegrees>47.957531959</LatitudeDegrees>
							<LongitudeDegrees>7.786667806</LongitudeDegrees>
						</Position>
						<AltitudeMeters>318.24</AltitudeMeters>
						<DistanceMeters>195.52</DistanceMeters>
						<HeartRateBpm>
							<Value>119</Value>
						</HeartRateBpm>
						<Extensions>
							<ns3:TPX>
								<ns3:Speed>1.73</ns3:Speed>
								<ns3:Watts>192</ns3:Watts>
							</ns3:TPX>
						</Extensions>
					</Trackpoint>
					<Trackpoint>
						<Time>2025-01-28T14:17:11.896Z</Time>
						<Position>
							<LatitudeDegrees>47.957496197</LatitudeDegrees>
							<LongitudeDegrees>7.786726571</LongitudeDegrees>
						</Position>
						<AltitudeMeters>318.51</AltitudeMeters>
						<DistanceMeters>201.45</DistanceMeters>
						<HeartRateBpm>
							<Value>121</Value>
						</HeartRateBpm>
						<Extensions>
							<ns3:TPX>
								<ns3:Speed>1.66</ns3:Speed>
								<ns3:Watts>215</ns3:Watts>
							</ns3:TPX>
						</Extensions>
					</Trackpoint>
					<Trackpoint>
						<Time>2025-01-28T14:17:15.897Z</Time>
						<Position>
							<LatitudeDegrees>47.957469543</LatitudeDegrees>
							<LongitudeDegrees>7.786803786</LongitudeDegrees>
						</Position>
						<AltitudeMeters>319.51</AltitudeMeters>
						<DistanceMeters>207.93</DistanceMeters>
						<HeartRateBpm>
							<Value>122</Value>
						</HeartRateBpm>
						<Extensions>
							<ns3:TPX>
								<ns3:Speed>1.72</ns3:Speed>
								<ns3:Watts>208</ns3:Watts>
							</ns3:TPX>
						</Extensions>
					</Trackpoint>
					<Trackpoint>
						<Time>2025-01-28T14:17:19.896Z</Time>
						<Position>
							<LatitudeDegrees>47.957418464</LatitudeDegrees>
							<LongitudeDegrees>7.786860611</LongitudeDegrees>
						</Position>
						<AltitudeMeters>320.06</AltitudeMeters>
						<DistanceMeters>215.02</DistanceMeters>
						<HeartRateBpm>
							<Value>124</Value>
						</HeartRateBpm>
						<Extensions>
							<ns3:TPX>
								<ns3:Speed>1.88</ns3:Speed>
								<ns3:Watts>133</ns3:Watts>
							</ns3:TPX>
						</Extensions>
					</Trackpoint>
					<Trackpoint>
						<Time>2025-01-28T14:17:23.896Z</Time>
						<Position>
							<LatitudeDegrees>47.957382717</LatitudeDegrees>
							<LongitudeDegrees>7.786936407</LongitudeDegrees>
						</Position>
						<AltitudeMeters>320.07</AltitudeMeters>
						<DistanceMeters>221.94</DistanceMeters>
						<HeartRateBpm>
							<Value>125</Value>
						</HeartRateBpm>
						<Extensions>
							<ns3:TPX>
								<ns3:Speed>1.89</ns3:Speed>
								<ns3:Watts>119</ns3:Watts>
							</ns3:TPX>
						</Extensions>
					</Trackpoint>
					<Trackpoint>
						<Time>2025-01-28T14:17:26.892Z</Time>
						<Position>
							<LatitudeDegrees>47.957374346</LatitudeDegrees>
							<LongitudeDegrees>7.787002714</LongitudeDegrees>
						</Position>
						<AltitudeMeters>319.34</AltitudeMeters>
						<DistanceMeters>226.98</DistanceMeters>
						<HeartRateBpm>
							<Value>126</Value>
						</HeartRateBpm>
						<Extensions>
							<ns3:TPX>
								<ns3:Speed>1.97</ns3:Speed>
								<ns3:Watts>295</ns3:Watts>
							</ns3:TPX>
						</Extensions>
					</Trackpoint>
					<Trackpoint>
						<Time>2025-01-28T14:17:29.886Z</Time>
						<Position>
							<LatitudeDegrees>47.957345316</LatitudeDegrees>
							<LongitudeDegrees>7.787064987</LongitudeDegrees>
						</Position>
						<AltitudeMeters>320.67</AltitudeMeters>
						<DistanceMeters>232.64</DistanceMeters>
						<HeartRateBpm>
							<Value>127</Value>
						</HeartRateBpm>
						<Extensions>
							<ns3:TPX>
								<ns3:Speed>1.92</ns3:Speed>
								<ns3:Watts>429</ns3:Watts>
							</ns3:TPX>
						</Extensions>
					</Trackpoint>
					<Trackpoint>
						<Time>2025-01-28T14:17:33.898Z</Time>
						<Position>
							<LatitudeDegrees>47.957318453</LatitudeDegrees>
							<LongitudeDegrees>7.787140051</LongitudeDegrees>
						</Position>
						<AltitudeMeters>322.33</AltitudeMeters>
						<DistanceMeters>238.99</DistanceMeters>
						<HeartRateBpm>
							<Value>128</Value>
						</HeartRateBpm>
						<Extensions>
							<ns3:TPX>
								<ns3:Speed>1.85</ns3:Speed>
								<ns3:Watts>233</ns3:Watts>
							</ns3:TPX>
						</Extensions>
					</Trackpoint>
					<Trackpoint>
						<Time>2025-01-28T14:17:36.891Z</Time>
						<Position>
							<LatitudeDegrees>47.957291232</LatitudeDegrees>
							<LongitudeDegrees>7.787196052</LongitudeDegrees>
						</Position>
						<AltitudeMeters>323.76</AltitudeMeters>
						<DistanceMeters>244.15</DistanceMeters>
						<HeartRateBpm>
							<Value>129</Value>
						</HeartRateBpm>
						<Extensions>
							<ns3:TPX>
								<ns3:Speed>1.86</ns3:Speed>
							</ns3:TPX>
						</Extensions>
					</Trackpoint>
					<Trackpoint>
						<Time>2025-01-28T14:17:40.896Z</Time>
						<Position>
							<LatitudeDegrees>47.957256747</LatitudeDegrees>
							<LongitudeDegrees>7.787258488</LongitudeDegrees>
						</Position>
						<AltitudeMeters>322.05</AltitudeMeters>
						<DistanceMeters>250.19</DistanceMeters>
						<HeartRateBpm>
							<Value>130</Value>
						</HeartRateBpm>
						<Extensions>
							<ns3:TPX>
								<ns3:Speed>1.81</ns3:Speed>
								<ns3:Watts>84</ns3:Watts>
							</ns3:TPX>
						</Extensions>
					</Trackpoint>
					<Trackpoint>
						<Time>2025-01-28T14:17:44.895Z</Time>
						<Position>
							<LatitudeDegrees>47.957238591</LatitudeDegrees>
							<LongitudeDegrees>7.787336371</LongitudeDegrees>
						</Position>
						<AltitudeMeters>323.23</AltitudeMeters>
						<DistanceMeters>256.34</DistanceMeters>
						<HeartRateBpm>
							<Value>131</Value>
						</HeartRateBpm>
						<Extensions>
							<ns3:TPX>
								<ns3:Speed>1.95</ns3:Speed>
								<ns3:Watts>106</ns3:Watts>
							</ns3:TPX>
						</Extensions>
					</Trackpoint>
					<Trackpoint>
						<Time>2025-01-28T14:17:47.895Z</Time>
						<Position>
							<LatitudeDegrees>47.957255986</LatitudeDegrees>
							<LongitudeDegrees>7.787409224</LongitudeDegrees>
						</Position>
						<AltitudeMeters>324.47</AltitudeMeters>
						<DistanceMeters>262.12</DistanceMeters>
						<HeartRateBpm>
							<Value>131</Value>
						</HeartRateBpm>
						<Extensions>
							<ns3:TPX>
								<ns3:Speed>1.93</ns3:Speed>
							</ns3:TPX>
						</Extensions>
					</Trackpoint>
					<Trackpoint>
						<Time>2025-01-28T14:17:50.896Z</Time>
						<Position>
							<LatitudeDegrees>47.957288379</LatitudeDegrees>
							<LongitudeDegrees>7.787456005</LongitudeDegrees>
						</Position>
						<AltitudeMeters>324.66</AltitudeMeters>
						<DistanceMeters>267.14</DistanceMeters>
						<HeartRateBpm>
							<Value>131</Value>
						</HeartRateBpm>
						<Extensions>
							<ns3:TPX>
								<ns3:Speed>2.18</ns3:Speed>
							</ns3:TPX>
						</Extensions>
					</Trackpoint>
					<Trackpoint>
						<Time>2025-01-28T14:17:53.896Z</Time>
						<Position>
							<LatitudeDegrees>47.957339104</LatitudeDegrees>
							<LongitudeDegrees>7.787512483</LongitudeDegrees>
						</Position>
						<AltitudeMeters>324.01</AltitudeMeters>
						<DistanceMeters>274.18</DistanceMeters>
						<HeartRateBpm>
							<Value>132</Value>
						</HeartRateBpm>
						<Extensions>
							<ns3:TPX>
								<ns3:Speed>2.40</ns3:Speed>
								<ns3:Watts>16</ns3:Watts>
							</ns3:TPX>
						</Extensions>
					</Trackpoint>
					<Trackpoint>
						<Time>2025-01-28T14:17:55.892Z</Time>
						<Position>
							<LatitudeDegrees>47.957384984</LatitudeDegrees>
							<LongitudeDegrees>7.787552878</LongitudeDegrees>
						</Position>
						<AltitudeMeters>324.29</AltitudeMeters>
						<DistanceMeters>280.11</DistanceMeters>
						<HeartRateBpm>
							<Value>132</Value>
						</HeartRateBpm>
						<Extensions>
							<ns3:TPX>
								<ns3:Speed>2.35</ns3:Speed>
								<ns3:Watts>11</ns3:Watts>
							</ns3:TPX>
						</Extensions>
					</Trackpoint>
					<Trackpoint>
						<Time>2025-01-28T14:17:57.894Z</Time>
						<Position>
							<LatitudeDegrees>47.957421921</LatitudeDegrees>
							<LongitudeDegrees>7.787602498</LongitudeDegrees>
						</Position>
						<AltitudeMeters>324.12</AltitudeMeters>
						<DistanceMeters>285.64</DistanceMeters>
						<HeartRateBpm>
							<Value>132</Value>
						</HeartRateBpm>
						<Extensions>
							<ns3:TPX>
								<ns3:Speed>2.39</ns3:Speed>
								<ns3:Watts>31</ns3:Watts>
							</ns3:TPX>
						</Extensions>
					</Trackpoint>
					<Trackpoint>
						<Time>2025-01-28T14:17:59.892Z</Time>
						<Position>
							<LatitudeDegrees>47.957454626</LatitudeDegrees>
							<LongitudeDegrees>7.787651285</LongitudeDegrees>
						</Position>
						<AltitudeMeters>325.06</AltitudeMeters>
						<DistanceMeters>290.79</DistanceMeters>
						<HeartRateBpm>
							<Value>132</Value>
						</HeartRateBpm>
						<Extensions>
							<ns3:TPX>
								<ns3:Speed>2.22</ns3:Speed>
								<ns3:Watts>53</ns3:Watts>
							</ns3:TPX>
						</Extensions>
					</Trackpoint>
					<Trackpoint>
						<Time>2025-01-28T14:18:01.896Z</Time>
						<Position>
							<LatitudeDegrees>47.957489654</LatitudeDegrees>
							<LongitudeDegrees>7.787702402</LongitudeDegrees>
						</Position>
						<AltitudeMeters>324.45</AltitudeMeters>
						<DistanceMeters>296.24</DistanceMeters>
						<HeartRateBpm>
							<Value>132</Value>
						</HeartRateBpm>
						<Extensions>
							<ns3:TPX>
								<ns3:Speed>1.96</ns3:Speed>
								<ns3:Watts>58</ns3:Watts>
							</ns3:TPX>
						</Extensions>
					</Trackpoint>
					<Trackpoint>
						<Time>2025-01-28T14:18:04.896Z</Time>
						<Position>
							<LatitudeDegrees>47.957504135</LatitudeDegrees>
							<LongitudeDegrees>7.787776817</LongitudeDegrees>
						</Position>
						<AltitudeMeters>324.69</AltitudeMeters>
						<DistanceMeters>302.03</DistanceMeters>
						<HeartRateBpm>
							<Value>132</Value>
						</HeartRateBpm>
						<Extensions>
							<ns3:TPX>
								<ns3:Speed>1.82</ns3:Speed>
							</ns3:TPX>
						</Extensions>
					</Trackpoint>
					<Trackpoint>
						<Time>2025-01-28T14:18:07.895Z</Time>
						<Position>
							<LatitudeDegrees>47.957472759</LatitudeDegrees>
							<LongitudeDegrees>7.787847390</LongitudeDegrees>
						</Position>
						<AltitudeMeters>325.01</AltitudeMeters>
						<DistanceMeters>308.35</DistanceMeters>
						<HeartRateBpm>
							<Value>132</Value>
						</HeartRateBpm>
						<Extensions>
							<ns3:TPX>
								<ns3:Speed>2.47</ns3:Speed>
							</ns3:TPX>
						</Extensions>
					</Trackpoint>
					<Trackpoint>
						<Time>2025-01-28T14:18:09.896Z</Time>
						<Position>
							<LatitudeDegrees>47.957444090</LatitudeDegrees>
							<LongitudeDegrees>7.787908093</LongitudeDegrees>
						</Position>
						<AltitudeMeters>324.13</AltitudeMeters>
						<DistanceMeters>313.89</DistanceMeters>
						<HeartRateBpm>
							<Value>132</Value>
						</HeartRateBpm>
						<Extensions>
							<ns3:TPX>
								<ns3:Speed>1.95</ns3:Speed>
							</ns3:TPX>
						</Extensions>
					</Trackpoint>
					<Trackpoint>
						<Time>2025-01-28T14:18:12.897Z</Time>
						<Position>
							<LatitudeDegrees>47.957422182</LatitudeDegrees>
							<LongitudeDegrees>7.787978958</LongitudeDegrees>
						</Position>
						<AltitudeMeters>324.66</AltitudeMeters>
						<DistanceMeters>319.71</DistanceMeters>
						<HeartRateBpm>
							<Value>131</Value>
						</HeartRateBpm>
						<Extensions>
							<ns3:TPX>
								<ns3:Speed>1.63</ns3:Speed>
							</ns3:TPX>
						</Extensions>
					</Trackpoint>
					<Trackpoint>
						<Time>2025-01-28T14:18:15.894Z</Time>
						<Position>
							<LatitudeDegrees>47.957395156</LatitudeDegrees>
							<LongitudeDegrees>7.788040115</LongitudeDegrees>
						</Position>
						<AltitudeMeters>324.68</AltitudeMeters>
						<DistanceMeters>325.18</DistanceMeters>
						<HeartRateBpm>
							<Value>131</Value>
						</HeartRateBpm>
						<Extensions>
							<ns3:TPX>
								<ns3:Speed>1.23</ns3:Speed>
							</ns3:TPX>
						</Extensions>
					</Trackpoint>
					<Trackpoint>
						<Time>2025-01-28T14:18:18.895Z</Time>
						<Position>
							<LatitudeDegrees>47.957443202</LatitudeDegrees>
							<LongitudeDegrees>7.788051843</LongitudeDegrees>
						</Position>
						<AltitudeMeters>325.91</AltitudeMeters>
						<DistanceMeters>330.59</DistanceMeters>
						<HeartRateBpm>
							<Value>129</Value>
						</HeartRateBpm>
						<Extensions>
							<ns3:TPX>
								<ns3:Speed>3.80</ns3:Speed>
								<ns3:Watts>70</ns3:Watts>
							</ns3:TPX>
						</Extensions>
					</Trackpoint>
					<Trackpoint>
						<Time>2025-01-28T14:18:20.894Z</Time>
						<Position>
							<LatitudeDegrees>47.957501731</LatitudeDegrees>
							<LongitudeDegrees>7.787963737</LongitudeDegrees>
						</Position>
						<AltitudeMeters>325.65</AltitudeMeters>
						<DistanceMeters>339.85</DistanceMeters>
						<HeartRateBpm>
							<Value>129</Value>
						</HeartRateBpm>
						<Extensions>
							<ns3:TPX>
								<ns3:Speed>5.42</ns3:Speed>
							</ns3:TPX>
						</Extensions>
					</Trackpoint>
					<Trackpoint>
						<Time>2025-01-28T14:18:21.896Z</Time>
						<Position>
							<LatitudeDegrees>47.957546534</LatitudeDegrees>
							<LongitudeDegrees>7.787934020</LongitudeDegrees>
						</Position>
						<AltitudeMeters>325.28</AltitudeMeters>
						<DistanceMeters>345.30</DistanceMeters>
						<HeartRateBpm>
							<Value>129</Value>
						</HeartRateBpm>
						<Extensions>
							<ns3:TPX>
								<ns3:Speed>6.11</ns3:Speed>
							</ns3:TPX>
						</Extensions>
					</Trackpoint>
					<Trackpoint>
						<Time>2025-01-28T14:18:22.895Z</Time>
						<Position>
							<LatitudeDegrees>47.957587341</LatitudeDegrees>
							<LongitudeDegrees>7.787885067</LongitudeDegrees>
						</Position>
						<AltitudeMeters>324.33</AltitudeMeters>
						<DistanceMeters>351.13</DistanceMeters>
						<HeartRateBpm>
							<Value>128</Value>
						</HeartRateBpm>
						<Extensions>
							<ns3:TPX>
								<ns3:Speed>6.29</ns3:Speed>
							</ns3:TPX>
						</Extensions>
					</Trackpoint>
					<Trackpoint>
						<Time>2025-01-28T14:18:23.897Z</Time>
						<Position>
							<LatitudeDegrees>47.957641638</LatitudeDegrees>
							<LongitudeDegrees>7.787841076</LongitudeDegrees>
						</Position>
						<AltitudeMeters>324.55</AltitudeMeters>
						<DistanceMeters>358.00</DistanceMeters>
						<HeartRateBpm>
							<Value>128</Value>
						</HeartRateBpm>
						<Extensions>
							<ns3:TPX>
								<ns3:Speed>6.30</ns3:Speed>
							</ns3:TPX>
						</Extensions>
					</Trackpoint>
					<Trackpoint>
						<Time>2025-01-28T14:18:24.895Z</Time>
						<Position>
							<LatitudeDegrees>47.957693360</LatitudeDegrees>
							<LongitudeDegrees>7.787802298</LongitudeDegrees>
						</Position>
						<AltitudeMeters>324.20</AltitudeMeters>
						<DistanceMeters>364.44</DistanceMeters>
						<HeartRateBpm>
							<Value>128</Value>
						</HeartRateBpm>
						<Extensions>
							<ns3:TPX>
								<ns3:Speed>6.41</ns3:Speed>
							</ns3:TPX>
						</Extensions>
					</Trackpoint>
					<Trackpoint>
						<Time>2025-01-28T14:18:25.896Z</Time>
						<Position>
							<LatitudeDegrees>47.957742634</LatitudeDegrees>
							<LongitudeDegrees>7.787763002</LongitudeDegrees>
						</Position>
						<AltitudeMeters>323.30</AltitudeMeters>
						<DistanceMeters>370.66</DistanceMeters>
						<HeartRateBpm>
							<Value>128</Value>
						</HeartRateBpm>
						<Extensions>
							<ns3:TPX>
								<ns3:Speed>6.30</ns3:Speed>
							</ns3:TPX>
						</Extensions>
					</Trackpoint>
					<Trackpoint>
						<Time>2025-01-28T14:18:26.895Z</Time>
						<Position>
							<LatitudeDegrees>47.957799558</LatitudeDegrees>
							<LongitudeDegrees>7.787736920</LongitudeDegrees>
						</Position>
						<AltitudeMeters>322.95</AltitudeMeters>
						<DistanceMeters>377.28</DistanceMeters>
						<HeartRateBpm>
							<Value>128</Value>
						</HeartRateBpm>
						<Extensions>
							<ns3:TPX>
								<ns3:Speed>6.06</ns3:Speed>
							</ns3:TPX>
						</Extensions>
					</Trackpoint>
					<Trackpoint>
						<Time>2025-01-28T14:18:27.896Z</Time>
						<Position>
							<LatitudeDegrees>47.957852895</LatitudeDegrees>
							<LongitudeDegrees>7.787711820</LongitudeDegrees>
						</Position>
						<AltitudeMeters>321.80</AltitudeMeters>
						<DistanceMeters>383.50</DistanceMeters>
						<HeartRateBpm>
							<Value>128</Value>
						</HeartRateBpm>
						<Extensions>
							<ns3:TPX>
								<ns3:Speed>5.67</ns3:Speed>
							</ns3:TPX>
						</Extensions>
					</Trackpoint>
					<Trackpoint>
						<Time>2025-01-28T14:18:28.895Z</Time>
						<Position>
							<LatitudeDegrees>47.957903298</LatitudeDegrees>
							<LongitudeDegrees>7.787688967</LongitudeDegrees>
						</Position>
						<AltitudeMeters>321.10</AltitudeMeters>
						<DistanceMeters>389.36</DistanceMeters>
						<HeartRateBpm>
							<Value>128</Value>
						</HeartRateBpm>
						<Extensions>
							<ns3:TPX>
								<ns3:Speed>5.05</ns3:Speed>
							</ns3:TPX>
						</Extensions>
					</Trackpoint>
					<Trackpoint>
						<Time>2025-01-28T14:18:29.896Z</Time>
						<Position>
							<LatitudeDegrees>47.957940992</LatitudeDegrees>
							<LongitudeDegrees>7.787638834</LongitudeDegrees>
						</Position>
						<AltitudeMeters>321.13</AltitudeMeters>
						<DistanceMeters>394.98</DistanceMeters>
						<HeartRateBpm>
							<Value>127</Value>
						</HeartRateBpm>
						<Extensions>
							<ns3:TPX>
								<ns3:Speed>4.44</ns3:Speed>
							</ns3:TPX>
						</Extensions>
					</Trackpoint>
					<Trackpoint>
						<Time>2025-01-28T14:18:30.896Z</Time>
						<Position>
							<LatitudeDegrees>47.957960806</LatitudeDegrees>
							<LongitudeDegrees>7.787565868</LongitudeDegrees>
						</Position>
						<AltitudeMeters>319.32</AltitudeMeters>
						<DistanceMeters>400.86</DistanceMeters>
						<HeartRateBpm>
							<Value>126</Value>
						</HeartRateBpm>
						<Extensions>
							<ns3:TPX>
								<ns3:Speed>3.85</ns3:Speed>
							</ns3:TPX>
						</Extensions>
					</Trackpoint>
					<Trackpoint>
						<Time>2025-01-28T14:18:32.894Z</Time>
						<Position>
							<LatitudeDegrees>47.958030167</LatitudeDegrees>
							<LongitudeDegrees>7.787533090</LongitudeDegrees>
						</Position>
						<AltitudeMeters>319.42</AltitudeMeters>
						<DistanceMeters>408.95</DistanceMeters>
						<HeartRateBpm>
							<Value>125</Value>
						</HeartRateBpm>
						<Extensions>
							<ns3:TPX>
								<ns3:Speed>2.94</ns3:Speed>
							</ns3:TPX>
						</Extensions>
					</Trackpoint>
					<Trackpoint>
						<Time>2025-01-28T14:18:34.896Z</Time>
						<Position>
							<LatitudeDegrees>47.958073629</LatitudeDegrees>
							<LongitudeDegrees>7.787499525</LongitudeDegrees>
						</Position>
						<AltitudeMeters>319.24</AltitudeMeters>
						<DistanceMeters>414.39</DistanceMeters>
						<HeartRateBpm>
							<Value>123</Value>
						</HeartRateBpm>
						<Extensions>
							<ns3:TPX>
								<ns3:Speed>2.96</ns3:Speed>
								<ns3:Watts>28</ns3:Watts>
							</ns3:TPX>
						</Extensions>
					</Trackpoint>
					<Trackpoint>
						<Time>2025-01-28T14:18:35.895Z</Time>
						<Position>
							<LatitudeDegrees>47.958102209</LatitudeDegrees>
							<LongitudeDegrees>7.787552089</LongitudeDegrees>
						</Position>
						<AltitudeMeters>320.64</AltitudeMeters>
						<DistanceMeters>419.44</DistanceMeters>
						<HeartRateBpm>
							<Value>122</Value>
						</HeartRateBpm>
						<Extensions>
							<ns3:TPX>
								<ns3:Speed>3.11</ns3:Speed>
								<ns3:Watts>100</ns3:Watts>
							</ns3:TPX>
						</Extensions>
					</Trackpoint>
					<Trackpoint>
						<Time>2025-01-28T14:18:37.895Z</Time>
						<Position>
							<LatitudeDegrees>47.958123036</LatitudeDegrees>
							<LongitudeDegrees>7.787644278</LongitudeDegrees>
						</Position>
						<AltitudeMeters>322.78</AltitudeMeters>
						<DistanceMeters>426.71</DistanceMeters>
						<HeartRateBpm>
							<Value>121</Value>
						</HeartRateBpm>
						<Extensions>
							<ns3:TPX>
								<ns3:Speed>2.39</ns3:Speed>
								<ns3:Watts>149</ns3:Watts>
							</ns3:TPX>
						</Extensions>
					</Trackpoint>
					<Trackpoint>
						<Time>2025-01-28T14:18:42.895Z</Time>
						<Position>
							<LatitudeDegrees>47.958140407</LatitudeDegrees>
							<LongitudeDegrees>7.787722660</LongitudeDegrees>
						</Position>
						<AltitudeMeters>320.89</AltitudeMeters>
						<DistanceMeters>432.87</DistanceMeters>
						<HeartRateBpm>
							<Value>120</Value>
						</HeartRateBpm>
						<Extensions>
							<ns3:TPX>
								<ns3:Speed>1.34</ns3:Speed>
								<ns3:Watts>276</ns3:Watts>
							</ns3:TPX>
						</Extensions>
					</Trackpoint>
					<Trackpoint>
						<Time>2025-01-28T14:18:46.892Z</Time>
						<Position>
							<LatitudeDegrees>47.958128046</LatitudeDegrees>
							<LongitudeDegrees>7.787798954</LongitudeDegrees>
						</Position>
						<AltitudeMeters>321.52</AltitudeMeters>
						<DistanceMeters>438.73</DistanceMeters>
						<HeartRateBpm>
							<Value>121</Value>
						</HeartRateBpm>
						<Extensions>
							<ns3:TPX>
								<ns3:Speed>1.26</ns3:Speed>
								<ns3:Watts>230</ns3:Watts>
							</ns3:TPX>
						</Extensions>
					</Trackpoint>
					<Trackpoint>
						<Time>2025-01-28T14:18:49.890Z</Time>
						<Position>
							<LatitudeDegrees>47.958148108</LatitudeDegrees>
							<LongitudeDegrees>7.787859584</LongitudeDegrees>
						</Position>
						<AltitudeMeters>322.85</AltitudeMeters>
						<DistanceMeters>443.78</DistanceMeters>
						<HeartRateBpm>
							<Value>122</Value>
						</HeartRateBpm>
						<Extensions>
							<ns3:TPX>
								<ns3:Speed>1.13</ns3:Speed>
								<ns3:Watts>224</ns3:Watts>
							</ns3:TPX>
						</Extensions>
					</Trackpoint>
					<Trackpoint>
						<Time>2025-01-28T14:18:54.890Z</Time>
						<Position>
							<LatitudeDegrees>47.958121333</LatitudeDegrees>
							<LongitudeDegrees>7.787928965</LongitudeDegrees>
						</Position>
						<AltitudeMeters>324.55</AltitudeMeters>
						<DistanceMeters>449.75</DistanceMeters>
						<HeartRateBpm>
							<Value>126</Value>
						</HeartRateBpm>
						<Extensions>
							<ns3:TPX>
								<ns3:Speed>1.09</ns3:Speed>
								<ns3:Watts>221</ns3:Watts>
							</ns3:TPX>
						</Extensions>
					</Trackpoint>
					<Trackpoint>
						<Time>2025-01-28T14:18:58.890Z</Time>
						<Position>
							<LatitudeDegrees>47.958088745</LatitudeDegrees>
							<LongitudeDegrees>7.787993807</LongitudeDegrees>
						</Position>
						<AltitudeMeters>323.91</AltitudeMeters>
						<DistanceMeters>455.80</DistanceMeters>
						<HeartRateBpm>
							<Value>128</Value>
						</HeartRateBpm>
						<Extensions>
							<ns3:TPX>
								<ns3:Speed>1.12</ns3:Speed>
								<ns3:Watts>234</ns3:Watts>
							</ns3:TPX>
						</Extensions>
					</Trackpoint>
					<Trackpoint>
						<Time>2025-01-28T14:19:03.891Z</Time>
						<Position>
							<LatitudeDegrees>47.958057313</LatitudeDegrees>
							<LongitudeDegrees>7.788055279</LongitudeDegrees>
						</Position>
						<AltitudeMeters>325.74</AltitudeMeters>
						<DistanceMeters>461.57</DistanceMeters>
						<HeartRateBpm>
							<Value>130</Value>
						</HeartRateBpm>
						<Extensions>
							<ns3:TPX>
								<ns3:Speed>1.20</ns3:Speed>
								<ns3:Watts>235</ns3:Watts>
							</ns3:TPX>
						</Extensions>
					</Trackpoint>
					<Trackpoint>
						<Time>2025-01-28T14:19:07.890Z</Time>
						<Position>
							<LatitudeDegrees>47.958042548</LatitudeDegrees>
							<LongitudeDegrees>7.788129799</LongitudeDegrees>
						</Position>
						<AltitudeMeters>326.87</AltitudeMeters>
						<DistanceMeters>467.37</DistanceMeters>
						<HeartRateBpm>
							<Value>130</Value>
						</HeartRateBpm>
						<Extensions>
							<ns3:TPX>
								<ns3:Speed>1.20</ns3:Speed>
								<ns3:Watts>182</ns3:Watts>
							</ns3:TPX>
						</Extensions>
					</Trackpoint>
					<Trackpoint>
						<Time>2025-01-28T14:19:12.891Z</Time>
						<Position>
							<LatitudeDegrees>47.958006639</LatitudeDegrees>
							<LongitudeDegrees>7.788182703</LongitudeDegrees>
						</Position>
						<AltitudeMeters>326.66</AltitudeMeters>
						<DistanceMeters>472.99</DistanceMeters>
						<HeartRateBpm>
							<Value>132</Value>
						</HeartRateBpm>
						<Extensions>
							<ns3:TPX>
								<ns3:Speed>1.03</ns3:Speed>
								<ns3:Watts>174</ns3:Watts>
							</ns3:TPX>
						</Extensions>
					</Trackpoint>
					<Trackpoint>
						<Time>2025-01-28T14:19:17.895Z</Time>
						<Position>
							<LatitudeDegrees>47.957980332</LatitudeDegrees>
							<LongitudeDegrees>7.788244448</LongitudeDegrees>
						</Position>
						<AltitudeMeters>327.33</AltitudeMeters>
						<DistanceMeters>478.45</DistanceMeters>
						<HeartRateBpm>
							<Value>133</Value>
						</HeartRateBpm>
						<Extensions>
							<ns3:TPX>
								<ns3:Speed>1.06</ns3:Speed>
								<ns3:Watts>203</ns3:Watts>
							</ns3:TPX>
						</Extensions>
					</Trackpoint>
					<Trackpoint>
						<Time>2025-01-28T14:19:22.892Z</Time>
						<Position>
							<LatitudeDegrees>47.957946676</LatitudeDegrees>
							<LongitudeDegrees>7.788300545</LongitudeDegrees>
						</Position>
						<AltitudeMeters>327.74</AltitudeMeters>
						<DistanceMeters>484.07</DistanceMeters>
						<HeartRateBpm>
							<Value>133</Value>
						</HeartRateBpm>
						<Extensions>
							<ns3:TPX>
								<ns3:Speed>1.14</ns3:Speed>
								<ns3:Watts>176</ns3:Watts>
							</ns3:TPX>
						</Extensions>
					</Trackpoint>
					<Trackpoint>
						<Time>2025-01-28T14:19:27.895Z</Time>
						<Position>
							<LatitudeDegrees>47.957944453</LatitudeDegrees>
							<LongitudeDegrees>7.788372441</LongitudeDegrees>
						</Position>
						<AltitudeMeters>327.40</AltitudeMeters>
						<DistanceMeters>489.44</DistanceMeters>
						<HeartRateBpm>
							<Value>135</Value>
						</HeartRateBpm>
						<Extensions>
							<ns3:TPX>
								<ns3:Speed>1.17</ns3:Speed>
								<ns3:Watts>174</ns3:Watts>
							</ns3:TPX>
						</Extensions>
					</Trackpoint>
					<Trackpoint>
						<Time>2025-01-28T14:19:32.896Z</Time>
						<Position>
							<LatitudeDegrees>47.957930512</LatitudeDegrees>
							<LongitudeDegrees>7.788437466</LongitudeDegrees>
						</Position>
						<AltitudeMeters>328.79</AltitudeMeters>
						<DistanceMeters>494.54</DistanceMeters>
						<HeartRateBpm>
							<Value>135</Value>
						</HeartRateBpm>
						<Extensions>
							<ns3:TPX>
								<ns3:Speed>1.24</ns3:Speed>
								<ns3:Watts>131</ns3:Watts>
							</ns3:TPX>
						</Extensions>
					</Trackpoint>
					<Trackpoint>
						<Time>2025-01-28T14:19:37.887Z</Time>
						<Position>
							<LatitudeDegrees>47.957983799</LatitudeDegrees>
							<LongitudeDegrees>7.788466943</LongitudeDegrees>
						</Position>
						<AltitudeMeters>329.04</AltitudeMeters>
						<DistanceMeters>500.86</DistanceMeters>
						<HeartRateBpm>
							<Value>137</Value>
						</HeartRateBpm>
						<Extensions>
							<ns3:TPX>
								<ns3:Speed>1.35</ns3:Speed>
								<ns3:Watts>152</ns3:Watts>
							</ns3:TPX>
						</Extensions>
					</Trackpoint>
					<Trackpoint>
						<Time>2025-01-28T14:19:41.894Z</Time>
						<Position>
							<LatitudeDegrees>47.958034503</LatitudeDegrees>
							<LongitudeDegrees>7.788481732</LongitudeDegrees>
						</Position>
						<AltitudeMeters>330.14</AltitudeMeters>
						<DistanceMeters>506.61</DistanceMeters>
						<HeartRateBpm>
							<Value>137</Value>
						</HeartRateBpm>
						<Extensions>
							<ns3:TPX>
								<ns3:Speed>1.37</ns3:Speed>
								<ns3:Watts>157</ns3:Watts>
							</ns3:TPX>
						</Extensions>
					</Trackpoint>
					<Trackpoint>
						<Time>2025-01-28T14:19:46.886Z</Time>
						<Position>
							<LatitudeDegrees>47.958088360</LatitudeDegrees>
							<LongitudeDegrees>7.788492332</LongitudeDegrees>
						</Position>
						<AltitudeMeters>331.17</AltitudeMeters>
						<DistanceMeters>512.65</DistanceMeters>
						<HeartRateBpm>
							<Value>138</Value>
						</HeartRateBpm>
						<Extensions>
							<ns3:TPX>
								<ns3:Speed>1.43</ns3:Speed>
								<ns3:Watts>160</ns3:Watts>
							</ns3:TPX>
						</Extensions>
					</Trackpoint>
					<Trackpoint>
						<Time>2025-01-28T14:19:50.895Z</Time>
						<Position>
							<LatitudeDegrees>47.958115695</LatitudeDegrees>
							<LongitudeDegrees>7.788423931</LongitudeDegrees>
						</Position>
						<AltitudeMeters>331.29</AltitudeMeters>
						<DistanceMeters>518.59</DistanceMeters>
						<HeartRateBpm>
							<Value>139</Value>
						</HeartRateBpm>
						<Extensions>
							<ns3:TPX>
								<ns3:Speed>1.43</ns3:Speed>
								<ns3:Watts>138</ns3:Watts>
							</ns3:TPX>
						</Extensions>
					</Trackpoint>
					<Trackpoint>
						<Time>2025-01-28T14:19:54.891Z</Time>
						<Position>
							<LatitudeDegrees>47.958157952</LatitudeDegrees>
							<LongitudeDegrees>7.788374345</LongitudeDegrees>
						</Position>
						<AltitudeMeters>331.18</AltitudeMeters>
						<DistanceMeters>524.57</DistanceMeters>
						<HeartRateBpm>
							<Value>139</Value>
						</HeartRateBpm>
						<Extensions>
							<ns3:TPX>
								<ns3:Speed>1.41</ns3:Speed>
								<ns3:Watts>124</ns3:Watts>
							</ns3:TPX>
						</Extensions>
					</Trackpoint>
					<Trackpoint>
						<Time>2025-01-28T14:19:58.893Z</Time>
						<Position>
							<LatitudeDegrees>47.958197803</LatitudeDegrees>
							<LongitudeDegrees>7.788333633</LongitudeDegrees>
						</Position>
						<AltitudeMeters>330.88</AltitudeMeters>
						<DistanceMeters>529.95</DistanceMeters>
						<HeartRateBpm>
							<Value>140</Value>
						</HeartRateBpm>
						<Extensions>
							<ns3:TPX>
								<ns3:Speed>1.55</ns3:Speed>
								<ns3:Watts>145</ns3:Watts>
							</ns3:TPX>
						</Extensions>
					</Trackpoint>
					<Trackpoint>
						<Time>2025-01-28T14:20:02.892Z</Time>
						<Position>
							<LatitudeDegrees>47.958240329</LatitudeDegrees>
							<LongitudeDegrees>7.788278358</LongitudeDegrees>
						</Position>
						<AltitudeMeters>330.96</AltitudeMeters>
						<DistanceMeters>536.22</DistanceMeters>
						<HeartRateBpm>
							<Value>140</Value>
						</HeartRateBpm>
						<Extensions>
							<ns3:TPX>
								<ns3:Speed>1.65</ns3:Speed>
								<ns3:Watts>114</ns3:Watts>
							</ns3:TPX>
						</Extensions>
					</Trackpoint>
					<Trackpoint>
						<Time>2025-01-28T14:20:05.892Z</Time>
						<Position>
							<LatitudeDegrees>47.958285848</LatitudeDegrees>
							<LongitudeDegrees>7.788275548</LongitudeDegrees>
						</Position>
						<AltitudeMeters>332.41</AltitudeMeters>
						<DistanceMeters>541.29</DistanceMeters>
						<HeartRateBpm>
							<Value>141</Value>
						</HeartRateBpm>
						<Extensions>
							<ns3:TPX>
								<ns3:Speed>1.64</ns3:Speed>
								<ns3:Watts>100</ns3:Watts>
							</ns3:TPX>
						</Extensions>
					</Trackpoint>
					<Trackpoint>
						<Time>2025-01-28T14:20:09.892Z</Time>
						<Position>
							<LatitudeDegrees>47.958338477</LatitudeDegrees>
							<LongitudeDegrees>7.788288104</LongitudeDegrees>
						</Position>
						<AltitudeMeters>330.98</AltitudeMeters>
						<DistanceMeters>547.22</DistanceMeters>
						<HeartRateBpm>
							<Value>141</Value>
						</HeartRateBpm>
						<Extensions>
							<ns3:TPX>
								<ns3:Speed>1.64</ns3:Speed>
								<ns3:Watts>109</ns3:Watts>
							</ns3:TPX>
						</Extensions>
					</Trackpoint>
					<Trackpoint>
						<Time>2025-01-28T14:20:13.892Z</Time>
						<Position>
							<LatitudeDegrees>47.958387028</LatitudeDegrees>
							<LongitudeDegrees>7.788282821</LongitudeDegrees>
						</Position>
						<AltitudeMeters>332.27</AltitudeMeters>
						<DistanceMeters>552.63</DistanceMeters>
						<HeartRateBpm>
							<Value>141</Value>
						</HeartRateBpm>
						<Extensions>
							<ns3:TPX>
								<ns3:Speed>1.64</ns3:Speed>
								<ns3:Watts>146</ns3:Watts>
							</ns3:TPX>
						</Extensions>
					</Trackpoint>
					<Trackpoint>
						<Time>2025-01-28T14:20:17.891Z</Time>
						<Position>
							<LatitudeDegrees>47.958434787</LatitudeDegrees>
							<LongitudeDegrees>7.788272864</LongitudeDegrees>
						</Position>
						<AltitudeMeters>333.34</AltitudeMeters>
						<DistanceMeters>557.99</DistanceMeters>
						<HeartRateBpm>
							<Value>141</Value>
						</HeartRateBpm>
						<Extensions>
							<ns3:TPX>
								<ns3:Speed>1.31</ns3:Speed>
								<ns3:Watts>151</ns3:Watts>
							</ns3:TPX>
						</Extensions>
					</Trackpoint>
					<Trackpoint>
						<Time>2025-01-28T14:20:22.890Z</Time>
						<Position>
							<LatitudeDegrees>47.958434787</LatitudeDegrees>
							<LongitudeDegrees>7.788272864</LongitudeDegrees>
						</Position>
						<AltitudeMeters>333.34</AltitudeMeters>
						<DistanceMeters>557.99</DistanceMeters>
						<HeartRateBpm>
							<Value>141</Value>
						</HeartRateBpm>
						<Extensions>
							<ns3:TPX>
								<ns3:Speed>1.61</ns3:Speed>
							</ns3:TPX>
						</Extensions>
					</Trackpoint>
					<Trackpoint>
						<Time>2025-01-28T14:20:23.893Z</Time>
						<Position>
							<LatitudeDegrees>47.958473345</LatitudeDegrees>
							<LongitudeDegrees>7.788233735</LongitudeDegrees>
						</Position>
						<AltitudeMeters>334.37</AltitudeMeters>
						<DistanceMeters>563.18</DistanceMeters>
						<HeartRateBpm>
							<Value>141</Value>
						</HeartRateBpm>
						<Extensions>
							<ns3:TPX>
								<ns3:Speed>0.82</ns3:Speed>
								<ns3:Watts>129</ns3:Watts>
							</ns3:TPX>
						</Extensions>
					</Trackpoint>
					<Trackpoint>
						<Time>2025-01-28T14:20:28.891Z</Time>
						<Position>
							<LatitudeDegrees>47.958511527</LatitudeDegrees>
							<LongitudeDegrees>7.788180655</LongitudeDegrees>
						</Position>
						<AltitudeMeters>334.88</AltitudeMeters>
						<DistanceMeters>568.99</DistanceMeters>
						<HeartRateBpm>
							<Value>142</Value>
						</HeartRateBpm>
						<Extensions>
							<ns3:TPX>
								<ns3:Speed>1.04</ns3:Speed>
								<ns3:Watts>141</ns3:Watts>
							</ns3:TPX>
						</Extensions>
					</Trackpoint>
					<Trackpoint>
						<Time>2025-01-28T14:20:33.891Z</Time>
						<Position>
							<LatitudeDegrees>47.958559892</LatitudeDegrees>
							<LongitudeDegrees>7.788189699</LongitudeDegrees>
						</Position>
						<AltitudeMeters>335.70</AltitudeMeters>
						<DistanceMeters>574.41</DistanceMeters>
						<HeartRateBpm>
							<Value>142</Value>
						</HeartRateBpm>
						<Extensions>
							<ns3:TPX>
								<ns3:Speed>1.08</ns3:Speed>
								<ns3:Watts>173</ns3:Watts>
							</ns3:TPX>
						</Extensions>
					</Trackpoint>
					<Trackpoint>
						<Time>2025-01-28T14:20:38.889Z</Time>
						<Position>
							<LatitudeDegrees>47.958559892</LatitudeDegrees>
							<LongitudeDegrees>7.788189699</LongitudeDegrees>
						</Position>
						<AltitudeMeters>335.70</AltitudeMeters>
						<DistanceMeters>574.41</DistanceMeters>
						<HeartRateBpm>
							<Value>142</Value>
						</HeartRateBpm>
						<Extensions>
							<ns3:TPX>
								<ns3:Speed>1.10</ns3:Speed>
							</ns3:TPX>
						</Extensions>
					</Trackpoint>
					<Trackpoint>
						<Time>2025-01-28T14:20:39.896Z</Time>
						<Position>
							<LatitudeDegrees>47.958615824</LatitudeDegrees>
							<LongitudeDegrees>7.788184806</LongitudeDegrees>
						</Position>
						<AltitudeMeters>336.44</AltitudeMeters>
						<DistanceMeters>580.64</DistanceMeters>
						<HeartRateBpm>
							<Value>142</Value>
						</HeartRateBpm>
						<Extensions>
							<ns3:TPX>
								<ns3:Speed>1.09</ns3:Speed>
								<ns3:Watts>189</ns3:Watts>
							</ns3:TPX>
						</Extensions>
					</Trackpoint>
					<Trackpoint>
						<Time>2025-01-28T14:20:44.893Z</Time>
						<Position>
							<LatitudeDegrees>47.958665464</LatitudeDegrees>
							<LongitudeDegrees>7.788179166</LongitudeDegrees>
						</Position>
						<AltitudeMeters>336.69</AltitudeMeters>
						<DistanceMeters>586.17</DistanceMeters>
						<HeartRateBpm>
							<Value>143</Value>
						</HeartRateBpm>
						<Extensions>
							<ns3:TPX>
								<ns3:Speed>1.14</ns3:Speed>
								<ns3:Watts>151</ns3:Watts>
							</ns3:TPX>
						</Extensions>
					</Trackpoint>
					<Trackpoint>
						<Time>2025-01-28T14:20:49.894Z</Time>
						<Position>
							<LatitudeDegrees>47.958717419</LatitudeDegrees>
							<LongitudeDegrees>7.788177287</LongitudeDegrees>
						</Position>
						<AltitudeMeters>336.96</AltitudeMeters>
						<DistanceMeters>591.95</DistanceMeters>
						<HeartRateBpm>
							<Value>144</Value>
						</HeartRateBpm>
						<Extensions>
							<ns3:TPX>
								<ns3:Speed>1.08</ns3:Speed>
								<ns3:Watts>105</ns3:Watts>
							</ns3:TPX>
						</Extensions>
					</Trackpoint>
					<Trackpoint>
						<Time>2025-01-28T14:20:54.894Z</Time>
						<Position>
							<LatitudeDegrees>47.958767564</LatitudeDegrees>
							<LongitudeDegrees>7.788185492</LongitudeDegrees>
						</Position>
						<AltitudeMeters>338.33</AltitudeMeters>
						<DistanceMeters>597.56</DistanceMeters>
						<HeartRateBpm>
							<Value>145</Value>
						</HeartRateBpm>
						<Extensions>
							<ns3:TPX>
								<ns3:Speed>1.00</ns3:Speed>
								<ns3:Watts>103</ns3:Watts>
							</ns3:TPX>
						</Extensions>
					</Trackpoint>
					<Trackpoint>
						<Time>2025-01-28T14:20:59.893Z</Time>
						<Position>
							<LatitudeDegrees>47.958818971</LatitudeDegrees>
							<LongitudeDegrees>7.788209697</LongitudeDegrees>
						</Position>
						<AltitudeMeters>339.05</AltitudeMeters>
						<DistanceMeters>603.56</DistanceMeters>
						<HeartRateBpm>
							<Value>145</Value>
						</HeartRateBpm>
						<Extensions>
							<ns3:TPX>
								<ns3:Speed>1.02</ns3:Speed>
								<ns3:Watts>188</ns3:Watts>
							</ns3:TPX>
						</Extensions>
					</Trackpoint>
					<Trackpoint>
						<Time>2025-01-28T14:21:04.894Z</Time>
						<Position>
							<LatitudeDegrees>47.958860294</LatitudeDegrees>
							<LongitudeDegrees>7.788249427</LongitudeDegrees>
						</Position>
						<AltitudeMeters>340.20</AltitudeMeters>
						<DistanceMeters>609.03</DistanceMeters>
						<HeartRateBpm>
							<Value>146</Value>
						</HeartRateBpm>
						<Extensions>
							<ns3:TPX>
								<ns3:Speed>0.94</ns3:Speed>
								<ns3:Watts>156</ns3:Watts>
							</ns3:TPX>
						</Extensions>
					</Trackpoint>
					<Trackpoint>
						<Time>2025-01-28T14:21:09.894Z</Time>
						<Position>
							<LatitudeDegrees>47.958902590</LatitudeDegrees>
							<LongitudeDegrees>7.788273157</LongitudeDegrees>
						</Position>
						<AltitudeMeters>341.54</AltitudeMeters>
						<DistanceMeters>614.05</DistanceMeters>
						<HeartRateBpm>
							<Value>147</Value>
						</HeartRateBpm>
						<Extensions>
							<ns3:TPX>
								<ns3:Speed>1.06</ns3:Speed>
								<ns3:Watts>178</ns3:Watts>
							</ns3:TPX>
						</Extensions>
					</Trackpoint>
					<Trackpoint>
						<Time>2025-01-28T14:21:14.894Z</Time>
						<Position>
							<LatitudeDegrees>47.958954443</LatitudeDegrees>
							<LongitudeDegrees>7.788292803</LongitudeDegrees>
						</Position>
						<AltitudeMeters>341.79</AltitudeMeters>
						<DistanceMeters>620.00</DistanceMeters>
						<HeartRateBpm>
							<Value>148</Value>
						</HeartRateBpm>
						<Extensions>
							<ns3:TPX>
								<ns3:Speed>1.43</ns3:Speed>
								<ns3:Watts>157</ns3:Watts>
							</ns3:TPX>
						</Extensions>
					</Trackpoint>
					<Trackpoint>
						<Time>2025-01-28T14:21:18.889Z</Time>
						<Position>
							<LatitudeDegrees>47.959003098</LatitudeDegrees>
							<LongitudeDegrees>7.788275745</LongitudeDegrees>
						</Position>
						<AltitudeMeters>342.95</AltitudeMeters>
						<DistanceMeters>625.56</DistanceMeters>
						<HeartRateBpm>
							<Value>149</Value>
						</HeartRateBpm>
						<Extensions>
							<ns3:TPX>
								<ns3:Speed>1.68</ns3:Speed>
								<ns3:Watts>155</ns3:Watts>
							</ns3:TPX>
						</Extensions>
					</Trackpoint>
					<Trackpoint>
						<Time>2025-01-28T14:21:22.891Z</Time>
						<Position>
							<LatitudeDegrees>47.959061131</LatitudeDegrees>
							<LongitudeDegrees>7.788255882</LongitudeDegrees>
						</Position>
						<AltitudeMeters>343.16</AltitudeMeters>
						<DistanceMeters>632.18</DistanceMeters>
						<HeartRateBpm>
							<Value>149</Value>
						</HeartRateBpm>
						<Extensions>
							<ns3:TPX>
								<ns3:Speed>1.56</ns3:Speed>
								<ns3:Watts>121</ns3:Watts>
							</ns3:TPX>
						</Extensions>
					</Trackpoint>
					<Trackpoint>
						<Time>2025-01-28T14:21:26.894Z</Time>
						<Position>
							<LatitudeDegrees>47.959115146</LatitudeDegrees>
							<LongitudeDegrees>7.788251594</LongitudeDegrees>
						</Position>
						<AltitudeMeters>341.76</AltitudeMeters>
						<DistanceMeters>638.19</DistanceMeters>
						<HeartRateBpm>
							<Value>149</Value>
						</HeartRateBpm>
						<Extensions>
							<ns3:TPX>
								<ns3:Speed>1.38</ns3:Speed>
								<ns3:Watts>99</ns3:Watts>
							</ns3:TPX>
						</Extensions>
					</Trackpoint>
					<Trackpoint>
						<Time>2025-01-28T14:21:29.894Z</Time>
						<Position>
							<LatitudeDegrees>47.959162507</LatitudeDegrees>
							<LongitudeDegrees>7.788259048</LongitudeDegrees>
						</Position>
						<AltitudeMeters>341.58</AltitudeMeters>
						<DistanceMeters>643.49</DistanceMeters>
						<HeartRateBpm>
							<Value>149</Value>
						</HeartRateBpm>
						<Extensions>
							<ns3:TPX>
								<ns3:Speed>1.63</ns3:Speed>
								<ns3:Watts>45</ns3:Watts>
							</ns3:TPX>
						</Extensions>
					</Trackpoint>
					<Trackpoint>
						<Time>2025-01-28T14:21:32.893Z</Time>
						<Position>
							<LatitudeDegrees>47.959214716</LatitudeDegrees>
							<LongitudeDegrees>7.788273830</LongitudeDegrees>
						</Position>
						<AltitudeMeters>341.64</AltitudeMeters>
						<DistanceMeters>649.40</DistanceMeters>
						<HeartRateBpm>
							<Value>149</Value>
						</HeartRateBpm>
						<Extensions>
							<ns3:TPX>
								<ns3:Speed>1.72</ns3:Speed>
								<ns3:Watts>20</ns3:Watts>
							</ns3:TPX>
						</Extensions>
					</Trackpoint>
					<Trackpoint>
						<Time>2025-01-28T14:21:35.893Z</Time>
						<Position>
							<LatitudeDegrees>47.959262702</LatitudeDegrees>
							<LongitudeDegrees>7.788302527</LongitudeDegrees>
						</Position>
						<AltitudeMeters>342.45</AltitudeMeters>
						<DistanceMeters>655.15</DistanceMeters>
						<HeartRateBpm>
							<Value>149</Value>
						</HeartRateBpm>
						<Extensions>
							<ns3:TPX>
								<ns3:Speed>1.75</ns3:Speed>
								<ns3:Watts>64</ns3:Watts>
							</ns3:TPX>
						</Extensions>
					</Trackpoint>
					<Trackpoint>
						<Time>2025-01-28T14:21:38.892Z</Time>
						<Position>
							<LatitudeDegrees>47.959307898</LatitudeDegrees>
							<LongitudeDegrees>7.788331994</LongitudeDegrees>
						</Position>
						<AltitudeMeters>342.59</AltitudeMeters>
						<DistanceMeters>660.63</DistanceMeters>
						<HeartRateBpm>
							<Value>149</Value>
						</HeartRateBpm>
						<Extensions>
							<ns3:TPX>
								<ns3:Speed>1.75</ns3:Speed>
								<ns3:Watts>142</ns3:Watts>
							</ns3:TPX>
						</Extensions>
					</Trackpoint>
					<Trackpoint>
						<Time>2025-01-28T14:21:41.891Z</Time>
						<Position>
							<LatitudeDegrees>47.959357736</LatitudeDegrees>
							<LongitudeDegrees>7.788342431</LongitudeDegrees>
						</Position>
						<AltitudeMeters>343.66</AltitudeMeters>
						<DistanceMeters>666.23</DistanceMeters>
						<HeartRateBpm>
							<Value>149</Value>
						</HeartRateBpm>
						<Extensions>
							<ns3:TPX>
								<ns3:Speed>1.76</ns3:Speed>
								<ns3:Watts>161</ns3:Watts>
							</ns3:TPX>
						</Extensions>
					</Trackpoint>
					<Trackpoint>
						<Time>2025-01-28T14:21:44.893Z</Time>
						<Position>
							<LatitudeDegrees>47.959401067</LatitudeDegrees>
							<LongitudeDegrees>7.788378100</LongitudeDegrees>
						</Position>
						<AltitudeMeters>343.45</AltitudeMeters>
						<DistanceMeters>671.74</DistanceMeters>
						<HeartRateBpm>
							<Value>149</Value>
						</HeartRateBpm>
						<Extensions>
							<ns3:TPX>
								<ns3:Speed>1.75</ns3:Speed>
								<ns3:Watts>158</ns3:Watts>
							</ns3:TPX>
						</Extensions>
					</Trackpoint>
					<Trackpoint>
						<Time>2025-01-28T14:21:47.891Z</Time>
						<Position>
							<LatitudeDegrees>47.959446072</LatitudeDegrees>
							<LongitudeDegrees>7.788397739</LongitudeDegrees>
						</Position>
						<AltitudeMeters>343.85</AltitudeMeters>
						<DistanceMeters>676.95</DistanceMeters>
						<HeartRateBpm>
							<Value>148</Value>
						</HeartRateBpm>
						<Extensions>
							<ns3:TPX>
								<ns3:Speed>1.68</ns3:Speed>
								<ns3:Watts>180</ns3:Watts>
							</ns3:TPX>
						</Extensions>
					</Trackpoint>
					<Trackpoint>
						<Time>2025-01-28T14:21:50.892Z</Time>
						<Position>
							<LatitudeDegrees>47.959486840</LatitudeDegrees>
							<LongitudeDegrees>7.788426464</LongitudeDegrees>
						</Position>
						<AltitudeMeters>345.27</AltitudeMeters>
						<DistanceMeters>681.97</DistanceMeters>
						<HeartRateBpm>
							<Value>148</Value>
						</HeartRateBpm>
						<Extensions>
							<ns3:TPX>
								<ns3:Speed>1.70</ns3:Speed>
								<ns3:Watts>198</ns3:Watts>
							</ns3:TPX>
						</Extensions>
					</Trackpoint>
					<Trackpoint>
						<Time>2025-01-28T14:21:53.892Z</Time>
						<Position>
							<LatitudeDegrees>47.959530946</LatitudeDegrees>
							<LongitudeDegrees>7.788455404</LongitudeDegrees>
						</Position>
						<AltitudeMeters>345.05</AltitudeMeters>
						<DistanceMeters>687.32</DistanceMeters>
						<HeartRateBpm>
							<Value>147</Value>
						</HeartRateBpm>
						<Extensions>
							<ns3:TPX>
								<ns3:Speed>1.74</ns3:Speed>
								<ns3:Watts>150</ns3:Watts>
							</ns3:TPX>
						</Extensions>
					</Trackpoint>
					<Trackpoint>
						<Time>2025-01-28T14:21:56.892Z</Time>
						<Position>
							<LatitudeDegrees>47.959564070</LatitudeDegrees>
							<LongitudeDegrees>7.788514182</LongitudeDegrees>
						</Position>
						<AltitudeMeters>344.58</AltitudeMeters>
						<DistanceMeters>693.06</DistanceMeters>
						<HeartRateBpm>
							<Value>147</Value>
						</HeartRateBpm>
						<Extensions>
							<ns3:TPX>
								<ns3:Speed>1.74</ns3:Speed>
								<ns3:Watts>108</ns3:Watts>
							</ns3:TPX>
						</Extensions>
					</Trackpoint>
					<Trackpoint>
						<Time>2025-01-28T14:21:59.893Z</Time>
						<Position>
							<LatitudeDegrees>47.959609599</LatitudeDegrees>
							<LongitudeDegrees>7.788546767</LongitudeDegrees>
						</Position>
						<AltitudeMeters>345.44</AltitudeMeters>
						<DistanceMeters>698.67</DistanceMeters>
						<HeartRateBpm>
							<Value>148</Value>
						</HeartRateBpm>
						<Extensions>
							<ns3:TPX>
								<ns3:Speed>1.71</ns3:Speed>
								<ns3:Watts>81</ns3:Watts>
							</ns3:TPX>
						</Extensions>
					</Trackpoint>
					<Trackpoint>
						<Time>2025-01-28T14:22:02.892Z</Time>
						<Position>
							<LatitudeDegrees>47.959657687</LatitudeDegrees>
							<LongitudeDegrees>7.788560150</LongitudeDegrees>
						</Position>
						<AltitudeMeters>346.76</AltitudeMeters>
						<DistanceMeters>704.11</DistanceMeters>
						<HeartRateBpm>
							<Value>147</Value>
						</HeartRateBpm>
						<Extensions>
							<ns3:TPX>
								<ns3:Speed>1.74</ns3:Speed>
								<ns3:Watts>54</ns3:Watts>
							</ns3:TPX>
						</Extensions>
					</Trackpoint>
					<Trackpoint>
						<Time>2025-01-28T14:22:05.892Z</Time>
						<Position>
							<LatitudeDegrees>47.959704538</LatitudeDegrees>
							<LongitudeDegrees>7.788583218</LongitudeDegrees>
						</Position>
						<AltitudeMeters>344.84</AltitudeMeters>
						<DistanceMeters>709.60</DistanceMeters>
						<HeartRateBpm>
							<Value>147</Value>
						</HeartRateBpm>
						<Extensions>
							<ns3:TPX>
								<ns3:Speed>1.77</ns3:Speed>
								<ns3:Watts>12</ns3:Watts>
							</ns3:TPX>
						</Extensions>
					</Trackpoint>
					<Trackpoint>
						<Time>2025-01-28T14:22:08.893Z</Time>
						<Position>
							<LatitudeDegrees>47.959754734</LatitudeDegrees>
							<LongitudeDegrees>7.788593780</LongitudeDegrees>
						</Position>
						<AltitudeMeters>344.51</AltitudeMeters>
						<DistanceMeters>715.23</DistanceMeters>
						<HeartRateBpm>
							<Value>147</Value>
						</HeartRateBpm>
						<Extensions>
							<ns3:TPX>
								<ns3:Speed>1.80</ns3:Speed>
								<ns3:Watts>8</ns3:Watts>
							</ns3:TPX>
						</Extensions>
					</Trackpoint>
					<Trackpoint>
						<Time>2025-01-28T14:22:11.892Z</Time>
						<Position>
							<LatitudeDegrees>47.959805082</LatitudeDegrees>
							<LongitudeDegrees>7.788610910</LongitudeDegrees>
						</Position>
						<AltitudeMeters>345.31</AltitudeMeters>
						<DistanceMeters>720.98</DistanceMeters>
						<HeartRateBpm>
							<Value>147</Value>
						</HeartRateBpm>
						<Extensions>
							<ns3:TPX>
								<ns3:Speed>1.83</ns3:Speed>
								<ns3:Watts>32</ns3:Watts>
							</ns3:TPX>
						</Extensions>
					</Trackpoint>
					<Trackpoint>
						<Time>2025-01-28T14:22:14.889Z</Time>
						<Position>
							<LatitudeDegrees>47.959857402</LatitudeDegrees>
							<LongitudeDegrees>7.788628636</LongitudeDegrees>
						</Position>
						<AltitudeMeters>344.63</AltitudeMeters>
						<DistanceMeters>726.94</DistanceMeters>
						<HeartRateBpm>
							<Value>146</Value>
						</HeartRateBpm>
						<Extensions>
							<ns3:TPX>
								<ns3:Speed>1.80</ns3:Speed>
								<ns3:Watts>39</ns3:Watts>
							</ns3:TPX>
						</Extensions>
					</Trackpoint>
					<Trackpoint>
						<Time>2025-01-28T14:22:17.887Z</Time>
						<Position>
							<LatitudeDegrees>47.959910221</LatitudeDegrees>
							<LongitudeDegrees>7.788646882</LongitudeDegrees>
						</Position>
						<AltitudeMeters>344.63</AltitudeMeters>
						<DistanceMeters>732.97</DistanceMeters>
						<HeartRateBpm>
							<Value>145</Value>
						</HeartRateBpm>
						<Extensions>
							<ns3:TPX>
								<ns3:Speed>1.77</ns3:Speed>
								<ns3:Watts>45</ns3:Watts>
							</ns3:TPX>
						</Extensions>
					</Trackpoint>
					<Trackpoint>
						<Time>2025-01-28T14:22:20.889Z</Time>
						<Position>
							<LatitudeDegrees>47.959969019</LatitudeDegrees>
							<LongitudeDegrees>7.788664648</LongitudeDegrees>
						</Position>
						<AltitudeMeters>344.79</AltitudeMeters>
						<DistanceMeters>739.64</DistanceMeters>
						<HeartRateBpm>
							<Value>144</Value>
						</HeartRateBpm>
						<Extensions>
							<ns3:TPX>
								<ns3:Speed>1.80</ns3:Speed>
								<ns3:Watts>62</ns3:Watts>
							</ns3:TPX>
						</Extensions>
					</Trackpoint>
					<Trackpoint>
						<Time>2025-01-28T14:22:23.891Z</Time>
						<Position>
							<LatitudeDegrees>47.960027480</LatitudeDegrees>
							<LongitudeDegrees>7.788680569</LongitudeDegrees>
						</Position>
						<AltitudeMeters>346.04</AltitudeMeters>
						<DistanceMeters>746.25</DistanceMeters>
						<HeartRateBpm>
							<Value>143</Value>
						</HeartRateBpm>
						<Extensions>
							<ns3:TPX>
								<ns3:Speed>1.55</ns3:Speed>
								<ns3:Watts>54</ns3:Watts>
							</ns3:TPX>
						</Extensions>
					</Trackpoint>
					<Trackpoint>
						<Time>2025-01-28T14:22:26.888Z</Time>
						<Position>
							<LatitudeDegrees>47.960084197</LatitudeDegrees>
							<LongitudeDegrees>7.788675367</LongitudeDegrees>
						</Position>
						<AltitudeMeters>345.37</AltitudeMeters>
						<DistanceMeters>752.57</DistanceMeters>
						<HeartRateBpm>
							<Value>142</Value>
						</HeartRateBpm>
						<Extensions>
							<ns3:TPX>
								<ns3:Speed>1.55</ns3:Speed>
								<ns3:Watts>114</ns3:Watts>
							</ns3:TPX>
						</Extensions>
					</Trackpoint>
					<Trackpoint>
						<Time>2025-01-28T14:22:29.893Z</Time>
						<Position>
							<LatitudeDegrees>47.960145330</LatitudeDegrees>
							<LongitudeDegrees>7.788709783</LongitudeDegrees>
						</Position>
						<AltitudeMeters>346.90</AltitudeMeters>
						<DistanceMeters>759.84</DistanceMeters>
						<HeartRateBpm>
							<Value>141</Value>
						</HeartRateBpm>
						<Extensions>
							<ns3:TPX>
								<ns3:Speed>1.68</ns3:Speed>
								<ns3:Watts>140</ns3:Watts>
							</ns3:TPX>
						</Extensions>
					</Trackpoint>
					<Trackpoint>
						<Time>2025-01-28T14:22:32.892Z</Time>
						<Position>
							<LatitudeDegrees>47.960207859</LatitudeDegrees>
							<LongitudeDegrees>7.788717915</LongitudeDegrees>
						</Position>
						<AltitudeMeters>347.13</AltitudeMeters>
						<DistanceMeters>766.82</DistanceMeters>
						<HeartRateBpm>
							<Value>141</Value>
						</HeartRateBpm>
						<Extensions>
							<ns3:TPX>
								<ns3:Speed>1.95</ns3:Speed>
								<ns3:Watts>126</ns3:Watts>
							</ns3:TPX>
						</Extensions>
					</Trackpoint>
					<Trackpoint>
						<Time>2025-01-28T14:22:34.892Z</Time>
						<Position>
							<LatitudeDegrees>47.960254368</LatitudeDegrees>
							<LongitudeDegrees>7.788718154</LongitudeDegrees>
						</Position>
						<AltitudeMeters>348.20</AltitudeMeters>
						<DistanceMeters>771.99</DistanceMeters>
						<HeartRateBpm>
							<Value>140</Value>
						</HeartRateBpm>
						<Extensions>
							<ns3:TPX>
								<ns3:Speed>1.53</ns3:Speed>
								<ns3:Watts>125</ns3:Watts>
							</ns3:TPX>
						</Extensions>
					</Trackpoint>
					<Trackpoint>
						<Time>2025-01-28T14:22:36.890Z</Time>
						<Position>
							<LatitudeDegrees>47.960295968</LatitudeDegrees>
							<LongitudeDegrees>7.788749307</LongitudeDegrees>
						</Position>
						<AltitudeMeters>348.04</AltitudeMeters>
						<DistanceMeters>777.16</DistanceMeters>
						<HeartRateBpm>
							<Value>140</Value>
						</HeartRateBpm>
						<Extensions>
							<ns3:TPX>
								<ns3:Speed>1.87</ns3:Speed>
								<ns3:Watts>128</ns3:Watts>
							</ns3:TPX>
						</Extensions>
					</Trackpoint>
					<Trackpoint>
						<Time>2025-01-28T14:22:38.892Z</Time>
						<Position>
							<LatitudeDegrees>47.960340386</LatitudeDegrees>
							<LongitudeDegrees>7.788766926</LongitudeDegrees>
						</Position>
						<AltitudeMeters>347.56</AltitudeMeters>
						<DistanceMeters>782.28</DistanceMeters>
						<HeartRateBpm>
							<Value>139</Value>
						</HeartRateBpm>
						<Extensions>
							<ns3:TPX>
								<ns3:Speed>1.77</ns3:Speed>
								<ns3:Watts>93</ns3:Watts>
							</ns3:TPX>
						</Extensions>
					</Trackpoint>
					<Trackpoint>
						<Time>2025-01-28T14:22:41.886Z</Time>
						<Position>
							<LatitudeDegrees>47.960401573</LatitudeDegrees>
							<LongitudeDegrees>7.788790494</LongitudeDegrees>
						</Position>
						<AltitudeMeters>347.81</AltitudeMeters>
						<DistanceMeters>789.30</DistanceMeters>
						<HeartRateBpm>
							<Value>139</Value>
						</HeartRateBpm>
						<Extensions>
							<ns3:TPX>
								<ns3:Speed>2.37</ns3:Speed>
								<ns3:Watts>22</ns3:Watts>
							</ns3:TPX>
						</Extensions>
					</Trackpoint>
					<Trackpoint>
						<Time>2025-01-28T14:22:43.887Z</Time>
						<Position>
							<LatitudeDegrees>47.960450551</LatitudeDegrees>
							<LongitudeDegrees>7.788808134</LongitudeDegrees>
						</Position>
						<AltitudeMeters>348.59</AltitudeMeters>
						<DistanceMeters>794.91</DistanceMeters>
						<HeartRateBpm>
							<Value>139</Value>
						</HeartRateBpm>
						<Extensions>
							<ns3:TPX>
								<ns3:Speed>1.83</ns3:Speed>
							</ns3:TPX>
						</Extensions>
					</Trackpoint>
					<Trackpoint>
						<Time>2025-01-28T14:22:46.888Z</Time>
						<Position>
							<LatitudeDegrees>47.960505153</LatitudeDegrees>
							<LongitudeDegrees>7.788777935</LongitudeDegrees>
						</Position>
						<AltitudeMeters>348.19</AltitudeMeters>
						<DistanceMeters>801.38</DistanceMeters>
						<HeartRateBpm>
							<Value>139</Value>
						</HeartRateBpm>
						<Extensions>
							<ns3:TPX>
								<ns3:Speed>1.64</ns3:Speed>
							</ns3:TPX>
						</Extensions>
					</Trackpoint>
					<Trackpoint>
						<Time>2025-01-28T14:22:49.888Z</Time>
						<Position>
							<LatitudeDegrees>47.960573697</LatitudeDegrees>
							<LongitudeDegrees>7.788797194</LongitudeDegrees>
						</Position>
						<AltitudeMeters>348.06</AltitudeMeters>
						<DistanceMeters>809.14</DistanceMeters>
						<HeartRateBpm>
							<Value>139</Value>
						</HeartRateBpm>
						<Extensions>
							<ns3:TPX>
								<ns3:Speed>1.55</ns3:Speed>
							</ns3:TPX>
						</Extensions>
					</Trackpoint>
					<Trackpoint>
						<Time>2025-01-28T14:22:51.885Z</Time>
						<Position>
							<LatitudeDegrees>47.960617869</LatitudeDegrees>
							<LongitudeDegrees>7.788815299</LongitudeDegrees>
						</Position>
						<AltitudeMeters>348.53</AltitudeMeters>
						<DistanceMeters>814.23</DistanceMeters>
						<HeartRateBpm>
							<Value>139</Value>
						</HeartRateBpm>
						<Extensions>
							<ns3:TPX>
								<ns3:Speed>1.49</ns3:Speed>
							</ns3:TPX>
						</Extensions>
					</Trackpoint>
					<Trackpoint>
						<Time>2025-01-28T14:22:54.888Z</Time>
						<Position>
							<LatitudeDegrees>47.960676580</LatitudeDegrees>
							<LongitudeDegrees>7.788814333</LongitudeDegrees>
						</Position>
						<AltitudeMeters>347.33</AltitudeMeters>
						<DistanceMeters>820.76</DistanceMeters>
						<HeartRateBpm>
							<Value>138</Value>
						</HeartRateBpm>
						<Extensions>
							<ns3:TPX>
								<ns3:Speed>1.66</ns3:Speed>
							</ns3:TPX>
						</Extensions>
					</Trackpoint>
					<Trackpoint>
						<Time>2025-01-28T14:22:56.888Z</Time>
						<Position>
							<LatitudeDegrees>47.960723076</LatitudeDegrees>
							<LongitudeDegrees>7.788836011</LongitudeDegrees>
						</Position>
						<AltitudeMeters>348.77</AltitudeMeters>
						<DistanceMeters>826.18</DistanceMeters>
						<HeartRateBpm>
							<Value>137</Value>
						</HeartRateBpm>
						<Extensions>
							<ns3:TPX>
								<ns3:Speed>1.90</ns3:Speed>
							</ns3:TPX>
						</Extensions>
					</Trackpoint>
					<Trackpoint>
						<Time>2025-01-28T14:22:58.888Z</Time>
						<Position>
							<LatitudeDegrees>47.960769583</LatitudeDegrees>
							<LongitudeDegrees>7.788853017</LongitudeDegrees>
						</Position>
						<AltitudeMeters>348.74</AltitudeMeters>
						<DistanceMeters>831.50</DistanceMeters>
						<HeartRateBpm>
							<Value>136</Value>
						</HeartRateBpm>
						<Extensions>
							<ns3:TPX>
								<ns3:Speed>1.92</ns3:Speed>
							</ns3:TPX>
						</Extensions>
					</Trackpoint>
					<Trackpoint>
						<Time>2025-01-28T14:23:00.888Z</Time>
						<Position>
							<LatitudeDegrees>47.960811012</LatitudeDegrees>
							<LongitudeDegrees>7.788780017</LongitudeDegrees>
						</Position>
						<AltitudeMeters>349.26</AltitudeMeters>
						<DistanceMeters>838.64</DistanceMeters>
						<HeartRateBpm>
							<Value>135</Value>
						</HeartRateBpm>
						<Extensions>
							<ns3:TPX>
								<ns3:Speed>2.25</ns3:Speed>
							</ns3:TPX>
						</Extensions>
					</Trackpoint>
					<Trackpoint>
						<Time>2025-01-28T14:23:02.890Z</Time>
						<Position>
							<LatitudeDegrees>47.960830432</LatitudeDegrees>
							<LongitudeDegrees>7.788692090</LongitudeDegrees>
						</Position>
						<AltitudeMeters>348.88</AltitudeMeters>
						<DistanceMeters>845.55</DistanceMeters>
						<HeartRateBpm>
							<Value>135</Value>
						</HeartRateBpm>
						<Extensions>
							<ns3:TPX>
								<ns3:Speed>2.74</ns3:Speed>
								<ns3:Watts>121</ns3:Watts>
							</ns3:TPX>
						</Extensions>
					</Trackpoint>
					<Trackpoint>
						<Time>2025-01-28T14:23:04.890Z</Time>
						<Position>
							<LatitudeDegrees>47.960878892</LatitudeDegrees>
							<LongitudeDegrees>7.788626406</LongitudeDegrees>
						</Position>
						<AltitudeMeters>348.92</AltitudeMeters>
						<DistanceMeters>852.84</DistanceMeters>
						<HeartRateBpm>
							<Value>134</Value>
						</HeartRateBpm>
						<Extensions>
							<ns3:TPX>
								<ns3:Speed>3.27</ns3:Speed>
								<ns3:Watts>169</ns3:Watts>
							</ns3:TPX>
						</Extensions>
					</Trackpoint>
					<Trackpoint>
						<Time>2025-01-28T14:23:05.887Z</Time>
						<Position>
							<LatitudeDegrees>47.960894587</LatitudeDegrees>
							<LongitudeDegrees>7.788550792</LongitudeDegrees>
						</Position>
						<AltitudeMeters>348.82</AltitudeMeters>
						<DistanceMeters>858.75</DistanceMeters>
						<HeartRateBpm>
							<Value>134</Value>
						</HeartRateBpm>
						<Extensions>
							<ns3:TPX>
								<ns3:Speed>2.86</ns3:Speed>
								<ns3:Watts>110</ns3:Watts>
							</ns3:TPX>
						</Extensions>
					</Trackpoint>
					<Trackpoint>
						<Time>2025-01-28T14:23:07.889Z</Time>
						<Position>
							<LatitudeDegrees>47.960911579</LatitudeDegrees>
							<LongitudeDegrees>7.788478580</LongitudeDegrees>
						</Position>
						<AltitudeMeters>347.89</AltitudeMeters>
						<DistanceMeters>864.46</DistanceMeters>
						<HeartRateBpm>
							<Value>134</Value>
						</HeartRateBpm>
						<Extensions>
							<ns3:TPX>
								<ns3:Speed>2.27</ns3:Speed>
								<ns3:Watts>178</ns3:Watts>
							</ns3:TPX>
						</Extensions>
					</Trackpoint>
					<Trackpoint>
						<Time>2025-01-28T14:23:10.890Z</Time>
						<Position>
							<LatitudeDegrees>47.960913443</LatitudeDegrees>
							<LongitudeDegrees>7.788393878</LongitudeDegrees>
						</Position>
						<AltitudeMeters>348.51</AltitudeMeters>
						<DistanceMeters>870.79</DistanceMeters>
						<HeartRateBpm>
							<Value>134</Value>
						</HeartRateBpm>
						<Extensions>
							<ns3:TPX>
								<ns3:Speed>1.47</ns3:Speed>
								<ns3:Watts>176</ns3:Watts>
							</ns3:TPX>
						</Extensions>
					</Trackpoint>
					<Trackpoint>
						<Time>2025-01-28T14:23:14.889Z</Time>
						<Position>
							<LatitudeDegrees>47.960918135</LatitudeDegrees>
							<LongitudeDegrees>7.788319945</LongitudeDegrees>
						</Position>
						<AltitudeMeters>349.62</AltitudeMeters>
						<DistanceMeters>876.34</DistanceMeters>
						<HeartRateBpm>
							<Value>133</Value>
						</HeartRateBpm>
						<Extensions>
							<ns3:TPX>
								<ns3:Speed>1.17</ns3:Speed>
								<ns3:Watts>180</ns3:Watts>
							</ns3:TPX>
						</Extensions>
					</Trackpoint>
					<Trackpoint>
						<Time>2025-01-28T14:23:18.891Z</Time>
						<Position>
							<LatitudeDegrees>47.960914612</LatitudeDegrees>
							<LongitudeDegrees>7.788241998</LongitudeDegrees>
						</Position>
						<AltitudeMeters>351.47</AltitudeMeters>
						<DistanceMeters>882.17</DistanceMeters>
						<HeartRateBpm>
							<Value>134</Value>
						</HeartRateBpm>
						<Extensions>
							<ns3:TPX>
								<ns3:Speed>1.34</ns3:Speed>
								<ns3:Watts>163</ns3:Watts>
							</ns3:TPX>
						</Extensions>
					</Trackpoint>
					<Trackpoint>
						<Time>2025-01-28T14:23:23.890Z</Time>
						<Position>
							<LatitudeDegrees>47.960880570</LatitudeDegrees>
							<LongitudeDegrees>7.788174688</LongitudeDegrees>
						</Position>
						<AltitudeMeters>352.76</AltitudeMeters>
						<DistanceMeters>888.47</DistanceMeters>
						<HeartRateBpm>
							<Value>135</Value>
						</HeartRateBpm>
						<Extensions>
							<ns3:TPX>
								<ns3:Speed>1.22</ns3:Speed>
								<ns3:Watts>178</ns3:Watts>
							</ns3:TPX>
						</Extensions>
					</Trackpoint>
					<Trackpoint>
						<Time>2025-01-28T14:23:28.887Z</Time>
						<Position>
							<LatitudeDegrees>47.960846791</LatitudeDegrees>
							<LongitudeDegrees>7.788129315</LongitudeDegrees>
						</Position>
						<AltitudeMeters>353.91</AltitudeMeters>
						<DistanceMeters>893.53</DistanceMeters>
						<HeartRateBpm>
							<Value>137</Value>
						</HeartRateBpm>
						<Extensions>
							<ns3:TPX>
								<ns3:Speed>1.16</ns3:Speed>
								<ns3:Watts>200</ns3:Watts>
							</ns3:TPX>
						</Extensions>
					</Trackpoint>
					<Trackpoint>
						<Time>2025-01-28T14:23:33.891Z</Time>
						<Position>
							<LatitudeDegrees>47.960803154</LatitudeDegrees>
							<LongitudeDegrees>7.788080147</LongitudeDegrees>
						</Position>
						<AltitudeMeters>353.49</AltitudeMeters>
						<DistanceMeters>899.61</DistanceMeters>
						<HeartRateBpm>
							<Value>138</Value>
						</HeartRateBpm>
						<Extensions>
							<ns3:TPX>
								<ns3:Speed>1.22</ns3:Speed>
								<ns3:Watts>195</ns3:Watts>
							</ns3:TPX>
						</Extensions>
					</Trackpoint>
					<Trackpoint>
						<Time>2025-01-28T14:23:38.888Z</Time>
						<Position>
							<LatitudeDegrees>47.960771376</LatitudeDegrees>
							<LongitudeDegrees>7.788021235</LongitudeDegrees>
						</Position>
						<AltitudeMeters>352.86</AltitudeMeters>
						<DistanceMeters>905.25</DistanceMeters>
						<HeartRateBpm>
							<Value>139</Value>
						</HeartRateBpm>
						<Extensions>
							<ns3:TPX>
								<ns3:Speed>1.10</ns3:Speed>
								<ns3:Watts>134</ns3:Watts>
							</ns3:TPX>
						</Extensions>
					</Trackpoint>
					<Trackpoint>
						<Time>2025-01-28T14:23:43.882Z</Time>
						<Position>
							<LatitudeDegrees>47.960748141</LatitudeDegrees>
							<LongitudeDegrees>7.787960157</LongitudeDegrees>
						</Position>
						<AltitudeMeters>354.18</AltitudeMeters>
						<DistanceMeters>910.50</DistanceMeters>
						<HeartRateBpm>
							<Value>139</Value>
						</HeartRateBpm>
						<Extensions>
							<ns3:TPX>
								<ns3:Speed>1.09</ns3:Speed>
								<ns3:Watts>132</ns3:Watts>
							</ns3:TPX>
						</Extensions>
					</Trackpoint>
					<Trackpoint>
						<Time>2025-01-28T14:23:48.889Z</Time>
						<Position>
							<LatitudeDegrees>47.960715808</LatitudeDegrees>
							<LongitudeDegrees>7.787892547</LongitudeDegrees>
						</Position>
						<AltitudeMeters>354.43</AltitudeMeters>
						<DistanceMeters>916.69</DistanceMeters>
						<HeartRateBpm>
							<Value>140</Value>
						</HeartRateBpm>
						<Extensions>
							<ns3:TPX>
								<ns3:Speed>1.19</ns3:Speed>
								<ns3:Watts>114</ns3:Watts>
							</ns3:TPX>
						</Extensions>
					</Trackpoint>
					<Trackpoint>
						<Time>2025-01-28T14:23:53.890Z</Time>
						<Position>
							<LatitudeDegrees>47.960690629</LatitudeDegrees>
							<LongitudeDegrees>7.787815065</LongitudeDegrees>
						</Position>
						<AltitudeMeters>356.27</AltitudeMeters>
						<DistanceMeters>923.12</DistanceMeters>
						<HeartRateBpm>
							<Value>141</Value>
						</HeartRateBpm>
						<Extensions>
							<ns3:TPX>
								<ns3:Speed>1.23</ns3:Speed>
								<ns3:Watts>226</ns3:Watts>
							</ns3:TPX>
						</Extensions>
					</Trackpoint>
					<Trackpoint>
						<Time>2025-01-28T14:23:58.887Z</Time>
						<Position>
							<LatitudeDegrees>47.960658575</LatitudeDegrees>
							<LongitudeDegrees>7.787749232</LongitudeDegrees>
						</Position>
						<AltitudeMeters>356.04</AltitudeMeters>
						<DistanceMeters>929.19</DistanceMeters>
						<HeartRateBpm>
							<Value>141</Value>
						</HeartRateBpm>
						<Extensions>
							<ns3:TPX>
								<ns3:Speed>1.37</ns3:Speed>
								<ns3:Watts>135</ns3:Watts>
							</ns3:TPX>
						</Extensions>
					</Trackpoint>
					<Trackpoint>
						<Time>2025-01-28T14:24:02.890Z</Time>
						<Position>
							<LatitudeDegrees>47.960631193</LatitudeDegrees>
							<LongitudeDegrees>7.787687716</LongitudeDegrees>
						</Position>
						<AltitudeMeters>356.62</AltitudeMeters>
						<DistanceMeters>934.71</DistanceMeters>
						<HeartRateBpm>
							<Value>142</Value>
						</HeartRateBpm>
						<Extensions>
							<ns3:TPX>
								<ns3:Speed>1.56</ns3:Speed>
								<ns3:Watts>139</ns3:Watts>
							</ns3:TPX>
						</Extensions>
					</Trackpoint>
					<Trackpoint>
						<Time>2025-01-28T14:24:06.887Z</Time>
						<Position>
							<LatitudeDegrees>47.960594960</LatitudeDegrees>
							<LongitudeDegrees>7.787628460</LongitudeDegrees>
						</Position>
						<AltitudeMeters>356.18</AltitudeMeters>
						<DistanceMeters>940.69</DistanceMeters>
						<HeartRateBpm>
							<Value>142</Value>
						</HeartRateBpm>
						<Extensions>
							<ns3:TPX>
								<ns3:Speed>1.47</ns3:Speed>
								<ns3:Watts>86</ns3:Watts>
							</ns3:TPX>
						</Extensions>
					</Trackpoint>
					<Trackpoint>
						<Time>2025-01-28T14:24:10.888Z</Time>
						<Position>
							<LatitudeDegrees>47.960564355</LatitudeDegrees>
							<LongitudeDegrees>7.787562004</LongitudeDegrees>
						</Position>
						<AltitudeMeters>356.03</AltitudeMeters>
						<DistanceMeters>946.71</DistanceMeters>
						<HeartRateBpm>
							<Value>143</Value>
						</HeartRateBpm>
						<Extensions>
							<ns3:TPX>
								<ns3:Speed>1.53</ns3:Speed>
								<ns3:Watts>99</ns3:Watts>
							</ns3:TPX>
						</Extensions>
					</Trackpoint>
					<Trackpoint>
						<Time>2025-01-28T14:24:13.891Z</Time>
						<Position>
							<LatitudeDegrees>47.960540226</LatitudeDegrees>
							<LongitudeDegrees>7.787497882</LongitudeDegrees>
						</Position>
						<AltitudeMeters>354.69</AltitudeMeters>
						<DistanceMeters>952.20</DistanceMeters>
						<HeartRateBpm>
							<Value>143</Value>
						</HeartRateBpm>
						<Extensions>
							<ns3:TPX>
								<ns3:Speed>1.47</ns3:Speed>
								<ns3:Watts>109</ns3:Watts>
							</ns3:TPX>
						</Extensions>
					</Trackpoint>
					<Trackpoint>
						<Time>2025-01-28T14:24:16.889Z</Time>
						<Position>
							<LatitudeDegrees>47.960513345</LatitudeDegrees>
							<LongitudeDegrees>7.787441427</LongitudeDegrees>
						</Position>
						<AltitudeMeters>355.48</AltitudeMeters>
						<DistanceMeters>957.36</DistanceMeters>
						<HeartRateBpm>
							<Value>144</Value>
						</HeartRateBpm>
						<Extensions>
							<ns3:TPX>
								<ns3:Speed>1.38</ns3:Speed>
								<ns3:Watts>123</ns3:Watts>
							</ns3:TPX>
						</Extensions>
					</Trackpoint>
					<Trackpoint>
						<Time>2025-01-28T14:24:20.891Z</Time>
						<Position>
							<LatitudeDegrees>47.960492531</LatitudeDegrees>
							<LongitudeDegrees>7.787365389</LongitudeDegrees>
						</Position>
						<AltitudeMeters>353.66</AltitudeMeters>
						<DistanceMeters>963.50</DistanceMeters>
						<HeartRateBpm>
							<Value>144</Value>
						</HeartRateBpm>
						<Extensions>
							<ns3:TPX>
								<ns3:Speed>1.47</ns3:Speed>
								<ns3:Watts>103</ns3:Watts>
							</ns3:TPX>
						</Extensions>
					</Trackpoint>
					<Trackpoint>
						<Time>2025-01-28T14:24:24.890Z</Time>
						<Position>
							<LatitudeDegrees>47.960470315</LatitudeDegrees>
							<LongitudeDegrees>7.787289625</LongitudeDegrees>
						</Position>
						<AltitudeMeters>352.78</AltitudeMeters>
						<DistanceMeters>969.67</DistanceMeters>
						<HeartRateBpm>
							<Value>144</Value>
						</HeartRateBpm>
						<Extensions>
							<ns3:TPX>
								<ns3:Speed>1.71</ns3:Speed>
								<ns3:Watts>37</ns3:Watts>
							</ns3:TPX>
						</Extensions>
					</Trackpoint>
					<Trackpoint>
						<Time>2025-01-28T14:24:27.890Z</Time>
						<Position>
							<LatitudeDegrees>47.960440840</LatitudeDegrees>
							<LongitudeDegrees>7.787235300</LongitudeDegrees>
						</Position>
						<AltitudeMeters>352.96</AltitudeMeters>
						<DistanceMeters>974.89</DistanceMeters>
						<HeartRateBpm>
							<Value>143</Value>
						</HeartRateBpm>
						<Extensions>
							<ns3:TPX>
								<ns3:Speed>1.66</ns3:Speed>
								<ns3:Watts>8</ns3:Watts>
							</ns3:TPX>
						</Extensions>
					</Trackpoint>
					<Trackpoint>
						<Time>2025-01-28T14:24:30.890Z</Time>
						<Position>
							<LatitudeDegrees>47.960409961</LatitudeDegrees>
							<LongitudeDegrees>7.787179623</LongitudeDegrees>
						</Position>
						<AltitudeMeters>351.38</AltitudeMeters>
						<DistanceMeters>980.28</DistanceMeters>
						<HeartRateBpm>
							<Value>144</Value>
						</HeartRateBpm>
						<Extensions>
							<ns3:TPX>
								<ns3:Speed>1.67</ns3:Speed>
							</ns3:TPX>
						</Extensions>
					</Trackpoint>
					<Trackpoint>
						<Time>2025-01-28T14:24:33.890Z</Time>
						<Position>
							<LatitudeDegrees>47.960385987</LatitudeDegrees>
							<LongitudeDegrees>7.787117878</LongitudeDegrees>
						</Position>
						<AltitudeMeters>351.01</AltitudeMeters>
						<DistanceMeters>985.60</DistanceMeters>
						<HeartRateBpm>
							<Value>144</Value>
						</HeartRateBpm>
						<Extensions>
							<ns3:TPX>
								<ns3:Speed>1.76</ns3:Speed>
							</ns3:TPX>
						</Extensions>
					</Trackpoint>
					<Trackpoint>
						<Time>2025-01-28T14:24:36.891Z</Time>
						<Position>
							<LatitudeDegrees>47.960353619</LatitudeDegrees>
							<LongitudeDegrees>7.787050614</LongitudeDegrees>
						</Position>
						<AltitudeMeters>349.84</AltitudeMeters>
						<DistanceMeters>991.78</DistanceMeters>
						<HeartRateBpm>
							<Value>145</Value>
						</HeartRateBpm>
						<Extensions>
							<ns3:TPX>
								<ns3:Speed>1.82</ns3:Speed>
							</ns3:TPX>
						</Extensions>
					</Trackpoint>
					<Trackpoint>
						<Time>2025-01-28T14:24:39.887Z</Time>
						<Position>
							<LatitudeDegrees>47.960343198</LatitudeDegrees>
							<LongitudeDegrees>7.786960686</LongitudeDegrees>
						</Position>
						<AltitudeMeters>349.73</AltitudeMeters>
						<DistanceMeters>998.60</DistanceMeters>
						<HeartRateBpm>
							<Value>145</Value>
						</HeartRateBpm>
						<Extensions>
							<ns3:TPX>
								<ns3:Speed>2.52</ns3:Speed>
								<ns3:Watts>11</ns3:Watts>
							</ns3:TPX>
						</Extensions>
					</Trackpoint>
					<Trackpoint>
						<Time>2025-01-28T14:24:41.891Z</Time>
						<Position>
							<LatitudeDegrees>47.960331671</LatitudeDegrees>
							<LongitudeDegrees>7.786890053</LongitudeDegrees>
						</Position>
						<AltitudeMeters>349.69</AltitudeMeters>
						<DistanceMeters>1004.03</DistanceMeters>
						<HeartRateBpm>
							<Value>145</Value>
						</HeartRateBpm>
						<Extensions>
							<ns3:TPX>
								<ns3:Speed>1.85</ns3:Speed>
							</ns3:TPX>
						</Extensions>
					</Trackpoint>
					<Trackpoint>
						<Time>2025-01-28T14:24:44.891Z</Time>
						<Position>
							<LatitudeDegrees>47.960344493</LatitudeDegrees>
							<LongitudeDegrees>7.786813223</LongitudeDegrees>
						</Position>
						<AltitudeMeters>348.22</AltitudeMeters>
						<DistanceMeters>1009.94</DistanceMeters>
						<HeartRateBpm>
							<Value>145</Value>
						</HeartRateBpm>
						<Extensions>
							<ns3:TPX>
								<ns3:Speed>1.41</ns3:Speed>
								<ns3:Watts>0</ns3:Watts>
							</ns3:TPX>
						</Extensions>
					</Trackpoint>
					<Trackpoint>
						<Time>2025-01-28T14:24:47.891Z</Time>
						<Position>
							<LatitudeDegrees>47.960373381</LatitudeDegrees>
							<LongitudeDegrees>7.786755197</LongitudeDegrees>
						</Position>
						<AltitudeMeters>348.21</AltitudeMeters>
						<DistanceMeters>1015.33</DistanceMeters>
						<HeartRateBpm>
							<Value>144</Value>
						</HeartRateBpm>
						<Extensions>
							<ns3:TPX>
								<ns3:Speed>1.40</ns3:Speed>
								<ns3:Watts>41</ns3:Watts>
							</ns3:TPX>
						</Extensions>
					</Trackpoint>
					<Trackpoint>
						<Time>2025-01-28T14:24:50.889Z</Time>
						<Position>
							<LatitudeDegrees>47.960407301</LatitudeDegrees>
							<LongitudeDegrees>7.786704279</LongitudeDegrees>
						</Position>
						<AltitudeMeters>349.68</AltitudeMeters>
						<DistanceMeters>1020.69</DistanceMeters>
						<HeartRateBpm>
							<Value>143</Value>
						</HeartRateBpm>
						<Extensions>
							<ns3:TPX>
								<ns3:Speed>1.55</ns3:Speed>
								<ns3:Watts>74</ns3:Watts>
							</ns3:TPX>
						</Extensions>
					</Trackpoint>
					<Trackpoint>
						<Time>2025-01-28T14:24:53.890Z</Time>
						<Position>
							<LatitudeDegrees>47.960452566</LatitudeDegrees>
							<LongitudeDegrees>7.786666074</LongitudeDegrees>
						</Position>
						<AltitudeMeters>349.76</AltitudeMeters>
						<DistanceMeters>1026.48</DistanceMeters>
						<HeartRateBpm>
							<Value>141</Value>
						</HeartRateBpm>
						<Extensions>
							<ns3:TPX>
								<ns3:Speed>1.77</ns3:Speed>
								<ns3:Watts>67</ns3:Watts>
							</ns3:TPX>
						</Extensions>
					</Trackpoint>
					<Trackpoint>
						<Time>2025-01-28T14:24:56.891Z</Time>
						<Position>
							<LatitudeDegrees>47.960504482</LatitudeDegrees>
							<LongitudeDegrees>7.786623911</LongitudeDegrees>
						</Position>
						<AltitudeMeters>350.48</AltitudeMeters>
						<DistanceMeters>1033.05</DistanceMeters>
						<HeartRateBpm>
							<Value>140</Value>
						</HeartRateBpm>
						<Extensions>
							<ns3:TPX>
								<ns3:Speed>1.63</ns3:Speed>
								<ns3:Watts>34</ns3:Watts>
							</ns3:TPX>
						</Extensions>
					</Trackpoint>
					<Trackpoint>
						<Time>2025-01-28T14:24:59.889Z</Time>
						<Position>
							<LatitudeDegrees>47.960558300</LatitudeDegrees>
							<LongitudeDegrees>7.786598696</LongitudeDegrees>
						</Position>
						<AltitudeMeters>351.41</AltitudeMeters>
						<DistanceMeters>1039.32</DistanceMeters>
						<HeartRateBpm>
							<Value>139</Value>
						</HeartRateBpm>
						<Extensions>
							<ns3:TPX>
								<ns3:Speed>1.88</ns3:Speed>
								<ns3:Watts>79</ns3:Watts>
							</ns3:TPX>
						</Extensions>
					</Trackpoint>
					<Trackpoint>
						<Time>2025-01-28T14:25:01.887Z</Time>
						<Position>
							<LatitudeDegrees>47.960603806</LatitudeDegrees>
							<LongitudeDegrees>7.786606628</LongitudeDegrees>
						</Position>
						<AltitudeMeters>352.09</AltitudeMeters>
						<DistanceMeters>1044.42</DistanceMeters>
						<HeartRateBpm>
							<Value>139</Value>
						</HeartRateBpm>
						<Extensions>
							<ns3:TPX>
								<ns3:Speed>1.78</ns3:Speed>
								<ns3:Watts>100</ns3:Watts>
							</ns3:TPX>
						</Extensions>
					</Trackpoint>
					<Trackpoint>
						<Time>2025-01-28T14:25:04.890Z</Time>
						<Position>
							<LatitudeDegrees>47.960653321</LatitudeDegrees>
							<LongitudeDegrees>7.786553060</LongitudeDegrees>
						</Position>
						<AltitudeMeters>352.82</AltitudeMeters>
						<DistanceMeters>1051.22</DistanceMeters>
						<HeartRateBpm>
							<Value>138</Value>
						</HeartRateBpm>
						<Extensions>
							<ns3:TPX>
								<ns3:Speed>2.12</ns3:Speed>
								<ns3:Watts>76</ns3:Watts>
							</ns3:TPX>
						</Extensions>
					</Trackpoint>
					<Trackpoint>
						<Time>2025-01-28T14:25:06.892Z</Time>
						<Position>
							<LatitudeDegrees>47.960702729</LatitudeDegrees>
							<LongitudeDegrees>7.786542915</LongitudeDegrees>
						</Position>
						<AltitudeMeters>353.77</AltitudeMeters>
						<DistanceMeters>1056.77</DistanceMeters>
						<HeartRateBpm>
							<Value>138</Value>
						</HeartRateBpm>
						<Extensions>
							<ns3:TPX>
								<ns3:Speed>1.60</ns3:Speed>
								<ns3:Watts>1</ns3:Watts>
							</ns3:TPX>
						</Extensions>
					</Trackpoint>
					<Trackpoint>
						<Time>2025-01-28T14:25:09.890Z</Time>
						<Position>
							<LatitudeDegrees>47.960755693</LatitudeDegrees>
							<LongitudeDegrees>7.786520265</LongitudeDegrees>
						</Position>
						<AltitudeMeters>354.89</AltitudeMeters>
						<DistanceMeters>1062.90</DistanceMeters>
						<HeartRateBpm>
							<Value>137</Value>
						</HeartRateBpm>
						<Extensions>
							<ns3:TPX>
								<ns3:Speed>1.64</ns3:Speed>
							</ns3:TPX>
						</Extensions>
					</Trackpoint>
					<Trackpoint>
						<Time>2025-01-28T14:25:12.890Z</Time>
						<Position>
							<LatitudeDegrees>47.960809101</LatitudeDegrees>
							<LongitudeDegrees>7.786486369</LongitudeDegrees>
						</Position>
						<AltitudeMeters>356.15</AltitudeMeters>
						<DistanceMeters>1069.35</DistanceMeters>
						<HeartRateBpm>
							<Value>136</Value>
						</HeartRateBpm>
						<Extensions>
							<ns3:TPX>
								<ns3:Speed>1.46</ns3:Speed>
							</ns3:TPX>
						</Extensions>
					</Trackpoint>
					<Trackpoint>
						<Time>2025-01-28T14:25:15.888Z</Time>
						<Position>
							<LatitudeDegrees>47.960856966</LatitudeDegrees>
							<LongitudeDegrees>7.786486596</LongitudeDegrees>
						</Position>
						<AltitudeMeters>358.08</AltitudeMeters>
						<DistanceMeters>1074.67</DistanceMeters>
						<HeartRateBpm>
							<Value>135</Value>
						</HeartRateBpm>
						<Extensions>
							<ns3:TPX>
								<ns3:Speed>1.87</ns3:Speed>
								<ns3:Watts>122</ns3:Watts>
							</ns3:TPX>
						</Extensions>
					</Trackpoint>
					<Trackpoint>
						<Time>2025-01-28T14:25:18.890Z</Time>
						<Position>
							<LatitudeDegrees>47.960921514</LatitudeDegrees>
							<LongitudeDegrees>7.786474527</LongitudeDegrees>
						</Position>
						<AltitudeMeters>359.23</AltitudeMeters>
						<DistanceMeters>1081.91</DistanceMeters>
						<HeartRateBpm>
							<Value>136</Value>
						</HeartRateBpm>
						<Extensions>
							<ns3:TPX>
								<ns3:Speed>1.56</ns3:Speed>
								<ns3:Watts>115</ns3:Watts>
							</ns3:TPX>
						</Extensions>
					</Trackpoint>
					<Trackpoint>
						<Time>2025-01-28T14:25:21.889Z</Time>
						<Position>
							<LatitudeDegrees>47.960968983</LatitudeDegrees>
							<LongitudeDegrees>7.786466139</LongitudeDegrees>
						</Position>
						<AltitudeMeters>360.41</AltitudeMeters>
						<DistanceMeters>1087.22</DistanceMeters>
						<HeartRateBpm>
							<Value>135</Value>
						</HeartRateBpm>
						<Extensions>
							<ns3:TPX>
								<ns3:Speed>1.92</ns3:Speed>
								<ns3:Watts>79</ns3:Watts>
							</ns3:TPX>
						</Extensions>
					</Trackpoint>
					<Trackpoint>
						<Time>2025-01-28T14:25:24.881Z</Time>
						<Position>
							<LatitudeDegrees>47.961020954</LatitudeDegrees>
							<LongitudeDegrees>7.786413315</LongitudeDegrees>
						</Position>
						<AltitudeMeters>361.52</AltitudeMeters>
						<DistanceMeters>1094.22</DistanceMeters>
						<HeartRateBpm>
							<Value>135</Value>
						</HeartRateBpm>
						<Extensions>
							<ns3:TPX>
								<ns3:Speed>1.59</ns3:Speed>
								<ns3:Watts>36</ns3:Watts>
							</ns3:TPX>
						</Extensions>
					</Trackpoint>
					<Trackpoint>
						<Time>2025-01-28T14:25:27.890Z</Time>
						<Position>
							<LatitudeDegrees>47.961050672</LatitudeDegrees>
							<LongitudeDegrees>7.786349800</LongitudeDegrees>
						</Position>
						<AltitudeMeters>363.00</AltitudeMeters>
						<DistanceMeters>1100.00</DistanceMeters>
						<HeartRateBpm>
							<Value>136</Value>
						</HeartRateBpm>
						<Extensions>
							<ns3:TPX>
								<ns3:Speed>1.26</ns3:Speed>
								<ns3:Watts>79</ns3:Watts>
							</ns3:TPX>
						</Extensions>
					</Trackpoint>
					<Trackpoint>
						<Time>2025-01-28T14:25:30.889Z</Time>
						<Position>
							<LatitudeDegrees>47.961080482</LatitudeDegrees>
							<LongitudeDegrees>7.786277077</LongitudeDegrees>
						</Position>
						<AltitudeMeters>362.71</AltitudeMeters>
						<DistanceMeters>1106.36</DistanceMeters>
						<HeartRateBpm>
							<Value>136</Value>
						</HeartRateBpm>
						<Extensions>
							<ns3:TPX>
								<ns3:Speed>1.25</ns3:Speed>
								<ns3:Watts>27</ns3:Watts>
							</ns3:TPX>
						</Extensions>
					</Trackpoint>
					<Trackpoint>
						<Time>2025-01-28T14:25:33.889Z</Time>
						<Position>
							<LatitudeDegrees>47.961098691</LatitudeDegrees>
							<LongitudeDegrees>7.786184782</LongitudeDegrees>
						</Position>
						<AltitudeMeters>363.23</AltitudeMeters>
						<DistanceMeters>1113.55</DistanceMeters>
						<HeartRateBpm>
							<Value>136</Value>
						</HeartRateBpm>
						<Extensions>
							<ns3:TPX>
								<ns3:Speed>1.51</ns3:Speed>
								<ns3:Watts>46</ns3:Watts>
							</ns3:TPX>
						</Extensions>
					</Trackpoint>
					<Trackpoint>
						<Time>2025-01-28T14:25:36.888Z</Time>
						<Position>
							<LatitudeDegrees>47.961096344</LatitudeDegrees>
							<LongitudeDegrees>7.786092254</LongitudeDegrees>
						</Position>
						<AltitudeMeters>364.25</AltitudeMeters>
						<DistanceMeters>1120.46</DistanceMeters>
						<HeartRateBpm>
							<Value>136</Value>
						</HeartRateBpm>
						<Extensions>
							<ns3:TPX>
								<ns3:Speed>1.94</ns3:Speed>
								<ns3:Watts>105</ns3:Watts>
							</ns3:TPX>
						</Extensions>
					</Trackpoint>
					<Trackpoint>
						<Time>2025-01-28T14:25:39.891Z</Time>
						<Position>
							<LatitudeDegrees>47.961095634</LatitudeDegrees>
							<LongitudeDegrees>7.785993763</LongitudeDegrees>
						</Position>
						<AltitudeMeters>363.86</AltitudeMeters>
						<DistanceMeters>1127.82</DistanceMeters>
						<HeartRateBpm>
							<Value>137</Value>
						</HeartRateBpm>
						<Extensions>
							<ns3:TPX>
								<ns3:Speed>1.95</ns3:Speed>
								<ns3:Watts>124</ns3:Watts>
							</ns3:TPX>
						</Extensions>
					</Trackpoint>
					<Trackpoint>
						<Time>2025-01-28T14:25:42.888Z</Time>
						<Position>
							<LatitudeDegrees>47.961082835</LatitudeDegrees>
							<LongitudeDegrees>7.785911999</LongitudeDegrees>
						</Position>
						<AltitudeMeters>363.49</AltitudeMeters>
						<DistanceMeters>1134.09</DistanceMeters>
						<HeartRateBpm>
							<Value>137</Value>
						</HeartRateBpm>
						<Extensions>
							<ns3:TPX>
								<ns3:Speed>1.73</ns3:Speed>
								<ns3:Watts>122</ns3:Watts>
							</ns3:TPX>
						</Extensions>
					</Trackpoint>
					<Trackpoint>
						<Time>2025-01-28T14:25:45.890Z</Time>
						<Position>
							<LatitudeDegrees>47.961055105</LatitudeDegrees>
							<LongitudeDegrees>7.785837962</LongitudeDegrees>
						</Position>
						<AltitudeMeters>363.14</AltitudeMeters>
						<DistanceMeters>1140.42</DistanceMeters>
						<HeartRateBpm>
							<Value>136</Value>
						</HeartRateBpm>
						<Extensions>
							<ns3:TPX>
								<ns3:Speed>1.87</ns3:Speed>
								<ns3:Watts>119</ns3:Watts>
							</ns3:TPX>
						</Extensions>
					</Trackpoint>
					<Trackpoint>
						<Time>2025-01-28T14:25:48.889Z</Time>
						<Position>
							<LatitudeDegrees>47.961035572</LatitudeDegrees>
							<LongitudeDegrees>7.785752987</LongitudeDegrees>
						</Position>
						<AltitudeMeters>363.21</AltitudeMeters>
						<DistanceMeters>1147.13</DistanceMeters>
						<HeartRateBpm>
							<Value>137</Value>
						</HeartRateBpm>
						<Extensions>
							<ns3:TPX>
								<ns3:Speed>1.98</ns3:Speed>
								<ns3:Watts>47</ns3:Watts>
							</ns3:TPX>
						</Extensions>
					</Trackpoint>
					<Trackpoint>
						<Time>2025-01-28T14:25:51.890Z</Time>
						<Position>
							<LatitudeDegrees>47.961009337</LatitudeDegrees>
							<LongitudeDegrees>7.785679621</LongitudeDegrees>
						</Position>
						<AltitudeMeters>364.68</AltitudeMeters>
						<DistanceMeters>1153.33</DistanceMeters>
						<HeartRateBpm>
							<Value>137</Value>
						</HeartRateBpm>
						<Extensions>
							<ns3:TPX>
								<ns3:Speed>1.70</ns3:Speed>
							</ns3:TPX>
						</Extensions>
					</Trackpoint>
					<Trackpoint>
						<Time>2025-01-28T14:25:54.889Z</Time>
						<Position>
							<LatitudeDegrees>47.960992069</LatitudeDegrees>
							<LongitudeDegrees>7.785601194</LongitudeDegrees>
						</Position>
						<AltitudeMeters>362.92</AltitudeMeters>
						<DistanceMeters>1159.50</DistanceMeters>
						<HeartRateBpm>
							<Value>137</Value>
						</HeartRateBpm>
						<Extensions>
							<ns3:TPX>
								<ns3:Speed>1.44</ns3:Speed>
								<ns3:Watts>35</ns3:Watts>
							</ns3:TPX>
						</Extensions>
					</Trackpoint>
					<Trackpoint>
						<Time>2025-01-28T14:25:57.889Z</Time>
						<Position>
							<LatitudeDegrees>47.960965558</LatitudeDegrees>
							<LongitudeDegrees>7.785526098</LongitudeDegrees>
						</Position>
						<AltitudeMeters>364.10</AltitudeMeters>
						<DistanceMeters>1165.83</DistanceMeters>
						<HeartRateBpm>
							<Value>137</Value>
						</HeartRateBpm>
						<Extensions>
							<ns3:TPX>
								<ns3:Speed>1.55</ns3:Speed>
								<ns3:Watts>65</ns3:Watts>
							</ns3:TPX>
						</Extensions>
					</Trackpoint>
					<Trackpoint>
						<Time>2025-01-28T14:26:00.890Z</Time>
						<Position>
							<LatitudeDegrees>47.960941454</LatitudeDegrees>
							<LongitudeDegrees>7.785441701</LongitudeDegrees>
						</Position>
						<AltitudeMeters>362.78</AltitudeMeters>
						<DistanceMeters>1172.68</DistanceMeters>
						<HeartRateBpm>
							<Value>137</Value>
						</HeartRateBpm>
						<Extensions>
							<ns3:TPX>
								<ns3:Speed>1.88</ns3:Speed>
							</ns3:TPX>
						</Extensions>
					</Trackpoint>
					<Trackpoint>
						<Time>2025-01-28T14:26:03.886Z</Time>
						<Position>
							<LatitudeDegrees>47.960913917</LatitudeDegrees>
							<LongitudeDegrees>7.785357484</LongitudeDegrees>
						</Position>
						<AltitudeMeters>362.69</AltitudeMeters>
						<DistanceMeters>1179.68</DistanceMeters>
						<HeartRateBpm>
							<Value>137</Value>
						</HeartRateBpm>
						<Extensions>
							<ns3:TPX>
								<ns3:Speed>1.78</ns3:Speed>
							</ns3:TPX>
						</Extensions>
					</Trackpoint>
					<Trackpoint>
						<Time>2025-01-28T14:26:06.890Z</Time>
						<Position>
							<LatitudeDegrees>47.960881796</LatitudeDegrees>
							<LongitudeDegrees>7.785273881</LongitudeDegrees>
						</Position>
						<AltitudeMeters>362.85</AltitudeMeters>
						<DistanceMeters>1186.87</DistanceMeters>
						<HeartRateBpm>
							<Value>137</Value>
						</HeartRateBpm>
						<Extensions>
							<ns3:TPX>
								<ns3:Speed>1.59</ns3:Speed>
							</ns3:TPX>
						</Extensions>
					</Trackpoint>
					<Trackpoint>
						<Time>2025-01-28T14:26:09.890Z</Time>
						<Position>
							<LatitudeDegrees>47.960866479</LatitudeDegrees>
							<LongitudeDegrees>7.785176317</LongitudeDegrees>
						</Position>
						<AltitudeMeters>361.66</AltitudeMeters>
						<DistanceMeters>1194.35</DistanceMeters>
						<HeartRateBpm>
							<Value>137</Value>
						</HeartRateBpm>
						<Extensions>
							<ns3:TPX>
								<ns3:Speed>1.77</ns3:Speed>
								<ns3:Watts>7</ns3:Watts>
							</ns3:TPX>
						</Extensions>
					</Trackpoint>
					<Trackpoint>
						<Time>2025-01-28T14:26:11.891Z</Time>
						<Position>
							<LatitudeDegrees>47.960855479</LatitudeDegrees>
							<LongitudeDegrees>7.785101884</LongitudeDegrees>
						</Position>
						<AltitudeMeters>362.61</AltitudeMeters>
						<DistanceMeters>1200.04</DistanceMeters>
						<HeartRateBpm>
							<Value>137</Value>
						</HeartRateBpm>
						<Extensions>
							<ns3:TPX>
								<ns3:Speed>1.50</ns3:Speed>
								<ns3:Watts>56</ns3:Watts>
							</ns3:TPX>
						</Extensions>
					</Trackpoint>
					<Trackpoint>
						<Time>2025-01-28T14:26:13.891Z</Time>
						<Position>
							<LatitudeDegrees>47.960849612</LatitudeDegrees>
							<LongitudeDegrees>7.785029240</LongitudeDegrees>
						</Position>
						<AltitudeMeters>361.99</AltitudeMeters>
						<DistanceMeters>1205.51</DistanceMeters>
						<HeartRateBpm>
							<Value>137</Value>
						</HeartRateBpm>
						<Extensions>
							<ns3:TPX>
								<ns3:Speed>1.72</ns3:Speed>
								<ns3:Watts>72</ns3:Watts>
							</ns3:TPX>
						</Extensions>
					</Trackpoint>
					<Trackpoint>
						<Time>2025-01-28T14:26:15.887Z</Time>
						<Position>
							<LatitudeDegrees>47.960839208</LatitudeDegrees>
							<LongitudeDegrees>7.784953461</LongitudeDegrees>
						</Position>
						<AltitudeMeters>363.41</AltitudeMeters>
						<DistanceMeters>1211.29</DistanceMeters>
						<HeartRateBpm>
							<Value>136</Value>
						</HeartRateBpm>
						<Extensions>
							<ns3:TPX>
								<ns3:Speed>1.84</ns3:Speed>
								<ns3:Watts>66</ns3:Watts>
							</ns3:TPX>
						</Extensions>
					</Trackpoint>
					<Trackpoint>
						<Time>2025-01-28T14:26:17.891Z</Time>
						<Position>
							<LatitudeDegrees>47.960840852</LatitudeDegrees>
							<LongitudeDegrees>7.784868900</LongitudeDegrees>
						</Position>
						<AltitudeMeters>362.46</AltitudeMeters>
						<DistanceMeters>1217.60</DistanceMeters>
						<HeartRateBpm>
							<Value>136</Value>
						</HeartRateBpm>
						<Extensions>
							<ns3:TPX>
								<ns3:Speed>1.81</ns3:Speed>
								<ns3:Watts>83</ns3:Watts>
							</ns3:TPX>
						</Extensions>
					</Trackpoint>
					<Trackpoint>
						<Time>2025-01-28T14:26:19.889Z</Time>
						<Position>
							<LatitudeDegrees>47.960845211</LatitudeDegrees>
							<LongitudeDegrees>7.784794531</LongitudeDegrees>
						</Position>
						<AltitudeMeters>362.74</AltitudeMeters>
						<DistanceMeters>1223.18</DistanceMeters>
						<HeartRateBpm>
							<Value>135</Value>
						</HeartRateBpm>
						<Extensions>
							<ns3:TPX>
								<ns3:Speed>1.78</ns3:Speed>
								<ns3:Watts>93</ns3:Watts>
							</ns3:TPX>
						</Extensions>
					</Trackpoint>
					<Trackpoint>
						<Time>2025-01-28T14:26:21.890Z</Time>
						<Position>
							<LatitudeDegrees>47.960854087</LatitudeDegrees>
							<LongitudeDegrees>7.784727619</LongitudeDegrees>
						</Position>
						<AltitudeMeters>362.89</AltitudeMeters>
						<DistanceMeters>1228.27</DistanceMeters>
						<HeartRateBpm>
							<Value>135</Value>
						</HeartRateBpm>
						<Extensions>
							<ns3:TPX>
								<ns3:Speed>1.79</ns3:Speed>
								<ns3:Watts>53</ns3:Watts>
							</ns3:TPX>
						</Extensions>
					</Trackpoint>
					<Trackpoint>
						<Time>2025-01-28T14:26:23.888Z</Time>
						<Position>
							<LatitudeDegrees>47.960861124</LatitudeDegrees>
							<LongitudeDegrees>7.784660153</LongitudeDegrees>
						</Position>
						<AltitudeMeters>362.88</AltitudeMeters>
						<DistanceMeters>1233.37</DistanceMeters>
						<HeartRateBpm>
							<Value>134</Value>
						</HeartRateBpm>
						<Extensions>
							<ns3:TPX>
								<ns3:Speed>1.52</ns3:Speed>
								<ns3:Watts>10</ns3:Watts>
							</ns3:TPX>
						</Extensions>
					</Trackpoint>
					<Trackpoint>
						<Time>2025-01-28T14:26:26.892Z</Time>
						<Position>
							<LatitudeDegrees>47.960878019</LatitudeDegrees>
							<LongitudeDegrees>7.784578925</LongitudeDegrees>
						</Position>
						<AltitudeMeters>362.84</AltitudeMeters>
						<DistanceMeters>1239.72</DistanceMeters>
						<HeartRateBpm>
							<Value>133</Value>
						</HeartRateBpm>
						<Extensions>
							<ns3:TPX>
								<ns3:Speed>2.53</ns3:Speed>
								<ns3:Watts>29</ns3:Watts>
							</ns3:TPX>
						</Extensions>
					</Trackpoint>
					<Trackpoint>
						<Time>2025-01-28T14:26:28.890Z</Time>
						<Position>
							<LatitudeDegrees>47.960896723</LatitudeDegrees>
							<LongitudeDegrees>7.784500035</LongitudeDegrees>
						</Position>
						<AltitudeMeters>363.14</AltitudeMeters>
						<DistanceMeters>1245.97</DistanceMeters>
						<HeartRateBpm>
							<Value>133</Value>
						</HeartRateBpm>
						<Extensions>
							<ns3:TPX>
								<ns3:Speed>2.62</ns3:Speed>
							</ns3:TPX>
						</Extensions>
					</Trackpoint>
					<Trackpoint>
						<Time>2025-01-28T14:26:31.883Z</Time>
						<Position>
							<LatitudeDegrees>47.960937225</LatitudeDegrees>
							<LongitudeDegrees>7.784399885</LongitudeDegrees>
						</Position>
						<AltitudeMeters>363.42</AltitudeMeters>
						<DistanceMeters>1254.70</DistanceMeters>
						<HeartRateBpm>
							<Value>133</Value>
						</HeartRateBpm>
						<Extensions>
							<ns3:TPX>
								<ns3:Speed>1.76</ns3:Speed>
							</ns3:TPX>
						</Extensions>
					</Trackpoint>
					<Trackpoint>
						<Time>2025-01-28T14:26:33.889Z</Time>
						<Position>
							<LatitudeDegrees>47.960973368</LatitudeDegrees>
							<LongitudeDegrees>7.784343956</LongitudeDegrees>
						</Position>
						<AltitudeMeters>362.55</AltitudeMeters>
						<DistanceMeters>1260.50</DistanceMeters>
						<HeartRateBpm>
							<Value>133</Value>
						</HeartRateBpm>
						<Extensions>
							<ns3:TPX>
								<ns3:Speed>1.92</ns3:Speed>
								<ns3:Watts>137</ns3:Watts>
							</ns3:TPX>
						</Extensions>
					</Trackpoint>
					<Trackpoint>
						<Time>2025-01-28T14:26:35.888Z</Time>
						<Position>
							<LatitudeDegrees>47.961013814</LatitudeDegrees>
							<LongitudeDegrees>7.784284576</LongitudeDegrees>
						</Position>
						<AltitudeMeters>363.23</AltitudeMeters>
						<DistanceMeters>1266.81</DistanceMeters>
						<HeartRateBpm>
							<Value>133</Value>
						</HeartRateBpm>
						<Extensions>
							<ns3:TPX>
								<ns3:Speed>3.64</ns3:Speed>
								<ns3:Watts>100</ns3:Watts>
							</ns3:TPX>
						</Extensions>
					</Trackpoint>
					<Trackpoint>
						<Time>2025-01-28T14:26:37.889Z</Time>
						<Position>
							<LatitudeDegrees>47.961073845</LatitudeDegrees>
							<LongitudeDegrees>7.784192969</LongitudeDegrees>
						</Position>
						<AltitudeMeters>363.15</AltitudeMeters>
						<DistanceMeters>1276.37</DistanceMeters>
						<HeartRateBpm>
							<Value>133</Value>
						</HeartRateBpm>
						<Extensions>
							<ns3:TPX>
								<ns3:Speed>3.29</ns3:Speed>
							</ns3:TPX>
						</Extensions>
					</Trackpoint>
					<Trackpoint>
						<Time>2025-01-28T14:26:39.885Z</Time>
						<Position>
							<LatitudeDegrees>47.961114894</LatitudeDegrees>
							<LongitudeDegrees>7.784124177</LongitudeDegrees>
						</Position>
						<AltitudeMeters>364.60</AltitudeMeters>
						<DistanceMeters>1283.24</DistanceMeters>
						<HeartRateBpm>
							<Value>133</Value>
						</HeartRateBpm>
						<Extensions>
							<ns3:TPX>
								<ns3:Speed>3.31</ns3:Speed>
							</ns3:TPX>
						</Extensions>
					</Trackpoint>
					<Trackpoint>
						<Time>2025-01-28T14:26:41.883Z</Time>
						<Position>
							<LatitudeDegrees>47.961159892</LatitudeDegrees>
							<LongitudeDegrees>7.784059805</LongitudeDegrees>
						</Position>
						<AltitudeMeters>364.44</AltitudeMeters>
						<DistanceMeters>1290.18</DistanceMeters>
						<HeartRateBpm>
							<Value>133</Value>
						</HeartRateBpm>
						<Extensions>
							<ns3:TPX>
								<ns3:Speed>4.20</ns3:Speed>
							</ns3:TPX>
						</Extensions>
					</Trackpoint>
					<Trackpoint>
						<Time>2025-01-28T14:26:43.885Z</Time>
						<Position>
							<LatitudeDegrees>47.961218146</LatitudeDegrees>
							<LongitudeDegrees>7.783978544</LongitudeDegrees>
						</Position>
						<AltitudeMeters>361.77</AltitudeMeters>
						<DistanceMeters>1299.06</DistanceMeters>
						<HeartRateBpm>
							<Value>133</Value>
						</HeartRateBpm>
						<Extensions>
							<ns3:TPX>
								<ns3:Speed>5.48</ns3:Speed>
							</ns3:TPX>
						</Extensions>
					</Trackpoint>
					<Trackpoint>
						<Time>2025-01-28T14:26:44.886Z</Time>
						<Position>
							<LatitudeDegrees>47.961254932</LatitudeDegrees>
							<LongitudeDegrees>7.783920870</LongitudeDegrees>
						</Position>
						<AltitudeMeters>361.17</AltitudeMeters>
						<DistanceMeters>1305.00</DistanceMeters>
						<HeartRateBpm>
							<Value>133</Value>
						</HeartRateBpm>
						<Extensions>
							<ns3:TPX>
								<ns3:Speed>5.58</ns3:Speed>
							</ns3:TPX>
						</Extensions>
					</Trackpoint>
					<Trackpoint>
						<Time>2025-01-28T14:26:45.886Z</Time>
						<Position>
							<LatitudeDegrees>47.961293517</LatitudeDegrees>
							<LongitudeDegrees>7.783862290</LongitudeDegrees>
						</Position>
						<AltitudeMeters>360.73</AltitudeMeters>
						<DistanceMeters>1311.12</DistanceMeters>
						<HeartRateBpm>
							<Value>133</Value>
						</HeartRateBpm>
						<Extensions>
							<ns3:TPX>
								<ns3:Speed>5.73</ns3:Speed>
							</ns3:TPX>
						</Extensions>
					</Trackpoint>
					<Trackpoint>
						<Time>2025-01-28T14:26:46.887Z</Time>
						<Position>
							<LatitudeDegrees>47.961334482</LatitudeDegrees>
							<LongitudeDegrees>7.783815473</LongitudeDegrees>
						</Position>
						<AltitudeMeters>360.22</AltitudeMeters>
						<DistanceMeters>1316.87</DistanceMeters>
						<HeartRateBpm>
							<Value>132</Value>
						</HeartRateBpm>
						<Extensions>
							<ns3:TPX>
								<ns3:Speed>6.20</ns3:Speed>
							</ns3:TPX>
						</Extensions>
					</Trackpoint>
					<Trackpoint>
						<Time>2025-01-28T14:26:47.884Z</Time>
						<Position>
							<LatitudeDegrees>47.961370040</LatitudeDegrees>
							<LongitudeDegrees>7.783755329</LongitudeDegrees>
						</Position>
						<AltitudeMeters>359.78</AltitudeMeters>
						<DistanceMeters>1322.85</DistanceMeters>
						<HeartRateBpm>
							<Value>131</Value>
						</HeartRateBpm>
						<Extensions>
							<ns3:TPX>
								<ns3:Speed>6.65</ns3:Speed>
								<ns3:Watts>25</ns3:Watts>
							</ns3:TPX>
						</Extensions>
					</Trackpoint>
					<Trackpoint>
						<Time>2025-01-28T14:26:48.885Z</Time>
						<Position>
							<LatitudeDegrees>47.961407746</LatitudeDegrees>
							<LongitudeDegrees>7.783686687</LongitudeDegrees>
						</Position>
						<AltitudeMeters>359.89</AltitudeMeters>
						<DistanceMeters>1329.47</DistanceMeters>
						<HeartRateBpm>
							<Value>131</Value>
						</HeartRateBpm>
						<Extensions>
							<ns3:TPX>
								<ns3:Speed>7.02</ns3:Speed>
								<ns3:Watts>12</ns3:Watts>
							</ns3:TPX>
						</Extensions>
					</Trackpoint>
					<Trackpoint>
						<Time>2025-01-28T14:26:49.885Z</Time>
						<Position>
							<LatitudeDegrees>47.961452146</LatitudeDegrees>
							<LongitudeDegrees>7.783617883</LongitudeDegrees>
						</Position>
						<AltitudeMeters>359.14</AltitudeMeters>
						<DistanceMeters>1336.60</DistanceMeters>
						<HeartRateBpm>
							<Value>130</Value>
						</HeartRateBpm>
						<Extensions>
							<ns3:TPX>
								<ns3:Speed>7.10</ns3:Speed>
							</ns3:TPX>
						</Extensions>
					</Trackpoint>
					<Trackpoint>
						<Time>2025-01-28T14:26:50.885Z</Time>
						<Position>
							<LatitudeDegrees>47.961492439</LatitudeDegrees>
							<LongitudeDegrees>7.783536289</LongitudeDegrees>
						</Position>
						<AltitudeMeters>358.73</AltitudeMeters>
						<DistanceMeters>1344.16</DistanceMeters>
						<HeartRateBpm>
							<Value>129</Value>
						</HeartRateBpm>
						<Extensions>
							<ns3:TPX>
								<ns3:Speed>7.21</ns3:Speed>
							</ns3:TPX>
						</Extensions>
					</Trackpoint>
					<Trackpoint>
						<Time>2025-01-28T14:26:51.884Z</Time>
						<Position>
							<LatitudeDegrees>47.961535436</LatitudeDegrees>
							<LongitudeDegrees>7.783464874</LongitudeDegrees>
						</Position>
						<AltitudeMeters>357.96</AltitudeMeters>
						<DistanceMeters>1351.32</DistanceMeters>
						<HeartRateBpm>
							<Value>129</Value>
						</HeartRateBpm>
						<Extensions>
							<ns3:TPX>
								<ns3:Speed>7.14</ns3:Speed>
							</ns3:TPX>
						</Extensions>
					</Trackpoint>
					<Trackpoint>
						<Time>2025-01-28T14:26:52.887Z</Time>
						<Position>
							<LatitudeDegrees>47.961578927</LatitudeDegrees>
							<LongitudeDegrees>7.783389571</LongitudeDegrees>
						</Position>
						<AltitudeMeters>357.89</AltitudeMeters>
						<DistanceMeters>1358.74</DistanceMeters>
						<HeartRateBpm>
							<Value>129</Value>
						</HeartRateBpm>
						<Extensions>
							<ns3:TPX>
								<ns3:Speed>6.91</ns3:Speed>
							</ns3:TPX>
						</Extensions>
					</Trackpoint>
					<Trackpoint>
						<Time>2025-01-28T14:26:53.877Z</Time>
						<Position>
							<LatitudeDegrees>47.961621227</LatitudeDegrees>
							<LongitudeDegrees>7.783315706</LongitudeDegrees>
						</Position>
						<AltitudeMeters>357.41</AltitudeMeters>
						<DistanceMeters>1365.99</DistanceMeters>
						<HeartRateBpm>
							<Value>128</Value>
						</HeartRateBpm>
						<Extensions>
							<ns3:TPX>
								<ns3:Speed>6.78</ns3:Speed>
							</ns3:TPX>
						</Extensions>
					</Trackpoint>
					<Trackpoint>
						<Time>2025-01-28T14:26:54.885Z</Time>
						<Position>
							<LatitudeDegrees>47.961653099</LatitudeDegrees>
							<LongitudeDegrees>7.783236504</LongitudeDegrees>
						</Position>
						<AltitudeMeters>356.99</AltitudeMeters>
						<DistanceMeters>1372.88</DistanceMeters>
						<HeartRateBpm>
							<Value>128</Value>
						</HeartRateBpm>
						<Extensions>
							<ns3:TPX>
								<ns3:Speed>6.55</ns3:Speed>
							</ns3:TPX>
						</Extensions>
					</Trackpoint>
					<Trackpoint>
						<Time>2025-01-28T14:26:55.886Z</Time>
						<Position>
							<LatitudeDegrees>47.961681885</LatitudeDegrees>
							<LongitudeDegrees>7.783155753</LongitudeDegrees>
						</Position>
						<AltitudeMeters>356.64</AltitudeMeters>
						<DistanceMeters>1379.71</DistanceMeters>
						<HeartRateBpm>
							<Value>128</Value>
						</HeartRateBpm>
						<Extensions>
							<ns3:TPX>
								<ns3:Speed>6.27</ns3:Speed>
							</ns3:TPX>
						</Extensions>
					</Trackpoint>
					<Trackpoint>
						<Time>2025-01-28T14:26:56.880Z</Time>
						<Position>
							<LatitudeDegrees>47.961705749</LatitudeDegrees>
							<LongitudeDegrees>7.783079531</LongitudeDegrees>
						</Position>
						<AltitudeMeters>356.53</AltitudeMeters>
						<DistanceMeters>1385.99</DistanceMeters>
						<HeartRateBpm>
							<Value>128</Value>
						</HeartRateBpm>
						<Extensions>
							<ns3:TPX>
								<ns3:Speed>6.52</ns3:Speed>
							</ns3:TPX>
						</Extensions>
					</Trackpoint>
					<Trackpoint>
						<Time>2025-01-28T14:26:57.884Z</Time>
						<Position>
							<LatitudeDegrees>47.961733024</LatitudeDegrees>
							<LongitudeDegrees>7.783012995</LongitudeDegrees>
						</Position>
						<AltitudeMeters>355.68</AltitudeMeters>
						<DistanceMeters>1391.81</DistanceMeters>
						<HeartRateBpm>
							<Value>127</Value>
						</HeartRateBpm>
						<Extensions>
							<ns3:TPX>
								<ns3:Speed>6.11</ns3:Speed>
							</ns3:TPX>
						</Extensions>
					</Trackpoint>
					<Trackpoint>
						<Time>2025-01-28T14:26:58.883Z</Time>
						<Position>
							<LatitudeDegrees>47.961767643</LatitudeDegrees>
							<LongitudeDegrees>7.782934646</LongitudeDegrees>
						</Position>
						<AltitudeMeters>355.81</AltitudeMeters>
						<DistanceMeters>1398.82</DistanceMeters>
						<HeartRateBpm>
							<Value>127</Value>
						</HeartRateBpm>
						<Extensions>
							<ns3:TPX>
								<ns3:Speed>6.01</ns3:Speed>
							</ns3:TPX>
						</Extensions>
					</Trackpoint>
					<Trackpoint>
						<Time>2025-01-28T14:26:59.887Z</Time>
						<Position>
							<LatitudeDegrees>47.961789329</LatitudeDegrees>
							<LongitudeDegrees>7.782869564</LongitudeDegrees>
						</Position>
						<AltitudeMeters>355.76</AltitudeMeters>
						<DistanceMeters>1404.24</DistanceMeters>
						<HeartRateBpm>
							<Value>127</Value>
						</HeartRateBpm>
						<Extensions>
							<ns3:TPX>
								<ns3:Speed>5.89</ns3:Speed>
							</ns3:TPX>
						</Extensions>
					</Trackpoint>
					<Trackpoint>
						<Time>2025-01-28T14:27:00.888Z</Time>
						<Position>
							<LatitudeDegrees>47.961812750</LatitudeDegrees>
							<LongitudeDegrees>7.782799946</LongitudeDegrees>
						</Position>
						<AltitudeMeters>355.56</AltitudeMeters>
						<DistanceMeters>1410.06</DistanceMeters>
						<HeartRateBpm>
							<Value>127</Value>
						</HeartRateBpm>
						<Extensions>
							<ns3:TPX>
								<ns3:Speed>5.61</ns3:Speed>
							</ns3:TPX>
						</Extensions>
					</Trackpoint>
					<Trackpoint>
						<Time>2025-01-28T14:27:01.881Z</Time>
						<Position>
							<LatitudeDegrees>47.961840836</LatitudeDegrees>
							<LongitudeDegrees>7.782736122</LongitudeDegrees>
						</Position>
						<AltitudeMeters>355.60</AltitudeMeters>
						<DistanceMeters>1415.76</DistanceMeters>
						<HeartRateBpm>
							<Value>127</Value>
						</HeartRateBpm>
						<Extensions>
							<ns3:TPX>
								<ns3:Speed>5.19</ns3:Speed>
							</ns3:TPX>
						</Extensions>
					</Trackpoint>
					<Trackpoint>
						<Time>2025-01-28T14:27:02.887Z</Time>
						<Position>
							<LatitudeDegrees>47.961874367</LatitudeDegrees>
							<LongitudeDegrees>7.782681842</LongitudeDegrees>
						</Position>
						<AltitudeMeters>355.06</AltitudeMeters>
						<DistanceMeters>1421.26</DistanceMeters>
						<HeartRateBpm>
							<Value>127</Value>
						</HeartRateBpm>
						<Extensions>
							<ns3:TPX>
								<ns3:Speed>4.79</ns3:Speed>
							</ns3:TPX>
						</Extensions>
					</Trackpoint>
					<Trackpoint>
						<Time>2025-01-28T14:27:04.886Z</Time>
						<Position>
							<LatitudeDegrees>47.961944031</LatitudeDegrees>
							<LongitudeDegrees>7.782608850</LongitudeDegrees>
						</Position>
						<AltitudeMeters>354.92</AltitudeMeters>
						<DistanceMeters>1430.74</DistanceMeters>
						<HeartRateBpm>
							<Value>126</Value>
						</HeartRateBpm>
						<Extensions>
							<ns3:TPX>
								<ns3:Speed>4.28</ns3:Speed>
							</ns3:TPX>
						</Extensions>
					</Trackpoint>
					<Trackpoint>
						<Time>2025-01-28T14:27:06.886Z</Time>
						<Position>
							<LatitudeDegrees>47.962004315</LatitudeDegrees>
							<LongitudeDegrees>7.782541017</LongitudeDegrees>
						</Position>
						<AltitudeMeters>354.39</AltitudeMeters>
						<DistanceMeters>1439.14</DistanceMeters>
						<HeartRateBpm>
							<Value>125</Value>
						</HeartRateBpm>
						<Extensions>
							<ns3:TPX>
								<ns3:Speed>3.59</ns3:Speed>
							</ns3:TPX>
						</Extensions>
					</Trackpoint>
					<Trackpoint>
						<Time>2025-01-28T14:27:08.883Z</Time>
						<Position>
							<LatitudeDegrees>47.962053551</LatitudeDegrees>
							<LongitudeDegrees>7.782478394</LongitudeDegrees>
						</Position>
						<AltitudeMeters>353.98</AltitudeMeters>
						<DistanceMeters>1446.34</DistanceMeters>
						<HeartRateBpm>
							<Value>124</Value>
						</HeartRateBpm>
						<Extensions>
							<ns3:TPX>
								<ns3:Speed>2.95</ns3:Speed>
							</ns3:TPX>
						</Extensions>
					</Trackpoint>
					<Trackpoint>
						<Time>2025-01-28T14:27:10.886Z</Time>
						<Position>
							<LatitudeDegrees>47.962106857</LatitudeDegrees>
							<LongitudeDegrees>7.782467842</LongitudeDegrees>
						</Position>
						<AltitudeMeters>353.76</AltitudeMeters>
						<DistanceMeters>1452.32</DistanceMeters>
						<HeartRateBpm>
							<Value>124</Value>
						</HeartRateBpm>
						<Extensions>
							<ns3:TPX>
								<ns3:Speed>1.95</ns3:Speed>
								<ns3:Watts>107</ns3:Watts>
							</ns3:TPX>
						</Extensions>
					</Trackpoint>
					<Trackpoint>
						<Time>2025-01-28T14:27:13.886Z</Time>
						<Position>
							<LatitudeDegrees>47.962131342</LatitudeDegrees>
							<LongitudeDegrees>7.782535158</LongitudeDegrees>
						</Position>
						<AltitudeMeters>354.34</AltitudeMeters>
						<DistanceMeters>1458.03</DistanceMeters>
						<HeartRateBpm>
							<Value>124</Value>
						</HeartRateBpm>
						<Extensions>
							<ns3:TPX>
								<ns3:Speed>1.51</ns3:Speed>
								<ns3:Watts>197</ns3:Watts>
							</ns3:TPX>
						</Extensions>
					</Trackpoint>
					<Trackpoint>
						<Time>2025-01-28T14:27:16.886Z</Time>
						<Position>
							<LatitudeDegrees>47.962130487</LatitudeDegrees>
							<LongitudeDegrees>7.782602668</LongitudeDegrees>
						</Position>
						<AltitudeMeters>355.51</AltitudeMeters>
						<DistanceMeters>1463.08</DistanceMeters>
						<HeartRateBpm>
							<Value>125</Value>
						</HeartRateBpm>
						<Extensions>
							<ns3:TPX>
								<ns3:Speed>1.46</ns3:Speed>
								<ns3:Watts>222</ns3:Watts>
							</ns3:TPX>
						</Extensions>
					</Trackpoint>
					<Trackpoint>
						<Time>2025-01-28T14:27:20.884Z</Time>
						<Position>
							<LatitudeDegrees>47.962145913</LatitudeDegrees>
							<LongitudeDegrees>7.782668706</LongitudeDegrees>
						</Position>
						<AltitudeMeters>356.45</AltitudeMeters>
						<DistanceMeters>1468.30</DistanceMeters>
						<HeartRateBpm>
							<Value>125</Value>
						</HeartRateBpm>
						<Extensions>
							<ns3:TPX>
								<ns3:Speed>1.34</ns3:Speed>
								<ns3:Watts>272</ns3:Watts>
							</ns3:TPX>
						</Extensions>
					</Trackpoint>
					<Trackpoint>
						<Time>2025-01-28T14:27:25.886Z</Time>
						<Position>
							<LatitudeDegrees>47.962170492</LatitudeDegrees>
							<LongitudeDegrees>7.782747146</LongitudeDegrees>
						</Position>
						<AltitudeMeters>357.99</AltitudeMeters>
						<DistanceMeters>1474.76</DistanceMeters>
						<HeartRateBpm>
							<Value>125</Value>
						</HeartRateBpm>
						<Extensions>
							<ns3:TPX>
								<ns3:Speed>1.27</ns3:Speed>
								<ns3:Watts>207</ns3:Watts>
							</ns3:TPX>
						</Extensions>
					</Trackpoint>
					<Trackpoint>
						<Time>2025-01-28T14:27:29.885Z</Time>
						<Position>
							<LatitudeDegrees>47.962168137</LatitudeDegrees>
							<LongitudeDegrees>7.782815276</LongitudeDegrees>
						</Position>
						<AltitudeMeters>357.93</AltitudeMeters>
						<DistanceMeters>1479.86</DistanceMeters>
						<HeartRateBpm>
							<Value>126</Value>
						</HeartRateBpm>
						<Extensions>
							<ns3:TPX>
								<ns3:Speed>1.26</ns3:Speed>
								<ns3:Watts>167</ns3:Watts>
							</ns3:TPX>
						</Extensions>
					</Trackpoint>
					<Trackpoint>
						<Time>2025-01-28T14:27:34.884Z</Time>
						<Position>
							<LatitudeDegrees>47.962168137</LatitudeDegrees>
							<LongitudeDegrees>7.782815276</LongitudeDegrees>
						</Position>
						<AltitudeMeters>357.93</AltitudeMeters>
						<DistanceMeters>1479.86</DistanceMeters>
						<HeartRateBpm>
							<Value>128</Value>
						</HeartRateBpm>
						<Extensions>
							<ns3:TPX>
								<ns3:Speed>1.39</ns3:Speed>
							</ns3:TPX>
						</Extensions>
					</Trackpoint>
					<Trackpoint>
						<Time>2025-01-28T14:27:35.889Z</Time>
						<Position>
							<LatitudeDegrees>47.962189805</LatitudeDegrees>
							<LongitudeDegrees>7.782892884</LongitudeDegrees>
						</Position>
						<AltitudeMeters>359.19</AltitudeMeters>
						<DistanceMeters>1486.13</DistanceMeters>
						<HeartRateBpm>
							<Value>128</Value>
						</HeartRateBpm>
						<Extensions>
							<ns3:TPX>
								<ns3:Speed>1.25</ns3:Speed>
								<ns3:Watts>189</ns3:Watts>
							</ns3:TPX>
						</Extensions>
					</Trackpoint>
					<Trackpoint>
						<Time>2025-01-28T14:27:40.883Z</Time>
						<Position>
							<LatitudeDegrees>47.962234752</LatitudeDegrees>
							<LongitudeDegrees>7.782937809</LongitudeDegrees>
						</Position>
						<AltitudeMeters>360.67</AltitudeMeters>
						<DistanceMeters>1492.15</DistanceMeters>
						<HeartRateBpm>
							<Value>131</Value>
						</HeartRateBpm>
						<Extensions>
							<ns3:TPX>
								<ns3:Speed>1.24</ns3:Speed>
								<ns3:Watts>202</ns3:Watts>
							</ns3:TPX>
						</Extensions>
					</Trackpoint>
					<Trackpoint>
						<Time>2025-01-28T14:27:45.886Z</Time>
						<Position>
							<LatitudeDegrees>47.962283817</LatitudeDegrees>
							<LongitudeDegrees>7.782971486</LongitudeDegrees>
						</Position>
						<AltitudeMeters>361.04</AltitudeMeters>
						<DistanceMeters>1498.16</DistanceMeters>
						<HeartRateBpm>
							<Value>132</Value>
						</HeartRateBpm>
						<Extensions>
							<ns3:TPX>
								<ns3:Speed>1.37</ns3:Speed>
								<ns3:Watts>177</ns3:Watts>
							</ns3:TPX>
						</Extensions>
					</Trackpoint>
					<Trackpoint>
						<Time>2025-01-28T14:27:49.878Z</Time>
						<Position>
							<LatitudeDegrees>47.962336310</LatitudeDegrees>
							<LongitudeDegrees>7.783001447</LongitudeDegrees>
						</Position>
						<AltitudeMeters>362.62</AltitudeMeters>
						<DistanceMeters>1504.41</DistanceMeters>
						<HeartRateBpm>
							<Value>135</Value>
						</HeartRateBpm>
						<Extensions>
							<ns3:TPX>
								<ns3:Speed>1.35</ns3:Speed>
								<ns3:Watts>172</ns3:Watts>
							</ns3:TPX>
						</Extensions>
					</Trackpoint>
					<Trackpoint>
						<Time>2025-01-28T14:27:54.888Z</Time>
						<Position>
							<LatitudeDegrees>47.962389073</LatitudeDegrees>
							<LongitudeDegrees>7.783000266</LongitudeDegrees>
						</Position>
						<AltitudeMeters>362.17</AltitudeMeters>
						<DistanceMeters>1510.28</DistanceMeters>
						<HeartRateBpm>
							<Value>138</Value>
						</HeartRateBpm>
						<Extensions>
							<ns3:TPX>
								<ns3:Speed>1.20</ns3:Speed>
								<ns3:Watts>194</ns3:Watts>
							</ns3:TPX>
						</Extensions>
					</Trackpoint>
					<Trackpoint>
						<Time>2025-01-28T14:27:58.886Z</Time>
						<Position>
							<LatitudeDegrees>47.962436838</LatitudeDegrees>
							<LongitudeDegrees>7.783016485</LongitudeDegrees>
						</Position>
						<AltitudeMeters>363.65</AltitudeMeters>
						<DistanceMeters>1515.73</DistanceMeters>
						<HeartRateBpm>
							<Value>139</Value>
						</HeartRateBpm>
						<Extensions>
							<ns3:TPX>
								<ns3:Speed>1.28</ns3:Speed>
								<ns3:Watts>143</ns3:Watts>
							</ns3:TPX>
						</Extensions>
					</Trackpoint>
					<Trackpoint>
						<Time>2025-01-28T14:28:02.886Z</Time>
						<Position>
							<LatitudeDegrees>47.962478197</LatitudeDegrees>
							<LongitudeDegrees>7.783048179</LongitudeDegrees>
						</Position>
						<AltitudeMeters>364.11</AltitudeMeters>
						<DistanceMeters>1520.90</DistanceMeters>
						<HeartRateBpm>
							<Value>140</Value>
						</HeartRateBpm>
						<Extensions>
							<ns3:TPX>
								<ns3:Speed>1.22</ns3:Speed>
								<ns3:Watts>98</ns3:Watts>
							</ns3:TPX>
						</Extensions>
					</Trackpoint>
					<Trackpoint>
						<Time>2025-01-28T14:28:07.886Z</Time>
						<Position>
							<LatitudeDegrees>47.962519711</LatitudeDegrees>
							<LongitudeDegrees>7.783083805</LongitudeDegrees>
						</Position>
						<AltitudeMeters>363.41</AltitudeMeters>
						<DistanceMeters>1526.23</DistanceMeters>
						<HeartRateBpm>
							<Value>141</Value>
						</HeartRateBpm>
						<Extensions>
							<ns3:TPX>
								<ns3:Speed>1.22</ns3:Speed>
								<ns3:Watts>162</ns3:Watts>
							</ns3:TPX>
						</Extensions>
					</Trackpoint>
					<Trackpoint>
						<Time>2025-01-28T14:28:11.885Z</Time>
						<Position>
							<LatitudeDegrees>47.962562706</LatitudeDegrees>
							<LongitudeDegrees>7.783104703</LongitudeDegrees>
						</Position>
						<AltitudeMeters>364.06</AltitudeMeters>
						<DistanceMeters>1531.26</DistanceMeters>
						<HeartRateBpm>
							<Value>142</Value>
						</HeartRateBpm>
						<Extensions>
							<ns3:TPX>
								<ns3:Speed>1.24</ns3:Speed>
								<ns3:Watts>130</ns3:Watts>
							</ns3:TPX>
						</Extensions>
					</Trackpoint>
					<Trackpoint>
						<Time>2025-01-28T14:28:16.885Z</Time>
						<Position>
							<LatitudeDegrees>47.962604820</LatitudeDegrees>
							<LongitudeDegrees>7.783136873</LongitudeDegrees>
						</Position>
						<AltitudeMeters>364.21</AltitudeMeters>
						<DistanceMeters>1536.52</DistanceMeters>
						<HeartRateBpm>
							<Value>143</Value>
						</HeartRateBpm>
						<Extensions>
							<ns3:TPX>
								<ns3:Speed>1.18</ns3:Speed>
								<ns3:Watts>136</ns3:Watts>
							</ns3:TPX>
						</Extensions>
					</Trackpoint>
					<Trackpoint>
						<Time>2025-01-28T14:28:20.887Z</Time>
						<Position>
							<LatitudeDegrees>47.962654550</LatitudeDegrees>
							<LongitudeDegrees>7.783162283</LongitudeDegrees>
						</Position>
						<AltitudeMeters>365.28</AltitudeMeters>
						<DistanceMeters>1542.36</DistanceMeters>
						<HeartRateBpm>
							<Value>143</Value>
						</HeartRateBpm>
						<Extensions>
							<ns3:TPX>
								<ns3:Speed>1.18</ns3:Speed>
								<ns3:Watts>85</ns3:Watts>
							</ns3:TPX>
						</Extensions>
					</Trackpoint>
					<Trackpoint>
						<Time>2025-01-28T14:28:24.887Z</Time>
						<Position>
							<LatitudeDegrees>47.962694052</LatitudeDegrees>
							<LongitudeDegrees>7.783207979</LongitudeDegrees>
						</Position>
						<AltitudeMeters>364.90</AltitudeMeters>
						<DistanceMeters>1547.93</DistanceMeters>
						<HeartRateBpm>
							<Value>144</Value>
						</HeartRateBpm>
						<Extensions>
							<ns3:TPX>
								<ns3:Speed>1.16</ns3:Speed>
								<ns3:Watts>118</ns3:Watts>
							</ns3:TPX>
						</Extensions>
					</Trackpoint>
					<Trackpoint>
						<Time>2025-01-28T14:28:28.886Z</Time>
						<Position>
							<LatitudeDegrees>47.962732486</LatitudeDegrees>
							<LongitudeDegrees>7.783244619</LongitudeDegrees>
						</Position>
						<AltitudeMeters>365.61</AltitudeMeters>
						<DistanceMeters>1553.00</DistanceMeters>
						<HeartRateBpm>
							<Value>143</Value>
						</HeartRateBpm>
						<Extensions>
							<ns3:TPX>
								<ns3:Speed>1.18</ns3:Speed>
								<ns3:Watts>180</ns3:Watts>
							</ns3:TPX>
						</Extensions>
					</Trackpoint>
					<Trackpoint>
						<Time>2025-01-28T14:28:33.885Z</Time>
						<Position>
							<LatitudeDegrees>47.962770240</LatitudeDegrees>
							<LongitudeDegrees>7.783294379</LongitudeDegrees>
						</Position>
						<AltitudeMeters>366.22</AltitudeMeters>
						<DistanceMeters>1558.61</DistanceMeters>
						<HeartRateBpm>
							<Value>143</Value>
						</HeartRateBpm>
						<Extensions>
							<ns3:TPX>
								<ns3:Speed>1.15</ns3:Speed>
								<ns3:Watts>181</ns3:Watts>
							</ns3:TPX>
						</Extensions>
					</Trackpoint>
					<Trackpoint>
						<Time>2025-01-28T14:28:38.887Z</Time>
						<Position>
							<LatitudeDegrees>47.962804899</LatitudeDegrees>
							<LongitudeDegrees>7.783344689</LongitudeDegrees>
						</Position>
						<AltitudeMeters>366.72</AltitudeMeters>
						<DistanceMeters>1563.99</DistanceMeters>
						<HeartRateBpm>
							<Value>143</Value>
						</HeartRateBpm>
						<Extensions>
							<ns3:TPX>
								<ns3:Speed>1.13</ns3:Speed>
								<ns3:Watts>126</ns3:Watts>
							</ns3:TPX>
						</Extensions>
					</Trackpoint>
					<Trackpoint>
						<Time>2025-01-28T14:28:43.888Z</Time>
						<Position>
							<LatitudeDegrees>47.962840332</LatitudeDegrees>
							<LongitudeDegrees>7.783405125</LongitudeDegrees>
						</Position>
						<AltitudeMeters>368.36</AltitudeMeters>
						<DistanceMeters>1569.98</DistanceMeters>
						<HeartRateBpm>
							<Value>143</Value>
						</HeartRateBpm>
						<Extensions>
							<ns3:TPX>
								<ns3:Speed>1.18</ns3:Speed>
								<ns3:Watts>122</ns3:Watts>
							</ns3:TPX>
						</Extensions>
					</Trackpoint>
					<Trackpoint>
						<Time>2025-01-28T14:28:48.887Z</Time>
						<Position>
							<LatitudeDegrees>47.962871692</LatitudeDegrees>
							<LongitudeDegrees>7.783467121</LongitudeDegrees>
						</Position>
						<AltitudeMeters>369.16</AltitudeMeters>
						<DistanceMeters>1575.78</DistanceMeters>
						<HeartRateBpm>
							<Value>143</Value>
						</HeartRateBpm>
						<Extensions>
							<ns3:TPX>
								<ns3:Speed>1.06</ns3:Speed>
								<ns3:Watts>82</ns3:Watts>
							</ns3:TPX>
						</Extensions>
					</Trackpoint>
					<Trackpoint>
						<Time>2025-01-28T14:28:53.887Z</Time>
						<Position>
							<LatitudeDegrees>47.962871692</LatitudeDegrees>
							<LongitudeDegrees>7.783467121</LongitudeDegrees>
						</Position>
						<AltitudeMeters>369.16</AltitudeMeters>
						<DistanceMeters>1575.78</DistanceMeters>
						<HeartRateBpm>
							<Value>142</Value>
						</HeartRateBpm>
						<Extensions>
							<ns3:TPX>
								<ns3:Speed>1.16</ns3:Speed>
							</ns3:TPX>
						</Extensions>
					</Trackpoint>
					<Trackpoint>
						<Time>2025-01-28T14:28:54.890Z</Time>
						<Position>
							<LatitudeDegrees>47.962897257</LatitudeDegrees>
							<LongitudeDegrees>7.783531407</LongitudeDegrees>
						</Position>
						<AltitudeMeters>370.17</AltitudeMeters>
						<DistanceMeters>1581.36</DistanceMeters>
						<HeartRateBpm>
							<Value>142</Value>
						</HeartRateBpm>
						<Extensions>
							<ns3:TPX>
								<ns3:Speed>1.00</ns3:Speed>
								<ns3:Watts>130</ns3:Watts>
							</ns3:TPX>
						</Extensions>
					</Trackpoint>
					<Trackpoint>
						<Time>2025-01-28T14:28:59.885Z</Time>
						<Position>
							<LatitudeDegrees>47.962929424</LatitudeDegrees>
							<LongitudeDegrees>7.783595276</LongitudeDegrees>
						</Position>
						<AltitudeMeters>369.86</AltitudeMeters>
						<DistanceMeters>1587.32</DistanceMeters>
						<HeartRateBpm>
							<Value>142</Value>
						</HeartRateBpm>
						<Extensions>
							<ns3:TPX>
								<ns3:Speed>1.14</ns3:Speed>
								<ns3:Watts>160</ns3:Watts>
							</ns3:TPX>
						</Extensions>
					</Trackpoint>
					<Trackpoint>
						<Time>2025-01-28T14:29:04.885Z</Time>
						<Position>
							<LatitudeDegrees>47.962929424</LatitudeDegrees>
							<LongitudeDegrees>7.783595276</LongitudeDegrees>
						</Position>
						<AltitudeMeters>369.86</AltitudeMeters>
						<DistanceMeters>1587.32</DistanceMeters>
						<HeartRateBpm>
							<Value>141</Value>
						</HeartRateBpm>
						<Extensions>
							<ns3:TPX>
								<ns3:Speed>1.10</ns3:Speed>
							</ns3:TPX>
						</Extensions>
					</Trackpoint>
					<Trackpoint>
						<Time>2025-01-28T14:29:05.891Z</Time>
						<Position>
							<LatitudeDegrees>47.962956180</LatitudeDegrees>
							<LongitudeDegrees>7.783657737</LongitudeDegrees>
						</Position>
						<AltitudeMeters>370.46</AltitudeMeters>
						<DistanceMeters>1592.85</DistanceMeters>
						<HeartRateBpm>
							<Value>141</Value>
						</HeartRateBpm>
						<Extensions>
							<ns3:TPX>
								<ns3:Speed>1.13</ns3:Speed>
								<ns3:Watts>74</ns3:Watts>
							</ns3:TPX>
						</Extensions>
					</Trackpoint>
					<Trackpoint>
						<Time>2025-01-28T14:29:09.888Z</Time>
						<Position>
							<LatitudeDegrees>47.962981727</LatitudeDegrees>
							<LongitudeDegrees>7.783715279</LongitudeDegrees>
						</Position>
						<AltitudeMeters>370.43</AltitudeMeters>
						<DistanceMeters>1598.00</DistanceMeters>
						<HeartRateBpm>
							<Value>142</Value>
						</HeartRateBpm>
						<Extensions>
							<ns3:TPX>
								<ns3:Speed>1.15</ns3:Speed>
								<ns3:Watts>133</ns3:Watts>
							</ns3:TPX>
						</Extensions>
					</Trackpoint>
					<Trackpoint>
						<Time>2025-01-28T14:29:14.888Z</Time>
						<Position>
							<LatitudeDegrees>47.963018378</LatitudeDegrees>
							<LongitudeDegrees>7.783762273</LongitudeDegrees>
						</Position>
						<AltitudeMeters>371.59</AltitudeMeters>
						<DistanceMeters>1603.38</DistanceMeters>
						<HeartRateBpm>
							<Value>141</Value>
						</HeartRateBpm>
						<Extensions>
							<ns3:TPX>
								<ns3:Speed>1.22</ns3:Speed>
								<ns3:Watts>168</ns3:Watts>
							</ns3:TPX>
						</Extensions>
					</Trackpoint>
					<Trackpoint>
						<Time>2025-01-28T14:29:19.884Z</Time>
						<Position>
							<LatitudeDegrees>47.963047411</LatitudeDegrees>
							<LongitudeDegrees>7.783824485</LongitudeDegrees>
						</Position>
						<AltitudeMeters>371.65</AltitudeMeters>
						<DistanceMeters>1609.04</DistanceMeters>
						<HeartRateBpm>
							<Value>140</Value>
						</HeartRateBpm>
						<Extensions>
							<ns3:TPX>
								<ns3:Speed>1.14</ns3:Speed>
								<ns3:Watts>159</ns3:Watts>
							</ns3:TPX>
						</Extensions>
					</Trackpoint>
					<Trackpoint>
						<Time>2025-01-28T14:29:24.886Z</Time>
						<Position>
							<LatitudeDegrees>47.963083944</LatitudeDegrees>
							<LongitudeDegrees>7.783880468</LongitudeDegrees>
						</Position>
						<AltitudeMeters>372.18</AltitudeMeters>
						<DistanceMeters>1614.87</DistanceMeters>
						<HeartRateBpm>
							<Value>140</Value>
						</HeartRateBpm>
						<Extensions>
							<ns3:TPX>
								<ns3:Speed>1.12</ns3:Speed>
								<ns3:Watts>145</ns3:Watts>
							</ns3:TPX>
						</Extensions>
					</Trackpoint>
					<Trackpoint>
						<Time>2025-01-28T14:29:28.887Z</Time>
						<Position>
							<LatitudeDegrees>47.963110927</LatitudeDegrees>
							<LongitudeDegrees>7.783934586</LongitudeDegrees>
						</Position>
						<AltitudeMeters>372.84</AltitudeMeters>
						<DistanceMeters>1619.90</DistanceMeters>
						<HeartRateBpm>
							<Value>140</Value>
						</HeartRateBpm>
						<Extensions>
							<ns3:TPX>
								<ns3:Speed>1.23</ns3:Speed>
								<ns3:Watts>154</ns3:Watts>
							</ns3:TPX>
						</Extensions>
					</Trackpoint>
					<Trackpoint>
						<Time>2025-01-28T14:29:32.886Z</Time>
						<Position>
							<LatitudeDegrees>47.963143268</LatitudeDegrees>
							<LongitudeDegrees>7.783984619</LongitudeDegrees>
						</Position>
						<AltitudeMeters>373.68</AltitudeMeters>
						<DistanceMeters>1625.09</DistanceMeters>
						<HeartRateBpm>
							<Value>139</Value>
						</HeartRateBpm>
						<Extensions>
							<ns3:TPX>
								<ns3:Speed>1.26</ns3:Speed>
								<ns3:Watts>138</ns3:Watts>
							</ns3:TPX>
						</Extensions>
					</Trackpoint>
					<Trackpoint>
						<Time>2025-01-28T14:29:37.890Z</Time>
						<Position>
							<LatitudeDegrees>47.963172650</LatitudeDegrees>
							<LongitudeDegrees>7.784057416</LongitudeDegrees>
						</Position>
						<AltitudeMeters>373.66</AltitudeMeters>
						<DistanceMeters>1631.43</DistanceMeters>
						<HeartRateBpm>
							<Value>139</Value>
						</HeartRateBpm>
						<Extensions>
							<ns3:TPX>
								<ns3:Speed>1.30</ns3:Speed>
								<ns3:Watts>142</ns3:Watts>
							</ns3:TPX>
						</Extensions>
					</Trackpoint>
					<Trackpoint>
						<Time>2025-01-28T14:29:41.884Z</Time>
						<Position>
							<LatitudeDegrees>47.963211455</LatitudeDegrees>
							<LongitudeDegrees>7.784105895</LongitudeDegrees>
						</Position>
						<AltitudeMeters>373.54</AltitudeMeters>
						<DistanceMeters>1637.06</DistanceMeters>
						<HeartRateBpm>
							<Value>140</Value>
						</HeartRateBpm>
						<Extensions>
							<ns3:TPX>
								<ns3:Speed>1.40</ns3:Speed>
								<ns3:Watts>137</ns3:Watts>
							</ns3:TPX>
						</Extensions>
					</Trackpoint>
					<Trackpoint>
						<Time>2025-01-28T14:29:45.886Z</Time>
						<Position>
							<LatitudeDegrees>47.963252365</LatitudeDegrees>
							<LongitudeDegrees>7.784157650</LongitudeDegrees>
						</Position>
						<AltitudeMeters>374.11</AltitudeMeters>
						<DistanceMeters>1643.03</DistanceMeters>
						<HeartRateBpm>
							<Value>140</Value>
						</HeartRateBpm>
						<Extensions>
							<ns3:TPX>
								<ns3:Speed>1.41</ns3:Speed>
								<ns3:Watts>119</ns3:Watts>
							</ns3:TPX>
						</Extensions>
					</Trackpoint>
					<Trackpoint>
						<Time>2025-01-28T14:29:49.885Z</Time>
						<Position>
							<LatitudeDegrees>47.963269787</LatitudeDegrees>
							<LongitudeDegrees>7.784227388</LongitudeDegrees>
						</Position>
						<AltitudeMeters>374.36</AltitudeMeters>
						<DistanceMeters>1648.59</DistanceMeters>
						<HeartRateBpm>
							<Value>141</Value>
						</HeartRateBpm>
						<Extensions>
							<ns3:TPX>
								<ns3:Speed>1.51</ns3:Speed>
								<ns3:Watts>133</ns3:Watts>
							</ns3:TPX>
						</Extensions>
					</Trackpoint>
					<Trackpoint>
						<Time>2025-01-28T14:29:52.888Z</Time>
						<Position>
							<LatitudeDegrees>47.963300823</LatitudeDegrees>
							<LongitudeDegrees>7.784276101</LongitudeDegrees>
						</Position>
						<AltitudeMeters>373.89</AltitudeMeters>
						<DistanceMeters>1653.60</DistanceMeters>
						<HeartRateBpm>
							<Value>142</Value>
						</HeartRateBpm>
						<Extensions>
							<ns3:TPX>
								<ns3:Speed>1.56</ns3:Speed>
								<ns3:Watts>110</ns3:Watts>
							</ns3:TPX>
						</Extensions>
					</Trackpoint>
					<Trackpoint>
						<Time>2025-01-28T14:29:56.886Z</Time>
						<Position>
							<LatitudeDegrees>47.963318512</LatitudeDegrees>
							<LongitudeDegrees>7.784347784</LongitudeDegrees>
						</Position>
						<AltitudeMeters>374.61</AltitudeMeters>
						<DistanceMeters>1659.30</DistanceMeters>
						<HeartRateBpm>
							<Value>142</Value>
						</HeartRateBpm>
						<Extensions>
							<ns3:TPX>
								<ns3:Speed>1.57</ns3:Speed>
								<ns3:Watts>94</ns3:Watts>
							</ns3:TPX>
						</Extensions>
					</Trackpoint>
					<Trackpoint>
						<Time>2025-01-28T14:30:00.886Z</Time>
						<Position>
							<LatitudeDegrees>47.963362334</LatitudeDegrees>
							<LongitudeDegrees>7.784403517</LongitudeDegrees>
						</Position>
						<AltitudeMeters>375.39</AltitudeMeters>
						<DistanceMeters>1665.71</DistanceMeters>
						<HeartRateBpm>
							<Value>142</Value>
						</HeartRateBpm>
						<Extensions>
							<ns3:TPX>
								<ns3:Speed>1.62</ns3:Speed>
								<ns3:Watts>105</ns3:Watts>
							</ns3:TPX>
						</Extensions>
					</Trackpoint>
					<Trackpoint>
						<Time>2025-01-28T14:30:04.887Z</Time>
						<Position>
							<LatitudeDegrees>47.963389631</LatitudeDegrees>
							<LongitudeDegrees>7.784475433</LongitudeDegrees>
						</Position>
						<AltitudeMeters>375.46</AltitudeMeters>
						<DistanceMeters>1671.88</DistanceMeters>
						<HeartRateBpm>
							<Value>142</Value>
						</HeartRateBpm>
						<Extensions>
							<ns3:TPX>
								<ns3:Speed>1.63</ns3:Speed>
								<ns3:Watts>85</ns3:Watts>
							</ns3:TPX>
						</Extensions>
					</Trackpoint>
					<Trackpoint>
						<Time>2025-01-28T14:30:08.887Z</Time>
						<Position>
							<LatitudeDegrees>47.963422181</LatitudeDegrees>
							<LongitudeDegrees>7.784547291</LongitudeDegrees>
						</Position>
						<AltitudeMeters>376.67</AltitudeMeters>
						<DistanceMeters>1678.35</DistanceMeters>
						<HeartRateBpm>
							<Value>142</Value>
						</HeartRateBpm>
						<Extensions>
							<ns3:TPX>
								<ns3:Speed>1.66</ns3:Speed>
								<ns3:Watts>120</ns3:Watts>
							</ns3:TPX>
						</Extensions>
					</Trackpoint>
					<Trackpoint>
						<Time>2025-01-28T14:30:12.886Z</Time>
						<Position>
							<LatitudeDegrees>47.963450337</LatitudeDegrees>
							<LongitudeDegrees>7.784620215</LongitudeDegrees>
						</Position>
						<AltitudeMeters>376.71</AltitudeMeters>
						<DistanceMeters>1684.64</DistanceMeters>
						<HeartRateBpm>
							<Value>142</Value>
						</HeartRateBpm>
						<Extensions>
							<ns3:TPX>
								<ns3:Speed>1.73</ns3:Speed>
								<ns3:Watts>131</ns3:Watts>
							</ns3:TPX>
						</Extensions>
					</Trackpoint>
					<Trackpoint>
						<Time>2025-01-28T14:30:16.885Z</Time>
						<Position>
							<LatitudeDegrees>47.963475044</LatitudeDegrees>
							<LongitudeDegrees>7.784698595</LongitudeDegrees>
						</Position>
						<AltitudeMeters>377.09</AltitudeMeters>
						<DistanceMeters>1691.10</DistanceMeters>
						<HeartRateBpm>
							<Value>141</Value>
						</HeartRateBpm>
						<Extensions>
							<ns3:TPX>
								<ns3:Speed>1.75</ns3:Speed>
								<ns3:Watts>157</ns3:Watts>
							</ns3:TPX>
						</Extensions>
					</Trackpoint>
					<Trackpoint>
						<Time>2025-01-28T14:30:19.886Z</Time>
						<Position>
							<LatitudeDegrees>47.963504078</LatitudeDegrees>
							<LongitudeDegrees>7.784750809</LongitudeDegrees>
						</Position>
						<AltitudeMeters>377.33</AltitudeMeters>
						<DistanceMeters>1696.16</DistanceMeters>
						<HeartRateBpm>
							<Value>141</Value>
						</HeartRateBpm>
						<Extensions>
							<ns3:TPX>
								<ns3:Speed>1.74</ns3:Speed>
								<ns3:Watts>137</ns3:Watts>
							</ns3:TPX>
						</Extensions>
					</Trackpoint>
					<Trackpoint>
						<Time>2025-01-28T14:30:23.887Z</Time>
						<Position>
							<LatitudeDegrees>47.963532522</LatitudeDegrees>
							<LongitudeDegrees>7.784823798</LongitudeDegrees>
						</Position>
						<AltitudeMeters>378.51</AltitudeMeters>
						<DistanceMeters>1702.47</DistanceMeters>
						<HeartRateBpm>
							<Value>140</Value>
						</HeartRateBpm>
						<Extensions>
							<ns3:TPX>
								<ns3:Speed>1.76</ns3:Speed>
								<ns3:Watts>138</ns3:Watts>
							</ns3:TPX>
						</Extensions>
					</Trackpoint>
					<Trackpoint>
						<Time>2025-01-28T14:30:27.886Z</Time>
						<Position>
							<LatitudeDegrees>47.963564653</LatitudeDegrees>
							<LongitudeDegrees>7.784889232</LongitudeDegrees>
						</Position>
						<AltitudeMeters>378.47</AltitudeMeters>
						<DistanceMeters>1708.52</DistanceMeters>
						<HeartRateBpm>
							<Value>140</Value>
						</HeartRateBpm>
						<Extensions>
							<ns3:TPX>
								<ns3:Speed>1.80</ns3:Speed>
								<ns3:Watts>98</ns3:Watts>
							</ns3:TPX>
						</Extensions>
					</Trackpoint>
					<Trackpoint>
						<Time>2025-01-28T14:30:30.881Z</Time>
						<Position>
							<LatitudeDegrees>47.963599511</LatitudeDegrees>
							<LongitudeDegrees>7.784934220</LongitudeDegrees>
						</Position>
						<AltitudeMeters>378.64</AltitudeMeters>
						<DistanceMeters>1713.65</DistanceMeters>
						<HeartRateBpm>
							<Value>140</Value>
						</HeartRateBpm>
						<Extensions>
							<ns3:TPX>
								<ns3:Speed>1.74</ns3:Speed>
								<ns3:Watts>97</ns3:Watts>
							</ns3:TPX>
						</Extensions>
					</Trackpoint>
					<Trackpoint>
						<Time>2025-01-28T14:30:33.887Z</Time>
						<Position>
							<LatitudeDegrees>47.963639036</LatitudeDegrees>
							<LongitudeDegrees>7.784976574</LongitudeDegrees>
						</Position>
						<AltitudeMeters>379.34</AltitudeMeters>
						<DistanceMeters>1719.06</DistanceMeters>
						<HeartRateBpm>
							<Value>140</Value>
						</HeartRateBpm>
						<Extensions>
							<ns3:TPX>
								<ns3:Speed>1.76</ns3:Speed>
								<ns3:Watts>135</ns3:Watts>
							</ns3:TPX>
						</Extensions>
					</Trackpoint>
					<Trackpoint>
						<Time>2025-01-28T14:30:36.882Z</Time>
						<Position>
							<LatitudeDegrees>47.963646353</LatitudeDegrees>
							<LongitudeDegrees>7.785061762</LongitudeDegrees>
						</Position>
						<AltitudeMeters>379.14</AltitudeMeters>
						<DistanceMeters>1725.48</DistanceMeters>
						<HeartRateBpm>
							<Value>140</Value>
						</HeartRateBpm>
						<Extensions>
							<ns3:TPX>
								<ns3:Speed>1.79</ns3:Speed>
								<ns3:Watts>103</ns3:Watts>
							</ns3:TPX>
						</Extensions>
					</Trackpoint>
					<Trackpoint>
						<Time>2025-01-28T14:30:39.882Z</Time>
						<Position>
							<LatitudeDegrees>47.963656219</LatitudeDegrees>
							<LongitudeDegrees>7.785127848</LongitudeDegrees>
						</Position>
						<AltitudeMeters>379.16</AltitudeMeters>
						<DistanceMeters>1730.53</DistanceMeters>
						<HeartRateBpm>
							<Value>140</Value>
						</HeartRateBpm>
						<Extensions>
							<ns3:TPX>
								<ns3:Speed>1.78</ns3:Speed>
								<ns3:Watts>86</ns3:Watts>
							</ns3:TPX>
						</Extensions>
					</Trackpoint>
					<Trackpoint>
						<Time>2025-01-28T14:30:42.881Z</Time>
						<Position>
							<LatitudeDegrees>47.963694266</LatitudeDegrees>
							<LongitudeDegrees>7.785186742</LongitudeDegrees>
						</Position>
						<AltitudeMeters>379.92</AltitudeMeters>
						<DistanceMeters>1736.64</DistanceMeters>
						<HeartRateBpm>
							<Value>140</Value>
						</HeartRateBpm>
						<Extensions>
							<ns3:TPX>
								<ns3:Speed>1.76</ns3:Speed>
								<ns3:Watts>87</ns3:Watts>
							</ns3:TPX>
						</Extensions>
					</Trackpoint>
					<Trackpoint>
						<Time>2025-01-28T14:30:45.882Z</Time>
						<Position>
							<LatitudeDegrees>47.963729673</LatitudeDegrees>
							<LongitudeDegrees>7.785246419</LongitudeDegrees>
						</Position>
						<AltitudeMeters>379.26</AltitudeMeters>
						<DistanceMeters>1742.58</DistanceMeters>
						<HeartRateBpm>
							<Value>140</Value>
						</HeartRateBpm>
						<Extensions>
							<ns3:TPX>
								<ns3:Speed>1.81</ns3:Speed>
								<ns3:Watts>104</ns3:Watts>
							</ns3:TPX>
						</Extensions>
					</Trackpoint>
					<Trackpoint>
						<Time>2025-01-28T14:30:48.884Z</Time>
						<Position>
							<LatitudeDegrees>47.963757852</LatitudeDegrees>
							<LongitudeDegrees>7.785313323</LongitudeDegrees>
						</Position>
						<AltitudeMeters>379.51</AltitudeMeters>
						<DistanceMeters>1748.48</DistanceMeters>
						<HeartRateBpm>
							<Value>141</Value>
						</HeartRateBpm>
						<Extensions>
							<ns3:TPX>
								<ns3:Speed>1.81</ns3:Speed>
								<ns3:Watts>108</ns3:Watts>
							</ns3:TPX>
						</Extensions>
					</Trackpoint>
					<Trackpoint>
						<Time>2025-01-28T14:30:51.882Z</Time>
						<Position>
							<LatitudeDegrees>47.963773020</LatitudeDegrees>
							<LongitudeDegrees>7.785381462</LongitudeDegrees>
						</Position>
						<AltitudeMeters>379.46</AltitudeMeters>
						<DistanceMeters>1753.84</DistanceMeters>
						<HeartRateBpm>
							<Value>140</Value>
						</HeartRateBpm>
						<Extensions>
							<ns3:TPX>
								<ns3:Speed>1.68</ns3:Speed>
								<ns3:Watts>113</ns3:Watts>
							</ns3:TPX>
						</Extensions>
					</Trackpoint>
					<Trackpoint>
						<Time>2025-01-28T14:30:54.883Z</Time>
						<Position>
							<LatitudeDegrees>47.963799441</LatitudeDegrees>
							<LongitudeDegrees>7.785443558</LongitudeDegrees>
						</Position>
						<AltitudeMeters>381.68</AltitudeMeters>
						<DistanceMeters>1759.33</DistanceMeters>
						<HeartRateBpm>
							<Value>140</Value>
						</HeartRateBpm>
						<Extensions>
							<ns3:TPX>
								<ns3:Speed>1.76</ns3:Speed>
								<ns3:Watts>116</ns3:Watts>
							</ns3:TPX>
						</Extensions>
					</Trackpoint>
					<Trackpoint>
						<Time>2025-01-28T14:30:57.887Z</Time>
						<Position>
							<LatitudeDegrees>47.963813887</LatitudeDegrees>
							<LongitudeDegrees>7.785522420</LongitudeDegrees>
						</Position>
						<AltitudeMeters>380.55</AltitudeMeters>
						<DistanceMeters>1765.44</DistanceMeters>
						<HeartRateBpm>
							<Value>140</Value>
						</HeartRateBpm>
						<Extensions>
							<ns3:TPX>
								<ns3:Speed>1.79</ns3:Speed>
								<ns3:Watts>74</ns3:Watts>
							</ns3:TPX>
						</Extensions>
					</Trackpoint>
					<Trackpoint>
						<Time>2025-01-28T14:31:00.887Z</Time>
						<Position>
							<LatitudeDegrees>47.963849840</LatitudeDegrees>
							<LongitudeDegrees>7.785584565</LongitudeDegrees>
						</Position>
						<AltitudeMeters>381.45</AltitudeMeters>
						<DistanceMeters>1771.56</DistanceMeters>
						<HeartRateBpm>
							<Value>139</Value>
						</HeartRateBpm>
						<Extensions>
							<ns3:TPX>
								<ns3:Speed>1.78</ns3:Speed>
								<ns3:Watts>96</ns3:Watts>
							</ns3:TPX>
						</Extensions>
					</Trackpoint>
					<Trackpoint>
						<Time>2025-01-28T14:31:03.888Z</Time>
						<Position>
							<LatitudeDegrees>47.963878597</LatitudeDegrees>
							<LongitudeDegrees>7.785648514</LongitudeDegrees>
						</Position>
						<AltitudeMeters>381.58</AltitudeMeters>
						<DistanceMeters>1777.31</DistanceMeters>
						<HeartRateBpm>
							<Value>139</Value>
						</HeartRateBpm>
						<Extensions>
							<ns3:TPX>
								<ns3:Speed>1.83</ns3:Speed>
								<ns3:Watts>103</ns3:Watts>
							</ns3:TPX>
						</Extensions>
					</Trackpoint>
					<Trackpoint>
						<Time>2025-01-28T14:31:06.885Z</Time>
						<Position>
							<LatitudeDegrees>47.963913821</LatitudeDegrees>
							<LongitudeDegrees>7.785723074</LongitudeDegrees>
						</Position>
						<AltitudeMeters>381.29</AltitudeMeters>
						<DistanceMeters>1784.12</DistanceMeters>
						<HeartRateBpm>
							<Value>139</Value>
						</HeartRateBpm>
						<Extensions>
							<ns3:TPX>
								<ns3:Speed>1.83</ns3:Speed>
								<ns3:Watts>102</ns3:Watts>
							</ns3:TPX>
						</Extensions>
					</Trackpoint>
					<Trackpoint>
						<Time>2025-01-28T14:31:09.885Z</Time>
						<Position>
							<LatitudeDegrees>47.963943089</LatitudeDegrees>
							<LongitudeDegrees>7.785798373</LongitudeDegrees>
						</Position>
						<AltitudeMeters>382.73</AltitudeMeters>
						<DistanceMeters>1790.61</DistanceMeters>
						<HeartRateBpm>
							<Value>138</Value>
						</HeartRateBpm>
						<Extensions>
							<ns3:TPX>
								<ns3:Speed>1.86</ns3:Speed>
								<ns3:Watts>133</ns3:Watts>
							</ns3:TPX>
						</Extensions>
					</Trackpoint>
					<Trackpoint>
						<Time>2025-01-28T14:31:12.886Z</Time>
						<Position>
							<LatitudeDegrees>47.963977527</LatitudeDegrees>
							<LongitudeDegrees>7.785872923</LongitudeDegrees>
						</Position>
						<AltitudeMeters>383.77</AltitudeMeters>
						<DistanceMeters>1797.37</DistanceMeters>
						<HeartRateBpm>
							<Value>138</Value>
						</HeartRateBpm>
						<Extensions>
							<ns3:TPX>
								<ns3:Speed>1.88</ns3:Speed>
								<ns3:Watts>117</ns3:Watts>
							</ns3:TPX>
						</Extensions>
					</Trackpoint>
					<Trackpoint>
						<Time>2025-01-28T14:31:15.888Z</Time>
						<Position>
							<LatitudeDegrees>47.964009883</LatitudeDegrees>
							<LongitudeDegrees>7.785950478</LongitudeDegrees>
						</Position>
						<AltitudeMeters>382.92</AltitudeMeters>
						<DistanceMeters>1804.19</DistanceMeters>
						<HeartRateBpm>
							<Value>137</Value>
						</HeartRateBpm>
						<Extensions>
							<ns3:TPX>
								<ns3:Speed>1.78</ns3:Speed>
								<ns3:Watts>101</ns3:Watts>
							</ns3:TPX>
						</Extensions>
					</Trackpoint>
					<Trackpoint>
						<Time>2025-01-28T14:31:18.887Z</Time>
						<Position>
							<LatitudeDegrees>47.964038065</LatitudeDegrees>
							<LongitudeDegrees>7.786025556</LongitudeDegrees>
						</Position>
						<AltitudeMeters>384.57</AltitudeMeters>
						<DistanceMeters>1810.61</DistanceMeters>
						<HeartRateBpm>
							<Value>137</Value>
						</HeartRateBpm>
						<Extensions>
							<ns3:TPX>
								<ns3:Speed>1.80</ns3:Speed>
								<ns3:Watts>112</ns3:Watts>
							</ns3:TPX>
						</Extensions>
					</Trackpoint>
					<Trackpoint>
						<Time>2025-01-28T14:31:21.884Z</Time>
						<Position>
							<LatitudeDegrees>47.964077940</LatitudeDegrees>
							<LongitudeDegrees>7.786098221</LongitudeDegrees>
						</Position>
						<AltitudeMeters>384.81</AltitudeMeters>
						<DistanceMeters>1817.62</DistanceMeters>
						<HeartRateBpm>
							<Value>137</Value>
						</HeartRateBpm>
						<Extensions>
							<ns3:TPX>
								<ns3:Speed>1.85</ns3:Speed>
								<ns3:Watts>99</ns3:Watts>
							</ns3:TPX>
						</Extensions>
					</Trackpoint>
					<Trackpoint>
						<Time>2025-01-28T14:31:24.886Z</Time>
						<Position>
							<LatitudeDegrees>47.964108787</LatitudeDegrees>
							<LongitudeDegrees>7.786176752</LongitudeDegrees>
						</Position>
						<AltitudeMeters>383.65</AltitudeMeters>
						<DistanceMeters>1824.41</DistanceMeters>
						<HeartRateBpm>
							<Value>136</Value>
						</HeartRateBpm>
						<Extensions>
							<ns3:TPX>
								<ns3:Speed>1.87</ns3:Speed>
								<ns3:Watts>92</ns3:Watts>
							</ns3:TPX>
						</Extensions>
					</Trackpoint>
					<Trackpoint>
						<Time>2025-01-28T14:31:27.886Z</Time>
						<Position>
							<LatitudeDegrees>47.964136971</LatitudeDegrees>
							<LongitudeDegrees>7.786260631</LongitudeDegrees>
						</Position>
						<AltitudeMeters>384.85</AltitudeMeters>
						<DistanceMeters>1831.42</DistanceMeters>
						<HeartRateBpm>
							<Value>136</Value>
						</HeartRateBpm>
						<Extensions>
							<ns3:TPX>
								<ns3:Speed>1.83</ns3:Speed>
								<ns3:Watts>81</ns3:Watts>
							</ns3:TPX>
						</Extensions>
					</Trackpoint>
					<Trackpoint>
						<Time>2025-01-28T14:31:30.887Z</Time>
						<Position>
							<LatitudeDegrees>47.964179690</LatitudeDegrees>
							<LongitudeDegrees>7.786336570</LongitudeDegrees>
						</Position>
						<AltitudeMeters>383.89</AltitudeMeters>
						<DistanceMeters>1838.82</DistanceMeters>
						<HeartRateBpm>
							<Value>136</Value>
						</HeartRateBpm>
						<Extensions>
							<ns3:TPX>
								<ns3:Speed>1.85</ns3:Speed>
								<ns3:Watts>115</ns3:Watts>
							</ns3:TPX>
						</Extensions>
					</Trackpoint>
					<Trackpoint>
						<Time>2025-01-28T14:31:33.883Z</Time>
						<Position>
							<LatitudeDegrees>47.964215716</LatitudeDegrees>
							<LongitudeDegrees>7.786412972</LongitudeDegrees>
						</Position>
						<AltitudeMeters>386.06</AltitudeMeters>
						<DistanceMeters>1845.79</DistanceMeters>
						<HeartRateBpm>
							<Value>136</Value>
						</HeartRateBpm>
						<Extensions>
							<ns3:TPX>
								<ns3:Speed>1.84</ns3:Speed>
								<ns3:Watts>118</ns3:Watts>
							</ns3:TPX>
						</Extensions>
					</Trackpoint>
					<Trackpoint>
						<Time>2025-01-28T14:31:36.885Z</Time>
						<Position>
							<LatitudeDegrees>47.964250024</LatitudeDegrees>
							<LongitudeDegrees>7.786490791</LongitudeDegrees>
						</Position>
						<AltitudeMeters>385.45</AltitudeMeters>
						<DistanceMeters>1852.74</DistanceMeters>
						<HeartRateBpm>
							<Value>135</Value>
						</HeartRateBpm>
						<Extensions>
							<ns3:TPX>
								<ns3:Speed>1.83</ns3:Speed>
								<ns3:Watts>81</ns3:Watts>
							</ns3:TPX>
						</Extensions>
					</Trackpoint>
					<Trackpoint>
						<Time>2025-01-28T14:31:39.884Z</Time>
						<Position>
							<LatitudeDegrees>47.964294067</LatitudeDegrees>
							<LongitudeDegrees>7.786560273</LongitudeDegrees>
						</Position>
						<AltitudeMeters>385.26</AltitudeMeters>
						<DistanceMeters>1859.87</DistanceMeters>
						<HeartRateBpm>
							<Value>135</Value>
						</HeartRateBpm>
						<Extensions>
							<ns3:TPX>
								<ns3:Speed>1.86</ns3:Speed>
								<ns3:Watts>85</ns3:Watts>
							</ns3:TPX>
						</Extensions>
					</Trackpoint>
					<Trackpoint>
						<Time>2025-01-28T14:31:42.885Z</Time>
						<Position>
							<LatitudeDegrees>47.964338509</LatitudeDegrees>
							<LongitudeDegrees>7.786633131</LongitudeDegrees>
						</Position>
						<AltitudeMeters>386.39</AltitudeMeters>
						<DistanceMeters>1867.22</DistanceMeters>
						<HeartRateBpm>
							<Value>135</Value>
						</HeartRateBpm>
						<Extensions>
							<ns3:TPX>
								<ns3:Speed>1.89</ns3:Speed>
								<ns3:Watts>75</ns3:Watts>
							</ns3:TPX>
						</Extensions>
					</Trackpoint>
					<Trackpoint>
						<Time>2025-01-28T14:31:45.886Z</Time>
						<Position>
							<LatitudeDegrees>47.964380600</LatitudeDegrees>
							<LongitudeDegrees>7.786704197</LongitudeDegrees>
						</Position>
						<AltitudeMeters>386.21</AltitudeMeters>
						<DistanceMeters>1874.30</DistanceMeters>
						<HeartRateBpm>
							<Value>135</Value>
						</HeartRateBpm>
						<Extensions>
							<ns3:TPX>
								<ns3:Speed>1.83</ns3:Speed>
								<ns3:Watts>75</ns3:Watts>
							</ns3:TPX>
						</Extensions>
					</Trackpoint>
					<Trackpoint>
						<Time>2025-01-28T14:31:48.884Z</Time>
						<Position>
							<LatitudeDegrees>47.964428201</LatitudeDegrees>
							<LongitudeDegrees>7.786768687</LongitudeDegrees>
						</Position>
						<AltitudeMeters>388.11</AltitudeMeters>
						<DistanceMeters>1881.46</DistanceMeters>
						<HeartRateBpm>
							<Value>135</Value>
						</HeartRateBpm>
						<Extensions>
							<ns3:TPX>
								<ns3:Speed>1.83</ns3:Speed>
								<ns3:Watts>95</ns3:Watts>
							</ns3:TPX>
						</Extensions>
					</Trackpoint>
					<Trackpoint>
						<Time>2025-01-28T14:31:51.885Z</Time>
						<Position>
							<LatitudeDegrees>47.964467544</LatitudeDegrees>
							<LongitudeDegrees>7.786835849</LongitudeDegrees>
						</Position>
						<AltitudeMeters>387.37</AltitudeMeters>
						<DistanceMeters>1888.11</DistanceMeters>
						<HeartRateBpm>
							<Value>136</Value>
						</HeartRateBpm>
						<Extensions>
							<ns3:TPX>
								<ns3:Speed>1.87</ns3:Speed>
								<ns3:Watts>107</ns3:Watts>
							</ns3:TPX>
						</Extensions>
					</Trackpoint>
					<Trackpoint>
						<Time>2025-01-28T14:31:53.885Z</Time>
						<Position>
							<LatitudeDegrees>47.964499298</LatitudeDegrees>
							<LongitudeDegrees>7.786884059</LongitudeDegrees>
						</Position>
						<AltitudeMeters>387.94</AltitudeMeters>
						<DistanceMeters>1893.15</DistanceMeters>
						<HeartRateBpm>
							<Value>136</Value>
						</HeartRateBpm>
						<Extensions>
							<ns3:TPX>
								<ns3:Speed>1.88</ns3:Speed>
								<ns3:Watts>120</ns3:Watts>
							</ns3:TPX>
						</Extensions>
					</Trackpoint>
					<Trackpoint>
						<Time>2025-01-28T14:31:55.880Z</Time>
						<Position>
							<LatitudeDegrees>47.964529670</LatitudeDegrees>
							<LongitudeDegrees>7.786934296</LongitudeDegrees>
						</Position>
						<AltitudeMeters>387.27</AltitudeMeters>
						<DistanceMeters>1898.20</DistanceMeters>
						<HeartRateBpm>
							<Value>136</Value>
						</HeartRateBpm>
						<Extensions>
							<ns3:TPX>
								<ns3:Speed>1.86</ns3:Speed>
								<ns3:Watts>123</ns3:Watts>
							</ns3:TPX>
						</Extensions>
					</Trackpoint>
					<Trackpoint>
						<Time>2025-01-28T14:31:58.886Z</Time>
						<Position>
							<LatitudeDegrees>47.964572499</LatitudeDegrees>
							<LongitudeDegrees>7.787005624</LongitudeDegrees>
						</Position>
						<AltitudeMeters>387.04</AltitudeMeters>
						<DistanceMeters>1905.35</DistanceMeters>
						<HeartRateBpm>
							<Value>135</Value>
						</HeartRateBpm>
						<Extensions>
							<ns3:TPX>
								<ns3:Speed>1.93</ns3:Speed>
								<ns3:Watts>117</ns3:Watts>
							</ns3:TPX>
						</Extensions>
					</Trackpoint>
					<Trackpoint>
						<Time>2025-01-28T14:32:00.885Z</Time>
						<Position>
							<LatitudeDegrees>47.964608955</LatitudeDegrees>
							<LongitudeDegrees>7.787055812</LongitudeDegrees>
						</Position>
						<AltitudeMeters>388.56</AltitudeMeters>
						<DistanceMeters>1910.87</DistanceMeters>
						<HeartRateBpm>
							<Value>135</Value>
						</HeartRateBpm>
						<Extensions>
							<ns3:TPX>
								<ns3:Speed>1.89</ns3:Speed>
								<ns3:Watts>118</ns3:Watts>
							</ns3:TPX>
						</Extensions>
					</Trackpoint>
					<Trackpoint>
						<Time>2025-01-28T14:32:02.885Z</Time>
						<Position>
							<LatitudeDegrees>47.964640837</LatitudeDegrees>
							<LongitudeDegrees>7.787108669</LongitudeDegrees>
						</Position>
						<AltitudeMeters>388.19</AltitudeMeters>
						<DistanceMeters>1916.17</DistanceMeters>
						<HeartRateBpm>
							<Value>135</Value>
						</HeartRateBpm>
						<Extensions>
							<ns3:TPX>
								<ns3:Speed>1.89</ns3:Speed>
								<ns3:Watts>121</ns3:Watts>
							</ns3:TPX>
						</Extensions>
					</Trackpoint>
					<Trackpoint>
						<Time>2025-01-28T14:32:04.883Z</Time>
						<Position>
							<LatitudeDegrees>47.964670468</LatitudeDegrees>
							<LongitudeDegrees>7.787164397</LongitudeDegrees>
						</Position>
						<AltitudeMeters>387.75</AltitudeMeters>
						<DistanceMeters>1921.48</DistanceMeters>
						<HeartRateBpm>
							<Value>135</Value>
						</HeartRateBpm>
						<Extensions>
							<ns3:TPX>
								<ns3:Speed>1.91</ns3:Speed>
								<ns3:Watts>108</ns3:Watts>
							</ns3:TPX>
						</Extensions>
					</Trackpoint>
					<Trackpoint>
						<Time>2025-01-28T14:32:06.885Z</Time>
						<Position>
							<LatitudeDegrees>47.964701565</LatitudeDegrees>
							<LongitudeDegrees>7.787221126</LongitudeDegrees>
						</Position>
						<AltitudeMeters>387.72</AltitudeMeters>
						<DistanceMeters>1926.95</DistanceMeters>
						<HeartRateBpm>
							<Value>134</Value>
						</HeartRateBpm>
						<Extensions>
							<ns3:TPX>
								<ns3:Speed>1.96</ns3:Speed>
								<ns3:Watts>88</ns3:Watts>
							</ns3:TPX>
						</Extensions>
					</Trackpoint>
					<Trackpoint>
						<Time>2025-01-28T14:32:08.885Z</Time>
						<Position>
							<LatitudeDegrees>47.964742782</LatitudeDegrees>
							<LongitudeDegrees>7.787274841</LongitudeDegrees>
						</Position>
						<AltitudeMeters>389.51</AltitudeMeters>
						<DistanceMeters>1933.04</DistanceMeters>
						<HeartRateBpm>
							<Value>134</Value>
						</HeartRateBpm>
						<Extensions>
							<ns3:TPX>
								<ns3:Speed>1.87</ns3:Speed>
								<ns3:Watts>85</ns3:Watts>
							</ns3:TPX>
						</Extensions>
					</Trackpoint>
					<Trackpoint>
						<Time>2025-01-28T14:32:10.885Z</Time>
						<Position>
							<LatitudeDegrees>47.964770093</LatitudeDegrees>
							<LongitudeDegrees>7.787333417</LongitudeDegrees>
						</Position>
						<AltitudeMeters>389.57</AltitudeMeters>
						<DistanceMeters>1938.37</DistanceMeters>
						<HeartRateBpm>
							<Value>134</Value>
						</HeartRateBpm>
						<Extensions>
							<ns3:TPX>
								<ns3:Speed>1.84</ns3:Speed>
								<ns3:Watts>105</ns3:Watts>
							</ns3:TPX>
						</Extensions>
					</Trackpoint>
					<Trackpoint>
						<Time>2025-01-28T14:32:12.881Z</Time>
						<Position>
							<LatitudeDegrees>47.964804017</LatitudeDegrees>
							<LongitudeDegrees>7.787385300</LongitudeDegrees>
						</Position>
						<AltitudeMeters>388.73</AltitudeMeters>
						<DistanceMeters>1943.77</DistanceMeters>
						<HeartRateBpm>
							<Value>134</Value>
						</HeartRateBpm>
						<Extensions>
							<ns3:TPX>
								<ns3:Speed>1.90</ns3:Speed>
								<ns3:Watts>125</ns3:Watts>
							</ns3:TPX>
						</Extensions>
					</Trackpoint>
					<Trackpoint>
						<Time>2025-01-28T14:32:14.881Z</Time>
						<Position>
							<LatitudeDegrees>47.964833652</LatitudeDegrees>
							<LongitudeDegrees>7.787441625</LongitudeDegrees>
						</Position>
						<AltitudeMeters>389.28</AltitudeMeters>
						<DistanceMeters>1949.12</DistanceMeters>
						<HeartRateBpm>
							<Value>134</Value>
						</HeartRateBpm>
						<Extensions>
							<ns3:TPX>
								<ns3:Speed>1.92</ns3:Speed>
								<ns3:Watts>123</ns3:Watts>
							</ns3:TPX>
						</Extensions>
					</Trackpoint>
					<Trackpoint>
						<Time>2025-01-28T14:32:16.882Z</Time>
						<Position>
							<LatitudeDegrees>47.964868560</LatitudeDegrees>
							<LongitudeDegrees>7.787492115</LongitudeDegrees>
						</Position>
						<AltitudeMeters>389.67</AltitudeMeters>
						<DistanceMeters>1954.53</DistanceMeters>
						<HeartRateBpm>
							<Value>134</Value>
						</HeartRateBpm>
						<Extensions>
							<ns3:TPX>
								<ns3:Speed>1.91</ns3:Speed>
								<ns3:Watts>117</ns3:Watts>
							</ns3:TPX>
						</Extensions>
					</Trackpoint>
					<Trackpoint>
						<Time>2025-01-28T14:32:18.881Z</Time>
						<Position>
							<LatitudeDegrees>47.964902590</LatitudeDegrees>
							<LongitudeDegrees>7.787540648</LongitudeDegrees>
						</Position>
						<AltitudeMeters>390.07</AltitudeMeters>
						<DistanceMeters>1959.77</DistanceMeters>
						<HeartRateBpm>
							<Value>135</Value>
						</HeartRateBpm>
						<Extensions>
							<ns3:TPX>
								<ns3:Speed>1.87</ns3:Speed>
								<ns3:Watts>129</ns3:Watts>
							</ns3:TPX>
						</Extensions>
					</Trackpoint>
					<Trackpoint>
						<Time>2025-01-28T14:32:21.880Z</Time>
						<Position>
							<LatitudeDegrees>47.964949945</LatitudeDegrees>
							<LongitudeDegrees>7.787610042</LongitudeDegrees>
						</Position>
						<AltitudeMeters>391.37</AltitudeMeters>
						<DistanceMeters>1967.16</DistanceMeters>
						<HeartRateBpm>
							<Value>135</Value>
						</HeartRateBpm>
						<Extensions>
							<ns3:TPX>
								<ns3:Speed>1.87</ns3:Speed>
								<ns3:Watts>145</ns3:Watts>
							</ns3:TPX>
						</Extensions>
					</Trackpoint>
					<Trackpoint>
						<Time>2025-01-28T14:32:23.880Z</Time>
						<Position>
							<LatitudeDegrees>47.964985125</LatitudeDegrees>
							<LongitudeDegrees>7.787654720</LongitudeDegrees>
						</Position>
						<AltitudeMeters>391.28</AltitudeMeters>
						<DistanceMeters>1972.30</DistanceMeters>
						<HeartRateBpm>
							<Value>135</Value>
						</HeartRateBpm>
						<Extensions>
							<ns3:TPX>
								<ns3:Speed>1.86</ns3:Speed>
								<ns3:Watts>124</ns3:Watts>
							</ns3:TPX>
						</Extensions>
					</Trackpoint>
					<Trackpoint>
						<Time>2025-01-28T14:32:26.881Z</Time>
						<Position>
							<LatitudeDegrees>47.965032967</LatitudeDegrees>
							<LongitudeDegrees>7.787722518</LongitudeDegrees>
						</Position>
						<AltitudeMeters>390.65</AltitudeMeters>
						<DistanceMeters>1979.64</DistanceMeters>
						<HeartRateBpm>
							<Value>135</Value>
						</HeartRateBpm>
						<Extensions>
							<ns3:TPX>
								<ns3:Speed>1.87</ns3:Speed>
								<ns3:Watts>116</ns3:Watts>
							</ns3:TPX>
						</Extensions>
					</Trackpoint>
					<Trackpoint>
						<Time>2025-01-28T14:32:29.883Z</Time>
						<Position>
							<LatitudeDegrees>47.965070083</LatitudeDegrees>
							<LongitudeDegrees>7.787795476</LongitudeDegrees>
						</Position>
						<AltitudeMeters>390.58</AltitudeMeters>
						<DistanceMeters>1986.48</DistanceMeters>
						<HeartRateBpm>
							<Value>135</Value>
						</HeartRateBpm>
						<Extensions>
							<ns3:TPX>
								<ns3:Speed>1.88</ns3:Speed>
								<ns3:Watts>142</ns3:Watts>
							</ns3:TPX>
						</Extensions>
					</Trackpoint>
					<Trackpoint>
						<Time>2025-01-28T14:32:32.877Z</Time>
						<Position>
							<LatitudeDegrees>47.965117281</LatitudeDegrees>
							<LongitudeDegrees>7.787860783</LongitudeDegrees>
						</Position>
						<AltitudeMeters>391.21</AltitudeMeters>
						<DistanceMeters>1993.64</DistanceMeters>
						<HeartRateBpm>
							<Value>135</Value>
						</HeartRateBpm>
						<Extensions>
							<ns3:TPX>
								<ns3:Speed>1.87</ns3:Speed>
								<ns3:Watts>146</ns3:Watts>
							</ns3:TPX>
						</Extensions>
					</Trackpoint>
					<Trackpoint>
						<Time>2025-01-28T14:32:35.881Z</Time>
						<Position>
							<LatitudeDegrees>47.965163377</LatitudeDegrees>
							<LongitudeDegrees>7.787923419</LongitudeDegrees>
						</Position>
						<AltitudeMeters>391.62</AltitudeMeters>
						<DistanceMeters>2000.58</DistanceMeters>
						<HeartRateBpm>
							<Value>135</Value>
						</HeartRateBpm>
						<Extensions>
							<ns3:TPX>
								<ns3:Speed>1.86</ns3:Speed>
								<ns3:Watts>130</ns3:Watts>
							</ns3:TPX>
						</Extensions>
					</Trackpoint>
					<Trackpoint>
						<Time>2025-01-28T14:32:38.879Z</Time>
						<Position>
							<LatitudeDegrees>47.965202076</LatitudeDegrees>
							<LongitudeDegrees>7.787990887</LongitudeDegrees>
						</Position>
						<AltitudeMeters>392.35</AltitudeMeters>
						<DistanceMeters>2007.21</DistanceMeters>
						<HeartRateBpm>
							<Value>135</Value>
						</HeartRateBpm>
						<Extensions>
							<ns3:TPX>
								<ns3:Speed>1.85</ns3:Speed>
								<ns3:Watts>144</ns3:Watts>
							</ns3:TPX>
						</Extensions>
					</Trackpoint>
					<Trackpoint>
						<Time>2025-01-28T14:32:41.881Z</Time>
						<Position>
							<LatitudeDegrees>47.965244661</LatitudeDegrees>
							<LongitudeDegrees>7.788051954</LongitudeDegrees>
						</Position>
						<AltitudeMeters>392.95</AltitudeMeters>
						<DistanceMeters>2013.78</DistanceMeters>
						<HeartRateBpm>
							<Value>135</Value>
						</HeartRateBpm>
						<Extensions>
							<ns3:TPX>
								<ns3:Speed>1.86</ns3:Speed>
								<ns3:Watts>135</ns3:Watts>
							</ns3:TPX>
						</Extensions>
					</Trackpoint>
					<Trackpoint>
						<Time>2025-01-28T14:32:44.879Z</Time>
						<Position>
							<LatitudeDegrees>47.965289032</LatitudeDegrees>
							<LongitudeDegrees>7.788112759</LongitudeDegrees>
						</Position>
						<AltitudeMeters>393.13</AltitudeMeters>
						<DistanceMeters>2020.49</DistanceMeters>
						<HeartRateBpm>
							<Value>136</Value>
						</HeartRateBpm>
						<Extensions>
							<ns3:TPX>
								<ns3:Speed>1.86</ns3:Speed>
								<ns3:Watts>116</ns3:Watts>
							</ns3:TPX>
						</Extensions>
					</Trackpoint>
					<Trackpoint>
						<Time>2025-01-28T14:32:47.879Z</Time>
						<Position>
							<LatitudeDegrees>47.965335018</LatitudeDegrees>
							<LongitudeDegrees>7.788167567</LongitudeDegrees>
						</Position>
						<AltitudeMeters>392.94</AltitudeMeters>
						<DistanceMeters>2027.03</DistanceMeters>
						<HeartRateBpm>
							<Value>136</Value>
						</HeartRateBpm>
						<Extensions>
							<ns3:TPX>
								<ns3:Speed>1.82</ns3:Speed>
								<ns3:Watts>130</ns3:Watts>
							</ns3:TPX>
						</Extensions>
					</Trackpoint>
					<Trackpoint>
						<Time>2025-01-28T14:32:50.880Z</Time>
						<Position>
							<LatitudeDegrees>47.965375380</LatitudeDegrees>
							<LongitudeDegrees>7.788227877</LongitudeDegrees>
						</Position>
						<AltitudeMeters>394.21</AltitudeMeters>
						<DistanceMeters>2033.39</DistanceMeters>
						<HeartRateBpm>
							<Value>136</Value>
						</HeartRateBpm>
						<Extensions>
							<ns3:TPX>
								<ns3:Speed>1.68</ns3:Speed>
								<ns3:Watts>142</ns3:Watts>
							</ns3:TPX>
						</Extensions>
					</Trackpoint>
					<Trackpoint>
						<Time>2025-01-28T14:32:53.880Z</Time>
						<Position>
							<LatitudeDegrees>47.965413952</LatitudeDegrees>
							<LongitudeDegrees>7.788273577</LongitudeDegrees>
						</Position>
						<AltitudeMeters>395.39</AltitudeMeters>
						<DistanceMeters>2038.87</DistanceMeters>
						<HeartRateBpm>
							<Value>136</Value>
						</HeartRateBpm>
						<Extensions>
							<ns3:TPX>
								<ns3:Speed>1.68</ns3:Speed>
								<ns3:Watts>164</ns3:Watts>
							</ns3:TPX>
						</Extensions>
					</Trackpoint>
					<Trackpoint>
						<Time>2025-01-28T14:32:56.878Z</Time>
						<Position>
							<LatitudeDegrees>47.965448447</LatitudeDegrees>
							<LongitudeDegrees>7.788334469</LongitudeDegrees>
						</Position>
						<AltitudeMeters>394.58</AltitudeMeters>
						<DistanceMeters>2044.82</DistanceMeters>
						<HeartRateBpm>
							<Value>137</Value>
						</HeartRateBpm>
						<Extensions>
							<ns3:TPX>
								<ns3:Speed>1.73</ns3:Speed>
								<ns3:Watts>150</ns3:Watts>
							</ns3:TPX>
						</Extensions>
					</Trackpoint>
					<Trackpoint>
						<Time>2025-01-28T14:32:59.881Z</Time>
						<Position>
							<LatitudeDegrees>47.965487268</LatitudeDegrees>
							<LongitudeDegrees>7.788388172</LongitudeDegrees>
						</Position>
						<AltitudeMeters>394.76</AltitudeMeters>
						<DistanceMeters>2050.72</DistanceMeters>
						<HeartRateBpm>
							<Value>137</Value>
						</HeartRateBpm>
						<Extensions>
							<ns3:TPX>
								<ns3:Speed>1.73</ns3:Speed>
								<ns3:Watts>133</ns3:Watts>
							</ns3:TPX>
						</Extensions>
					</Trackpoint>
					<Trackpoint>
						<Time>2025-01-28T14:33:02.881Z</Time>
						<Position>
							<LatitudeDegrees>47.965525809</LatitudeDegrees>
							<LongitudeDegrees>7.788443813</LongitudeDegrees>
						</Position>
						<AltitudeMeters>395.53</AltitudeMeters>
						<DistanceMeters>2056.68</DistanceMeters>
						<HeartRateBpm>
							<Value>138</Value>
						</HeartRateBpm>
						<Extensions>
							<ns3:TPX>
								<ns3:Speed>1.70</ns3:Speed>
								<ns3:Watts>123</ns3:Watts>
							</ns3:TPX>
						</Extensions>
					</Trackpoint>
					<Trackpoint>
						<Time>2025-01-28T14:33:05.884Z</Time>
						<Position>
							<LatitudeDegrees>47.965560035</LatitudeDegrees>
							<LongitudeDegrees>7.788491414</LongitudeDegrees>
						</Position>
						<AltitudeMeters>395.95</AltitudeMeters>
						<DistanceMeters>2061.89</DistanceMeters>
						<HeartRateBpm>
							<Value>138</Value>
						</HeartRateBpm>
						<Extensions>
							<ns3:TPX>
								<ns3:Speed>1.66</ns3:Speed>
								<ns3:Watts>110</ns3:Watts>
							</ns3:TPX>
						</Extensions>
					</Trackpoint>
					<Trackpoint>
						<Time>2025-01-28T14:33:08.875Z</Time>
						<Position>
							<LatitudeDegrees>47.965599135</LatitudeDegrees>
							<LongitudeDegrees>7.788535313</LongitudeDegrees>
						</Position>
						<AltitudeMeters>397.23</AltitudeMeters>
						<DistanceMeters>2067.34</DistanceMeters>
						<HeartRateBpm>
							<Value>139</Value>
						</HeartRateBpm>
						<Extensions>
							<ns3:TPX>
								<ns3:Speed>1.65</ns3:Speed>
								<ns3:Watts>125</ns3:Watts>
							</ns3:TPX>
						</Extensions>
					</Trackpoint>
					<Trackpoint>
						<Time>2025-01-28T14:33:11.885Z</Time>
						<Position>
							<LatitudeDegrees>47.965631266</LatitudeDegrees>
							<LongitudeDegrees>7.788589496</LongitudeDegrees>
						</Position>
						<AltitudeMeters>397.93</AltitudeMeters>
						<DistanceMeters>2072.74</DistanceMeters>
						<HeartRateBpm>
							<Value>140</Value>
						</HeartRateBpm>
						<Extensions>
							<ns3:TPX>
								<ns3:Speed>1.67</ns3:Speed>
								<ns3:Watts>127</ns3:Watts>
							</ns3:TPX>
						</Extensions>
					</Trackpoint>
					<Trackpoint>
						<Time>2025-01-28T14:33:14.884Z</Time>
						<Position>
							<LatitudeDegrees>47.965669657</LatitudeDegrees>
							<LongitudeDegrees>7.788637900</LongitudeDegrees>
						</Position>
						<AltitudeMeters>397.28</AltitudeMeters>
						<DistanceMeters>2078.33</DistanceMeters>
						<HeartRateBpm>
							<Value>139</Value>
						</HeartRateBpm>
						<Extensions>
							<ns3:TPX>
								<ns3:Speed>1.69</ns3:Speed>
								<ns3:Watts>97</ns3:Watts>
							</ns3:TPX>
						</Extensions>
					</Trackpoint>
					<Trackpoint>
						<Time>2025-01-28T14:33:17.884Z</Time>
						<Position>
							<LatitudeDegrees>47.965709774</LatitudeDegrees>
							<LongitudeDegrees>7.788681930</LongitudeDegrees>
						</Position>
						<AltitudeMeters>397.41</AltitudeMeters>
						<DistanceMeters>2083.87</DistanceMeters>
						<HeartRateBpm>
							<Value>140</Value>
						</HeartRateBpm>
						<Extensions>
							<ns3:TPX>
								<ns3:Speed>1.70</ns3:Speed>
								<ns3:Watts>102</ns3:Watts>
							</ns3:TPX>
						</Extensions>
					</Trackpoint>
					<Trackpoint>
						<Time>2025-01-28T14:33:20.883Z</Time>
						<Position>
							<LatitudeDegrees>47.965747921</LatitudeDegrees>
							<LongitudeDegrees>7.788727958</LongitudeDegrees>
						</Position>
						<AltitudeMeters>398.12</AltitudeMeters>
						<DistanceMeters>2089.33</DistanceMeters>
						<HeartRateBpm>
							<Value>140</Value>
						</HeartRateBpm>
						<Extensions>
							<ns3:TPX>
								<ns3:Speed>1.76</ns3:Speed>
								<ns3:Watts>122</ns3:Watts>
							</ns3:TPX>
						</Extensions>
					</Trackpoint>
					<Trackpoint>
						<Time>2025-01-28T14:33:23.884Z</Time>
						<Position>
							<LatitudeDegrees>47.965785190</LatitudeDegrees>
							<LongitudeDegrees>7.788774494</LongitudeDegrees>
						</Position>
						<AltitudeMeters>398.46</AltitudeMeters>
						<DistanceMeters>2094.74</DistanceMeters>
						<HeartRateBpm>
							<Value>140</Value>
						</HeartRateBpm>
						<Extensions>
							<ns3:TPX>
								<ns3:Speed>1.72</ns3:Speed>
								<ns3:Watts>118</ns3:Watts>
							</ns3:TPX>
						</Extensions>
					</Trackpoint>
					<Trackpoint>
						<Time>2025-01-28T14:33:26.884Z</Time>
						<Position>
							<LatitudeDegrees>47.965815590</LatitudeDegrees>
							<LongitudeDegrees>7.788823934</LongitudeDegrees>
						</Position>
						<AltitudeMeters>398.28</AltitudeMeters>
						<DistanceMeters>2099.74</DistanceMeters>
						<HeartRateBpm>
							<Value>140</Value>
						</HeartRateBpm>
						<Extensions>
							<ns3:TPX>
								<ns3:Speed>1.69</ns3:Speed>
								<ns3:Watts>106</ns3:Watts>
							</ns3:TPX>
						</Extensions>
					</Trackpoint>
					<Trackpoint>
						<Time>2025-01-28T14:33:29.884Z</Time>
						<Position>
							<LatitudeDegrees>47.965849213</LatitudeDegrees>
							<LongitudeDegrees>7.788875082</LongitudeDegrees>
						</Position>
						<AltitudeMeters>398.05</AltitudeMeters>
						<DistanceMeters>2105.09</DistanceMeters>
						<HeartRateBpm>
							<Value>141</Value>
						</HeartRateBpm>
						<Extensions>
							<ns3:TPX>
								<ns3:Speed>1.83</ns3:Speed>
								<ns3:Watts>111</ns3:Watts>
							</ns3:TPX>
						</Extensions>
					</Trackpoint>
					<Trackpoint>
						<Time>2025-01-28T14:33:32.883Z</Time>
						<Position>
							<LatitudeDegrees>47.965887995</LatitudeDegrees>
							<LongitudeDegrees>7.788932128</LongitudeDegrees>
						</Position>
						<AltitudeMeters>400.05</AltitudeMeters>
						<DistanceMeters>2111.15</DistanceMeters>
						<HeartRateBpm>
							<Value>141</Value>
						</HeartRateBpm>
						<Extensions>
							<ns3:TPX>
								<ns3:Speed>1.88</ns3:Speed>
								<ns3:Watts>122</ns3:Watts>
							</ns3:TPX>
						</Extensions>
					</Trackpoint>
					<Trackpoint>
						<Time>2025-01-28T14:33:36.886Z</Time>
						<Position>
							<LatitudeDegrees>47.965936635</LatitudeDegrees>
							<LongitudeDegrees>7.788988639</LongitudeDegrees>
						</Position>
						<AltitudeMeters>399.16</AltitudeMeters>
						<DistanceMeters>2118.01</DistanceMeters>
						<HeartRateBpm>
							<Value>141</Value>
						</HeartRateBpm>
						<Extensions>
							<ns3:TPX>
								<ns3:Speed>1.83</ns3:Speed>
								<ns3:Watts>102</ns3:Watts>
							</ns3:TPX>
						</Extensions>
					</Trackpoint>
					<Trackpoint>
						<Time>2025-01-28T14:33:39.877Z</Time>
						<Position>
							<LatitudeDegrees>47.965970008</LatitudeDegrees>
							<LongitudeDegrees>7.789042513</LongitudeDegrees>
						</Position>
						<AltitudeMeters>399.32</AltitudeMeters>
						<DistanceMeters>2123.48</DistanceMeters>
						<HeartRateBpm>
							<Value>141</Value>
						</HeartRateBpm>
						<Extensions>
							<ns3:TPX>
								<ns3:Speed>1.76</ns3:Speed>
								<ns3:Watts>113</ns3:Watts>
							</ns3:TPX>
						</Extensions>
					</Trackpoint>
					<Trackpoint>
						<Time>2025-01-28T14:33:42.883Z</Time>
						<Position>
							<LatitudeDegrees>47.966010238</LatitudeDegrees>
							<LongitudeDegrees>7.789087706</LongitudeDegrees>
						</Position>
						<AltitudeMeters>401.32</AltitudeMeters>
						<DistanceMeters>2129.09</DistanceMeters>
						<HeartRateBpm>
							<Value>141</Value>
						</HeartRateBpm>
						<Extensions>
							<ns3:TPX>
								<ns3:Speed>1.78</ns3:Speed>
								<ns3:Watts>125</ns3:Watts>
							</ns3:TPX>
						</Extensions>
					</Trackpoint>
					<Trackpoint>
						<Time>2025-01-28T14:33:45.883Z</Time>
						<Position>
							<LatitudeDegrees>47.966049886</LatitudeDegrees>
							<LongitudeDegrees>7.789130181</LongitudeDegrees>
						</Position>
						<AltitudeMeters>400.18</AltitudeMeters>
						<DistanceMeters>2134.52</DistanceMeters>
						<HeartRateBpm>
							<Value>141</Value>
						</HeartRateBpm>
						<Extensions>
							<ns3:TPX>
								<ns3:Speed>1.81</ns3:Speed>
								<ns3:Watts>108</ns3:Watts>
							</ns3:TPX>
						</Extensions>
					</Trackpoint>
					<Trackpoint>
						<Time>2025-01-28T14:33:48.883Z</Time>
						<Position>
							<LatitudeDegrees>47.966089036</LatitudeDegrees>
							<LongitudeDegrees>7.789176516</LongitudeDegrees>
						</Position>
						<AltitudeMeters>400.48</AltitudeMeters>
						<DistanceMeters>2140.08</DistanceMeters>
						<HeartRateBpm>
							<Value>141</Value>
						</HeartRateBpm>
						<Extensions>
							<ns3:TPX>
								<ns3:Speed>1.80</ns3:Speed>
								<ns3:Watts>101</ns3:Watts>
							</ns3:TPX>
						</Extensions>
					</Trackpoint>
					<Trackpoint>
						<Time>2025-01-28T14:33:51.884Z</Time>
						<Position>
							<LatitudeDegrees>47.966125070</LatitudeDegrees>
							<LongitudeDegrees>7.789221121</LongitudeDegrees>
						</Position>
						<AltitudeMeters>401.86</AltitudeMeters>
						<DistanceMeters>2145.29</DistanceMeters>
						<HeartRateBpm>
							<Value>140</Value>
						</HeartRateBpm>
						<Extensions>
							<ns3:TPX>
								<ns3:Speed>1.78</ns3:Speed>
								<ns3:Watts>120</ns3:Watts>
							</ns3:TPX>
						</Extensions>
					</Trackpoint>
					<Trackpoint>
						<Time>2025-01-28T14:33:55.886Z</Time>
						<Position>
							<LatitudeDegrees>47.966174498</LatitudeDegrees>
							<LongitudeDegrees>7.789271610</LongitudeDegrees>
						</Position>
						<AltitudeMeters>402.58</AltitudeMeters>
						<DistanceMeters>2151.95</DistanceMeters>
						<HeartRateBpm>
							<Value>140</Value>
						</HeartRateBpm>
						<Extensions>
							<ns3:TPX>
								<ns3:Speed>1.77</ns3:Speed>
								<ns3:Watts>122</ns3:Watts>
							</ns3:TPX>
						</Extensions>
					</Trackpoint>
					<Trackpoint>
						<Time>2025-01-28T14:33:58.883Z</Time>
						<Position>
							<LatitudeDegrees>47.966216501</LatitudeDegrees>
							<LongitudeDegrees>7.789301795</LongitudeDegrees>
						</Position>
						<AltitudeMeters>401.59</AltitudeMeters>
						<DistanceMeters>2157.14</DistanceMeters>
						<HeartRateBpm>
							<Value>140</Value>
						</HeartRateBpm>
						<Extensions>
							<ns3:TPX>
								<ns3:Speed>1.78</ns3:Speed>
								<ns3:Watts>97</ns3:Watts>
							</ns3:TPX>
						</Extensions>
					</Trackpoint>
					<Trackpoint>
						<Time>2025-01-28T14:34:01.884Z</Time>
						<Position>
							<LatitudeDegrees>47.966252785</LatitudeDegrees>
							<LongitudeDegrees>7.789347597</LongitudeDegrees>
						</Position>
						<AltitudeMeters>401.44</AltitudeMeters>
						<DistanceMeters>2162.43</DistanceMeters>
						<HeartRateBpm>
							<Value>141</Value>
						</HeartRateBpm>
						<Extensions>
							<ns3:TPX>
								<ns3:Speed>1.78</ns3:Speed>
								<ns3:Watts>111</ns3:Watts>
							</ns3:TPX>
						</Extensions>
					</Trackpoint>
					<Trackpoint>
						<Time>2025-01-28T14:34:04.879Z</Time>
						<Position>
							<LatitudeDegrees>47.966303416</LatitudeDegrees>
							<LongitudeDegrees>7.789367041</LongitudeDegrees>
						</Position>
						<AltitudeMeters>403.47</AltitudeMeters>
						<DistanceMeters>2168.24</DistanceMeters>
						<HeartRateBpm>
							<Value>141</Value>
						</HeartRateBpm>
						<Extensions>
							<ns3:TPX>
								<ns3:Speed>1.79</ns3:Speed>
								<ns3:Watts>121</ns3:Watts>
							</ns3:TPX>
						</Extensions>
					</Trackpoint>
					<Trackpoint>
						<Time>2025-01-28T14:34:07.880Z</Time>
						<Position>
							<LatitudeDegrees>47.966349249</LatitudeDegrees>
							<LongitudeDegrees>7.789400117</LongitudeDegrees>
						</Position>
						<AltitudeMeters>402.90</AltitudeMeters>
						<DistanceMeters>2173.91</DistanceMeters>
						<HeartRateBpm>
							<Value>140</Value>
						</HeartRateBpm>
						<Extensions>
							<ns3:TPX>
								<ns3:Speed>1.79</ns3:Speed>
								<ns3:Watts>101</ns3:Watts>
							</ns3:TPX>
						</Extensions>
					</Trackpoint>
					<Trackpoint>
						<Time>2025-01-28T14:34:10.883Z</Time>
						<Position>
							<LatitudeDegrees>47.966388744</LatitudeDegrees>
							<LongitudeDegrees>7.789437540</LongitudeDegrees>
						</Position>
						<AltitudeMeters>402.58</AltitudeMeters>
						<DistanceMeters>2179.11</DistanceMeters>
						<HeartRateBpm>
							<Value>139</Value>
						</HeartRateBpm>
						<Extensions>
							<ns3:TPX>
								<ns3:Speed>1.73</ns3:Speed>
								<ns3:Watts>117</ns3:Watts>
							</ns3:TPX>
						</Extensions>
					</Trackpoint>
					<Trackpoint>
						<Time>2025-01-28T14:34:13.877Z</Time>
						<Position>
							<LatitudeDegrees>47.966426932</LatitudeDegrees>
							<LongitudeDegrees>7.789474315</LongitudeDegrees>
						</Position>
						<AltitudeMeters>404.51</AltitudeMeters>
						<DistanceMeters>2184.17</DistanceMeters>
						<HeartRateBpm>
							<Value>139</Value>
						</HeartRateBpm>
						<Extensions>
							<ns3:TPX>
								<ns3:Speed>1.75</ns3:Speed>
								<ns3:Watts>149</ns3:Watts>
							</ns3:TPX>
						</Extensions>
					</Trackpoint>
					<Trackpoint>
						<Time>2025-01-28T14:34:16.883Z</Time>
						<Position>
							<LatitudeDegrees>47.966472046</LatitudeDegrees>
							<LongitudeDegrees>7.789500219</LongitudeDegrees>
						</Position>
						<AltitudeMeters>403.65</AltitudeMeters>
						<DistanceMeters>2189.55</DistanceMeters>
						<HeartRateBpm>
							<Value>138</Value>
						</HeartRateBpm>
						<Extensions>
							<ns3:TPX>
								<ns3:Speed>1.76</ns3:Speed>
								<ns3:Watts>144</ns3:Watts>
							</ns3:TPX>
						</Extensions>
					</Trackpoint>
					<Trackpoint>
						<Time>2025-01-28T14:34:19.883Z</Time>
						<Position>
							<LatitudeDegrees>47.966514922</LatitudeDegrees>
							<LongitudeDegrees>7.789533433</LongitudeDegrees>
						</Position>
						<AltitudeMeters>404.96</AltitudeMeters>
						<DistanceMeters>2194.92</DistanceMeters>
						<HeartRateBpm>
							<Value>138</Value>
						</HeartRateBpm>
						<Extensions>
							<ns3:TPX>
								<ns3:Speed>1.77</ns3:Speed>
								<ns3:Watts>124</ns3:Watts>
							</ns3:TPX>
						</Extensions>
					</Trackpoint>
					<Trackpoint>
						<Time>2025-01-28T14:34:22.885Z</Time>
						<Position>
							<LatitudeDegrees>47.966553295</LatitudeDegrees>
							<LongitudeDegrees>7.789575651</LongitudeDegrees>
						</Position>
						<AltitudeMeters>404.80</AltitudeMeters>
						<DistanceMeters>2200.22</DistanceMeters>
						<HeartRateBpm>
							<Value>138</Value>
						</HeartRateBpm>
						<Extensions>
							<ns3:TPX>
								<ns3:Speed>1.75</ns3:Speed>
								<ns3:Watts>144</ns3:Watts>
							</ns3:TPX>
						</Extensions>
					</Trackpoint>
					<Trackpoint>
						<Time>2025-01-28T14:34:25.882Z</Time>
						<Position>
							<LatitudeDegrees>47.966594676</LatitudeDegrees>
							<LongitudeDegrees>7.789613167</LongitudeDegrees>
						</Position>
						<AltitudeMeters>407.03</AltitudeMeters>
						<DistanceMeters>2205.61</DistanceMeters>
						<HeartRateBpm>
							<Value>138</Value>
						</HeartRateBpm>
						<Extensions>
							<ns3:TPX>
								<ns3:Speed>1.75</ns3:Speed>
								<ns3:Watts>174</ns3:Watts>
							</ns3:TPX>
						</Extensions>
					</Trackpoint>
					<Trackpoint>
						<Time>2025-01-28T14:34:28.878Z</Time>
						<Position>
							<LatitudeDegrees>47.966636725</LatitudeDegrees>
							<LongitudeDegrees>7.789649228</LongitudeDegrees>
						</Position>
						<AltitudeMeters>406.91</AltitudeMeters>
						<DistanceMeters>2211.01</DistanceMeters>
						<HeartRateBpm>
							<Value>138</Value>
						</HeartRateBpm>
						<Extensions>
							<ns3:TPX>
								<ns3:Speed>1.74</ns3:Speed>
								<ns3:Watts>159</ns3:Watts>
							</ns3:TPX>
						</Extensions>
					</Trackpoint>
					<Trackpoint>
						<Time>2025-01-28T14:34:31.879Z</Time>
						<Position>
							<LatitudeDegrees>47.966679099</LatitudeDegrees>
							<LongitudeDegrees>7.789681482</LongitudeDegrees>
						</Position>
						<AltitudeMeters>408.17</AltitudeMeters>
						<DistanceMeters>2216.30</DistanceMeters>
						<HeartRateBpm>
							<Value>137</Value>
						</HeartRateBpm>
						<Extensions>
							<ns3:TPX>
								<ns3:Speed>1.75</ns3:Speed>
								<ns3:Watts>124</ns3:Watts>
							</ns3:TPX>
						</Extensions>
					</Trackpoint>
					<Trackpoint>
						<Time>2025-01-28T14:34:34.880Z</Time>
						<Position>
							<LatitudeDegrees>47.966721483</LatitudeDegrees>
							<LongitudeDegrees>7.789715465</LongitudeDegrees>
						</Position>
						<AltitudeMeters>408.86</AltitudeMeters>
						<DistanceMeters>2221.65</DistanceMeters>
						<HeartRateBpm>
							<Value>137</Value>
						</HeartRateBpm>
						<Extensions>
							<ns3:TPX>
								<ns3:Speed>1.74</ns3:Speed>
								<ns3:Watts>103</ns3:Watts>
							</ns3:TPX>
						</Extensions>
					</Trackpoint>
					<Trackpoint>
						<Time>2025-01-28T14:34:37.879Z</Time>
						<Position>
							<LatitudeDegrees>47.966763211</LatitudeDegrees>
							<LongitudeDegrees>7.789755279</LongitudeDegrees>
						</Position>
						<AltitudeMeters>410.27</AltitudeMeters>
						<DistanceMeters>2227.16</DistanceMeters>
						<HeartRateBpm>
							<Value>137</Value>
						</HeartRateBpm>
						<Extensions>
							<ns3:TPX>
								<ns3:Speed>1.75</ns3:Speed>
								<ns3:Watts>108</ns3:Watts>
							</ns3:TPX>
						</Extensions>
					</Trackpoint>
					<Trackpoint>
						<Time>2025-01-28T14:34:40.879Z</Time>
						<Position>
							<LatitudeDegrees>47.966810964</LatitudeDegrees>
							<LongitudeDegrees>7.789785446</LongitudeDegrees>
						</Position>
						<AltitudeMeters>410.40</AltitudeMeters>
						<DistanceMeters>2232.93</DistanceMeters>
						<HeartRateBpm>
							<Value>137</Value>
						</HeartRateBpm>
						<Extensions>
							<ns3:TPX>
								<ns3:Speed>1.76</ns3:Speed>
								<ns3:Watts>131</ns3:Watts>
							</ns3:TPX>
						</Extensions>
					</Trackpoint>
					<Trackpoint>
						<Time>2025-01-28T14:34:43.879Z</Time>
						<Position>
							<LatitudeDegrees>47.966862697</LatitudeDegrees>
							<LongitudeDegrees>7.789810164</LongitudeDegrees>
						</Position>
						<AltitudeMeters>409.85</AltitudeMeters>
						<DistanceMeters>2238.97</DistanceMeters>
						<HeartRateBpm>
							<Value>137</Value>
						</HeartRateBpm>
						<Extensions>
							<ns3:TPX>
								<ns3:Speed>1.76</ns3:Speed>
								<ns3:Watts>156</ns3:Watts>
							</ns3:TPX>
						</Extensions>
					</Trackpoint>
					<Trackpoint>
						<Time>2025-01-28T14:34:46.879Z</Time>
						<Position>
							<LatitudeDegrees>47.966912969</LatitudeDegrees>
							<LongitudeDegrees>7.789830277</LongitudeDegrees>
						</Position>
						<AltitudeMeters>410.44</AltitudeMeters>
						<DistanceMeters>2244.76</DistanceMeters>
						<HeartRateBpm>
							<Value>138</Value>
						</HeartRateBpm>
						<Extensions>
							<ns3:TPX>
								<ns3:Speed>1.75</ns3:Speed>
								<ns3:Watts>144</ns3:Watts>
							</ns3:TPX>
						</Extensions>
					</Trackpoint>
					<Trackpoint>
						<Time>2025-01-28T14:34:49.881Z</Time>
						<Position>
							<LatitudeDegrees>47.966956923</LatitudeDegrees>
							<LongitudeDegrees>7.789851901</LongitudeDegrees>
						</Position>
						<AltitudeMeters>410.74</AltitudeMeters>
						<DistanceMeters>2249.91</DistanceMeters>
						<HeartRateBpm>
							<Value>137</Value>
						</HeartRateBpm>
						<Extensions>
							<ns3:TPX>
								<ns3:Speed>1.78</ns3:Speed>
								<ns3:Watts>138</ns3:Watts>
							</ns3:TPX>
						</Extensions>
					</Trackpoint>
					<Trackpoint>
						<Time>2025-01-28T14:34:52.880Z</Time>
						<Position>
							<LatitudeDegrees>47.966998120</LatitudeDegrees>
							<LongitudeDegrees>7.789885720</LongitudeDegrees>
						</Position>
						<AltitudeMeters>410.20</AltitudeMeters>
						<DistanceMeters>2255.14</DistanceMeters>
						<HeartRateBpm>
							<Value>137</Value>
						</HeartRateBpm>
						<Extensions>
							<ns3:TPX>
								<ns3:Speed>1.76</ns3:Speed>
								<ns3:Watts>146</ns3:Watts>
							</ns3:TPX>
						</Extensions>
					</Trackpoint>
					<Trackpoint>
						<Time>2025-01-28T14:34:55.879Z</Time>
						<Position>
							<LatitudeDegrees>47.967043392</LatitudeDegrees>
							<LongitudeDegrees>7.789918034</LongitudeDegrees>
						</Position>
						<AltitudeMeters>410.02</AltitudeMeters>
						<DistanceMeters>2260.72</DistanceMeters>
						<HeartRateBpm>
							<Value>138</Value>
						</HeartRateBpm>
						<Extensions>
							<ns3:TPX>
								<ns3:Speed>1.77</ns3:Speed>
								<ns3:Watts>149</ns3:Watts>
							</ns3:TPX>
						</Extensions>
					</Trackpoint>
					<Trackpoint>
						<Time>2025-01-28T14:34:58.880Z</Time>
						<Position>
							<LatitudeDegrees>47.967092397</LatitudeDegrees>
							<LongitudeDegrees>7.789973413</LongitudeDegrees>
						</Position>
						<AltitudeMeters>410.73</AltitudeMeters>
						<DistanceMeters>2267.56</DistanceMeters>
						<HeartRateBpm>
							<Value>138</Value>
						</HeartRateBpm>
						<Extensions>
							<ns3:TPX>
								<ns3:Speed>1.81</ns3:Speed>
								<ns3:Watts>157</ns3:Watts>
							</ns3:TPX>
						</Extensions>
					</Trackpoint>
					<Trackpoint>
						<Time>2025-01-28T14:35:01.880Z</Time>
						<Position>
							<LatitudeDegrees>47.967133829</LatitudeDegrees>
							<LongitudeDegrees>7.790043237</LongitudeDegrees>
						</Position>
						<AltitudeMeters>411.23</AltitudeMeters>
						<DistanceMeters>2274.52</DistanceMeters>
						<HeartRateBpm>
							<Value>138</Value>
						</HeartRateBpm>
						<Extensions>
							<ns3:TPX>
								<ns3:Speed>1.76</ns3:Speed>
								<ns3:Watts>176</ns3:Watts>
							</ns3:TPX>
						</Extensions>
					</Trackpoint>
					<Trackpoint>
						<Time>2025-01-28T14:35:04.878Z</Time>
						<Position>
							<LatitudeDegrees>47.967177625</LatitudeDegrees>
							<LongitudeDegrees>7.790103676</LongitudeDegrees>
						</Position>
						<AltitudeMeters>410.03</AltitudeMeters>
						<DistanceMeters>2281.16</DistanceMeters>
						<HeartRateBpm>
							<Value>139</Value>
						</HeartRateBpm>
						<Extensions>
							<ns3:TPX>
								<ns3:Speed>1.76</ns3:Speed>
								<ns3:Watts>162</ns3:Watts>
							</ns3:TPX>
						</Extensions>
					</Trackpoint>
					<Trackpoint>
						<Time>2025-01-28T14:35:07.880Z</Time>
						<Position>
							<LatitudeDegrees>47.967232655</LatitudeDegrees>
							<LongitudeDegrees>7.790157565</LongitudeDegrees>
						</Position>
						<AltitudeMeters>411.34</AltitudeMeters>
						<DistanceMeters>2288.48</DistanceMeters>
						<HeartRateBpm>
							<Value>139</Value>
						</HeartRateBpm>
						<Extensions>
							<ns3:TPX>
								<ns3:Speed>1.70</ns3:Speed>
								<ns3:Watts>132</ns3:Watts>
							</ns3:TPX>
						</Extensions>
					</Trackpoint>
					<Trackpoint>
						<Time>2025-01-28T14:35:10.878Z</Time>
						<Position>
							<LatitudeDegrees>47.967260896</LatitudeDegrees>
							<LongitudeDegrees>7.790231178</LongitudeDegrees>
						</Position>
						<AltitudeMeters>409.78</AltitudeMeters>
						<DistanceMeters>2294.81</DistanceMeters>
						<HeartRateBpm>
							<Value>139</Value>
						</HeartRateBpm>
						<Extensions>
							<ns3:TPX>
								<ns3:Speed>1.72</ns3:Speed>
								<ns3:Watts>140</ns3:Watts>
							</ns3:TPX>
						</Extensions>
					</Trackpoint>
					<Trackpoint>
						<Time>2025-01-28T14:35:13.880Z</Time>
						<Position>
							<LatitudeDegrees>47.967305807</LatitudeDegrees>
							<LongitudeDegrees>7.790293149</LongitudeDegrees>
						</Position>
						<AltitudeMeters>410.25</AltitudeMeters>
						<DistanceMeters>2301.62</DistanceMeters>
						<HeartRateBpm>
							<Value>139</Value>
						</HeartRateBpm>
						<Extensions>
							<ns3:TPX>
								<ns3:Speed>1.73</ns3:Speed>
								<ns3:Watts>149</ns3:Watts>
							</ns3:TPX>
						</Extensions>
					</Trackpoint>
					<Trackpoint>
						<Time>2025-01-28T14:35:16.882Z</Time>
						<Position>
							<LatitudeDegrees>47.967349696</LatitudeDegrees>
							<LongitudeDegrees>7.790364694</LongitudeDegrees>
						</Position>
						<AltitudeMeters>411.59</AltitudeMeters>
						<DistanceMeters>2308.86</DistanceMeters>
						<HeartRateBpm>
							<Value>140</Value>
						</HeartRateBpm>
						<Extensions>
							<ns3:TPX>
								<ns3:Speed>1.72</ns3:Speed>
								<ns3:Watts>147</ns3:Watts>
							</ns3:TPX>
						</Extensions>
					</Trackpoint>
					<Trackpoint>
						<Time>2025-01-28T14:35:19.880Z</Time>
						<Position>
							<LatitudeDegrees>47.967372902</LatitudeDegrees>
							<LongitudeDegrees>7.790449423</LongitudeDegrees>
						</Position>
						<AltitudeMeters>411.08</AltitudeMeters>
						<DistanceMeters>2315.69</DistanceMeters>
						<HeartRateBpm>
							<Value>140</Value>
						</HeartRateBpm>
						<Extensions>
							<ns3:TPX>
								<ns3:Speed>1.67</ns3:Speed>
								<ns3:Watts>145</ns3:Watts>
							</ns3:TPX>
						</Extensions>
					</Trackpoint>
					<Trackpoint>
						<Time>2025-01-28T14:35:22.882Z</Time>
						<Position>
							<LatitudeDegrees>47.967417763</LatitudeDegrees>
							<LongitudeDegrees>7.790513561</LongitudeDegrees>
						</Position>
						<AltitudeMeters>413.66</AltitudeMeters>
						<DistanceMeters>2322.60</DistanceMeters>
						<HeartRateBpm>
							<Value>141</Value>
						</HeartRateBpm>
						<Extensions>
							<ns3:TPX>
								<ns3:Speed>1.69</ns3:Speed>
								<ns3:Watts>136</ns3:Watts>
							</ns3:TPX>
						</Extensions>
					</Trackpoint>
					<Trackpoint>
						<Time>2025-01-28T14:35:25.881Z</Time>
						<Position>
							<LatitudeDegrees>47.967447128</LatitudeDegrees>
							<LongitudeDegrees>7.790589212</LongitudeDegrees>
						</Position>
						<AltitudeMeters>412.70</AltitudeMeters>
						<DistanceMeters>2329.13</DistanceMeters>
						<HeartRateBpm>
							<Value>141</Value>
						</HeartRateBpm>
						<Extensions>
							<ns3:TPX>
								<ns3:Speed>1.62</ns3:Speed>
								<ns3:Watts>123</ns3:Watts>
							</ns3:TPX>
						</Extensions>
					</Trackpoint>
					<Trackpoint>
						<Time>2025-01-28T14:35:28.884Z</Time>
						<Position>
							<LatitudeDegrees>47.967486171</LatitudeDegrees>
							<LongitudeDegrees>7.790651904</LongitudeDegrees>
						</Position>
						<AltitudeMeters>414.27</AltitudeMeters>
						<DistanceMeters>2335.51</DistanceMeters>
						<HeartRateBpm>
							<Value>141</Value>
						</HeartRateBpm>
						<Extensions>
							<ns3:TPX>
								<ns3:Speed>1.74</ns3:Speed>
								<ns3:Watts>145</ns3:Watts>
							</ns3:TPX>
						</Extensions>
					</Trackpoint>
					<Trackpoint>
						<Time>2025-01-28T14:35:30.883Z</Time>
						<Position>
							<LatitudeDegrees>47.967507988</LatitudeDegrees>
							<LongitudeDegrees>7.790714432</LongitudeDegrees>
						</Position>
						<AltitudeMeters>412.36</AltitudeMeters>
						<DistanceMeters>2340.78</DistanceMeters>
						<HeartRateBpm>
							<Value>142</Value>
						</HeartRateBpm>
						<Extensions>
							<ns3:TPX>
								<ns3:Speed>1.75</ns3:Speed>
								<ns3:Watts>130</ns3:Watts>
							</ns3:TPX>
						</Extensions>
					</Trackpoint>
					<Trackpoint>
						<Time>2025-01-28T14:35:33.884Z</Time>
						<Position>
							<LatitudeDegrees>47.967531914</LatitudeDegrees>
							<LongitudeDegrees>7.790795177</LongitudeDegrees>
						</Position>
						<AltitudeMeters>413.29</AltitudeMeters>
						<DistanceMeters>2347.37</DistanceMeters>
						<HeartRateBpm>
							<Value>142</Value>
						</HeartRateBpm>
						<Extensions>
							<ns3:TPX>
								<ns3:Speed>1.74</ns3:Speed>
								<ns3:Watts>114</ns3:Watts>
							</ns3:TPX>
						</Extensions>
					</Trackpoint>
					<Trackpoint>
						<Time>2025-01-28T14:35:36.879Z</Time>
						<Position>
							<LatitudeDegrees>47.967559862</LatitudeDegrees>
							<LongitudeDegrees>7.790866403</LongitudeDegrees>
						</Position>
						<AltitudeMeters>413.46</AltitudeMeters>
						<DistanceMeters>2353.53</DistanceMeters>
						<HeartRateBpm>
							<Value>142</Value>
						</HeartRateBpm>
						<Extensions>
							<ns3:TPX>
								<ns3:Speed>1.69</ns3:Speed>
								<ns3:Watts>109</ns3:Watts>
							</ns3:TPX>
						</Extensions>
					</Trackpoint>
					<Trackpoint>
						<Time>2025-01-28T14:35:39.882Z</Time>
						<Position>
							<LatitudeDegrees>47.967573469</LatitudeDegrees>
							<LongitudeDegrees>7.790947920</LongitudeDegrees>
						</Position>
						<AltitudeMeters>413.29</AltitudeMeters>
						<DistanceMeters>2359.80</DistanceMeters>
						<HeartRateBpm>
							<Value>143</Value>
						</HeartRateBpm>
						<Extensions>
							<ns3:TPX>
								<ns3:Speed>1.65</ns3:Speed>
								<ns3:Watts>110</ns3:Watts>
							</ns3:TPX>
						</Extensions>
					</Trackpoint>
					<Trackpoint>
						<Time>2025-01-28T14:35:42.881Z</Time>
						<Position>
							<LatitudeDegrees>47.967576790</LatitudeDegrees>
							<LongitudeDegrees>7.791033990</LongitudeDegrees>
						</Position>
						<AltitudeMeters>415.08</AltitudeMeters>
						<DistanceMeters>2366.24</DistanceMeters>
						<HeartRateBpm>
							<Value>143</Value>
						</HeartRateBpm>
						<Extensions>
							<ns3:TPX>
								<ns3:Speed>1.67</ns3:Speed>
								<ns3:Watts>111</ns3:Watts>
							</ns3:TPX>
						</Extensions>
					</Trackpoint>
					<Trackpoint>
						<Time>2025-01-28T14:35:45.882Z</Time>
						<Position>
							<LatitudeDegrees>47.967582272</LatitudeDegrees>
							<LongitudeDegrees>7.791118037</LongitudeDegrees>
						</Position>
						<AltitudeMeters>414.34</AltitudeMeters>
						<DistanceMeters>2372.54</DistanceMeters>
						<HeartRateBpm>
							<Value>143</Value>
						</HeartRateBpm>
						<Extensions>
							<ns3:TPX>
								<ns3:Speed>1.69</ns3:Speed>
								<ns3:Watts>119</ns3:Watts>
							</ns3:TPX>
						</Extensions>
					</Trackpoint>
					<Trackpoint>
						<Time>2025-01-28T14:35:48.884Z</Time>
						<Position>
							<LatitudeDegrees>47.967597511</LatitudeDegrees>
							<LongitudeDegrees>7.791202237</LongitudeDegrees>
						</Position>
						<AltitudeMeters>414.86</AltitudeMeters>
						<DistanceMeters>2379.06</DistanceMeters>
						<HeartRateBpm>
							<Value>143</Value>
						</HeartRateBpm>
						<Extensions>
							<ns3:TPX>
								<ns3:Speed>1.99</ns3:Speed>
								<ns3:Watts>140</ns3:Watts>
							</ns3:TPX>
						</Extensions>
					</Trackpoint>
					<Trackpoint>
						<Time>2025-01-28T14:35:51.882Z</Time>
						<Position>
							<LatitudeDegrees>47.967616892</LatitudeDegrees>
							<LongitudeDegrees>7.791294056</LongitudeDegrees>
						</Position>
						<AltitudeMeters>415.08</AltitudeMeters>
						<DistanceMeters>2386.24</DistanceMeters>
						<HeartRateBpm>
							<Value>143</Value>
						</HeartRateBpm>
						<Extensions>
							<ns3:TPX>
								<ns3:Speed>2.05</ns3:Speed>
								<ns3:Watts>109</ns3:Watts>
							</ns3:TPX>
						</Extensions>
					</Trackpoint>
					<Trackpoint>
						<Time>2025-01-28T14:35:54.882Z</Time>
						<Position>
							<LatitudeDegrees>47.967624603</LatitudeDegrees>
							<LongitudeDegrees>7.791381042</LongitudeDegrees>
						</Position>
						<AltitudeMeters>414.69</AltitudeMeters>
						<DistanceMeters>2392.80</DistanceMeters>
						<HeartRateBpm>
							<Value>143</Value>
						</HeartRateBpm>
						<Extensions>
							<ns3:TPX>
								<ns3:Speed>1.92</ns3:Speed>
								<ns3:Watts>104</ns3:Watts>
							</ns3:TPX>
						</Extensions>
					</Trackpoint>
					<Trackpoint>
						<Time>2025-01-28T14:35:57.884Z</Time>
						<Position>
							<LatitudeDegrees>47.967635915</LatitudeDegrees>
							<LongitudeDegrees>7.791464081</LongitudeDegrees>
						</Position>
						<AltitudeMeters>415.24</AltitudeMeters>
						<DistanceMeters>2399.12</DistanceMeters>
						<HeartRateBpm>
							<Value>143</Value>
						</HeartRateBpm>
						<Extensions>
							<ns3:TPX>
								<ns3:Speed>1.81</ns3:Speed>
								<ns3:Watts>138</ns3:Watts>
							</ns3:TPX>
						</Extensions>
					</Trackpoint>
					<Trackpoint>
						<Time>2025-01-28T14:36:00.883Z</Time>
						<Position>
							<LatitudeDegrees>47.967643434</LatitudeDegrees>
							<LongitudeDegrees>7.791548118</LongitudeDegrees>
						</Position>
						<AltitudeMeters>416.03</AltitudeMeters>
						<DistanceMeters>2405.45</DistanceMeters>
						<HeartRateBpm>
							<Value>143</Value>
						</HeartRateBpm>
						<Extensions>
							<ns3:TPX>
								<ns3:Speed>1.79</ns3:Speed>
								<ns3:Watts>159</ns3:Watts>
							</ns3:TPX>
						</Extensions>
					</Trackpoint>
					<Trackpoint>
						<Time>2025-01-28T14:36:03.883Z</Time>
						<Position>
							<LatitudeDegrees>47.967652992</LatitudeDegrees>
							<LongitudeDegrees>7.791626041</LongitudeDegrees>
						</Position>
						<AltitudeMeters>415.32</AltitudeMeters>
						<DistanceMeters>2411.37</DistanceMeters>
						<HeartRateBpm>
							<Value>143</Value>
						</HeartRateBpm>
						<Extensions>
							<ns3:TPX>
								<ns3:Speed>1.80</ns3:Speed>
								<ns3:Watts>136</ns3:Watts>
							</ns3:TPX>
						</Extensions>
					</Trackpoint>
					<Trackpoint>
						<Time>2025-01-28T14:36:06.882Z</Time>
						<Position>
							<LatitudeDegrees>47.967660509</LatitudeDegrees>
							<LongitudeDegrees>7.791703169</LongitudeDegrees>
						</Position>
						<AltitudeMeters>415.46</AltitudeMeters>
						<DistanceMeters>2417.19</DistanceMeters>
						<HeartRateBpm>
							<Value>144</Value>
						</HeartRateBpm>
						<Extensions>
							<ns3:TPX>
								<ns3:Speed>1.78</ns3:Speed>
								<ns3:Watts>107</ns3:Watts>
							</ns3:TPX>
						</Extensions>
					</Trackpoint>
					<Trackpoint>
						<Time>2025-01-28T14:36:09.880Z</Time>
						<Position>
							<LatitudeDegrees>47.967658079</LatitudeDegrees>
							<LongitudeDegrees>7.791784074</LongitudeDegrees>
						</Position>
						<AltitudeMeters>416.75</AltitudeMeters>
						<DistanceMeters>2423.24</DistanceMeters>
						<HeartRateBpm>
							<Value>144</Value>
						</HeartRateBpm>
						<Extensions>
							<ns3:TPX>
								<ns3:Speed>1.78</ns3:Speed>
								<ns3:Watts>130</ns3:Watts>
							</ns3:TPX>
						</Extensions>
					</Trackpoint>
					<Trackpoint>
						<Time>2025-01-28T14:36:12.883Z</Time>
						<Position>
							<LatitudeDegrees>47.967664527</LatitudeDegrees>
							<LongitudeDegrees>7.791864136</LongitudeDegrees>
						</Position>
						<AltitudeMeters>416.48</AltitudeMeters>
						<DistanceMeters>2429.26</DistanceMeters>
						<HeartRateBpm>
							<Value>144</Value>
						</HeartRateBpm>
						<Extensions>
							<ns3:TPX>
								<ns3:Speed>1.78</ns3:Speed>
								<ns3:Watts>141</ns3:Watts>
							</ns3:TPX>
						</Extensions>
					</Trackpoint>
					<Trackpoint>
						<Time>2025-01-28T14:36:15.883Z</Time>
						<Position>
							<LatitudeDegrees>47.967670172</LatitudeDegrees>
							<LongitudeDegrees>7.791943891</LongitudeDegrees>
						</Position>
						<AltitudeMeters>416.12</AltitudeMeters>
						<DistanceMeters>2435.25</DistanceMeters>
						<HeartRateBpm>
							<Value>143</Value>
						</HeartRateBpm>
						<Extensions>
							<ns3:TPX>
								<ns3:Speed>1.75</ns3:Speed>
								<ns3:Watts>123</ns3:Watts>
							</ns3:TPX>
						</Extensions>
					</Trackpoint>
					<Trackpoint>
						<Time>2025-01-28T14:36:18.882Z</Time>
						<Position>
							<LatitudeDegrees>47.967672029</LatitudeDegrees>
							<LongitudeDegrees>7.792021524</LongitudeDegrees>
						</Position>
						<AltitudeMeters>415.63</AltitudeMeters>
						<DistanceMeters>2441.05</DistanceMeters>
						<HeartRateBpm>
							<Value>143</Value>
						</HeartRateBpm>
						<Extensions>
							<ns3:TPX>
								<ns3:Speed>1.75</ns3:Speed>
								<ns3:Watts>114</ns3:Watts>
							</ns3:TPX>
						</Extensions>
					</Trackpoint>
					<Trackpoint>
						<Time>2025-01-28T14:36:21.882Z</Time>
						<Position>
							<LatitudeDegrees>47.967673877</LatitudeDegrees>
							<LongitudeDegrees>7.792098422</LongitudeDegrees>
						</Position>
						<AltitudeMeters>415.69</AltitudeMeters>
						<DistanceMeters>2446.80</DistanceMeters>
						<HeartRateBpm>
							<Value>143</Value>
						</HeartRateBpm>
						<Extensions>
							<ns3:TPX>
								<ns3:Speed>1.73</ns3:Speed>
								<ns3:Watts>125</ns3:Watts>
							</ns3:TPX>
						</Extensions>
					</Trackpoint>
					<Trackpoint>
						<Time>2025-01-28T14:36:24.881Z</Time>
						<Position>
							<LatitudeDegrees>47.967674389</LatitudeDegrees>
							<LongitudeDegrees>7.792174588</LongitudeDegrees>
						</Position>
						<AltitudeMeters>415.77</AltitudeMeters>
						<DistanceMeters>2452.48</DistanceMeters>
						<HeartRateBpm>
							<Value>143</Value>
						</HeartRateBpm>
						<Extensions>
							<ns3:TPX>
								<ns3:Speed>1.71</ns3:Speed>
								<ns3:Watts>146</ns3:Watts>
							</ns3:TPX>
						</Extensions>
					</Trackpoint>
					<Trackpoint>
						<Time>2025-01-28T14:36:27.881Z</Time>
						<Position>
							<LatitudeDegrees>47.967672461</LatitudeDegrees>
							<LongitudeDegrees>7.792251847</LongitudeDegrees>
						</Position>
						<AltitudeMeters>415.58</AltitudeMeters>
						<DistanceMeters>2458.26</DistanceMeters>
						<HeartRateBpm>
							<Value>143</Value>
						</HeartRateBpm>
						<Extensions>
							<ns3:TPX>
								<ns3:Speed>1.69</ns3:Speed>
								<ns3:Watts>159</ns3:Watts>
							</ns3:TPX>
						</Extensions>
					</Trackpoint>
					<Trackpoint>
						<Time>2025-01-28T14:36:30.881Z</Time>
						<Position>
							<LatitudeDegrees>47.967659485</LatitudeDegrees>
							<LongitudeDegrees>7.792324358</LongitudeDegrees>
						</Position>
						<AltitudeMeters>415.94</AltitudeMeters>
						<DistanceMeters>2463.86</DistanceMeters>
						<HeartRateBpm>
							<Value>143</Value>
						</HeartRateBpm>
						<Extensions>
							<ns3:TPX>
								<ns3:Speed>1.71</ns3:Speed>
								<ns3:Watts>117</ns3:Watts>
							</ns3:TPX>
						</Extensions>
					</Trackpoint>
					<Trackpoint>
						<Time>2025-01-28T14:36:33.878Z</Time>
						<Position>
							<LatitudeDegrees>47.967644992</LatitudeDegrees>
							<LongitudeDegrees>7.792399398</LongitudeDegrees>
						</Position>
						<AltitudeMeters>415.65</AltitudeMeters>
						<DistanceMeters>2469.69</DistanceMeters>
						<HeartRateBpm>
							<Value>143</Value>
						</HeartRateBpm>
						<Extensions>
							<ns3:TPX>
								<ns3:Speed>1.69</ns3:Speed>
								<ns3:Watts>108</ns3:Watts>
							</ns3:TPX>
						</Extensions>
					</Trackpoint>
					<Trackpoint>
						<Time>2025-01-28T14:36:36.882Z</Time>
						<Position>
							<LatitudeDegrees>47.967627413</LatitudeDegrees>
							<LongitudeDegrees>7.792474382</LongitudeDegrees>
						</Position>
						<AltitudeMeters>415.90</AltitudeMeters>
						<DistanceMeters>2475.62</DistanceMeters>
						<HeartRateBpm>
							<Value>143</Value>
						</HeartRateBpm>
						<Extensions>
							<ns3:TPX>
								<ns3:Speed>1.72</ns3:Speed>
								<ns3:Watts>118</ns3:Watts>
							</ns3:TPX>
						</Extensions>
					</Trackpoint>
					<Trackpoint>
						<Time>2025-01-28T14:36:39.882Z</Time>
						<Position>
							<LatitudeDegrees>47.967610335</LatitudeDegrees>
							<LongitudeDegrees>7.792553815</LongitudeDegrees>
						</Position>
						<AltitudeMeters>415.43</AltitudeMeters>
						<DistanceMeters>2481.85</DistanceMeters>
						<HeartRateBpm>
							<Value>143</Value>
						</HeartRateBpm>
						<Extensions>
							<ns3:TPX>
								<ns3:Speed>1.75</ns3:Speed>
								<ns3:Watts>81</ns3:Watts>
							</ns3:TPX>
						</Extensions>
					</Trackpoint>
					<Trackpoint>
						<Time>2025-01-28T14:36:42.883Z</Time>
						<Position>
							<LatitudeDegrees>47.967596231</LatitudeDegrees>
							<LongitudeDegrees>7.792637095</LongitudeDegrees>
						</Position>
						<AltitudeMeters>415.32</AltitudeMeters>
						<DistanceMeters>2488.27</DistanceMeters>
						<HeartRateBpm>
							<Value>143</Value>
						</HeartRateBpm>
						<Extensions>
							<ns3:TPX>
								<ns3:Speed>1.74</ns3:Speed>
								<ns3:Watts>90</ns3:Watts>
							</ns3:TPX>
						</Extensions>
					</Trackpoint>
					<Trackpoint>
						<Time>2025-01-28T14:36:45.882Z</Time>
						<Position>
							<LatitudeDegrees>47.967570628</LatitudeDegrees>
							<LongitudeDegrees>7.792714211</LongitudeDegrees>
						</Position>
						<AltitudeMeters>416.17</AltitudeMeters>
						<DistanceMeters>2494.69</DistanceMeters>
						<HeartRateBpm>
							<Value>143</Value>
						</HeartRateBpm>
						<Extensions>
							<ns3:TPX>
								<ns3:Speed>1.73</ns3:Speed>
								<ns3:Watts>100</ns3:Watts>
							</ns3:TPX>
						</Extensions>
					</Trackpoint>
					<Trackpoint>
						<Time>2025-01-28T14:36:48.881Z</Time>
						<Position>
							<LatitudeDegrees>47.967545733</LatitudeDegrees>
							<LongitudeDegrees>7.792797942</LongitudeDegrees>
						</Position>
						<AltitudeMeters>415.98</AltitudeMeters>
						<DistanceMeters>2501.53</DistanceMeters>
						<HeartRateBpm>
							<Value>142</Value>
						</HeartRateBpm>
						<Extensions>
							<ns3:TPX>
								<ns3:Speed>1.73</ns3:Speed>
								<ns3:Watts>98</ns3:Watts>
							</ns3:TPX>
						</Extensions>
					</Trackpoint>
					<Trackpoint>
						<Time>2025-01-28T14:36:51.881Z</Time>
						<Position>
							<LatitudeDegrees>47.967528715</LatitudeDegrees>
							<LongitudeDegrees>7.792881148</LongitudeDegrees>
						</Position>
						<AltitudeMeters>416.59</AltitudeMeters>
						<DistanceMeters>2508.02</DistanceMeters>
						<HeartRateBpm>
							<Value>142</Value>
						</HeartRateBpm>
						<Extensions>
							<ns3:TPX>
								<ns3:Speed>1.75</ns3:Speed>
								<ns3:Watts>122</ns3:Watts>
							</ns3:TPX>
						</Extensions>
					</Trackpoint>
					<Trackpoint>
						<Time>2025-01-28T14:36:54.881Z</Time>
						<Position>
							<LatitudeDegrees>47.967512210</LatitudeDegrees>
							<LongitudeDegrees>7.792966372</LongitudeDegrees>
						</Position>
						<AltitudeMeters>415.89</AltitudeMeters>
						<DistanceMeters>2514.65</DistanceMeters>
						<HeartRateBpm>
							<Value>142</Value>
						</HeartRateBpm>
						<Extensions>
							<ns3:TPX>
								<ns3:Speed>1.78</ns3:Speed>
								<ns3:Watts>91</ns3:Watts>
							</ns3:TPX>
						</Extensions>
					</Trackpoint>
					<Trackpoint>
						<Time>2025-01-28T14:36:57.881Z</Time>
						<Position>
							<LatitudeDegrees>47.967483549</LatitudeDegrees>
							<LongitudeDegrees>7.793043800</LongitudeDegrees>
						</Position>
						<AltitudeMeters>415.80</AltitudeMeters>
						<DistanceMeters>2521.25</DistanceMeters>
						<HeartRateBpm>
							<Value>142</Value>
						</HeartRateBpm>
						<Extensions>
							<ns3:TPX>
								<ns3:Speed>1.76</ns3:Speed>
								<ns3:Watts>58</ns3:Watts>
							</ns3:TPX>
						</Extensions>
					</Trackpoint>
					<Trackpoint>
						<Time>2025-01-28T14:37:00.880Z</Time>
						<Position>
							<LatitudeDegrees>47.967464252</LatitudeDegrees>
							<LongitudeDegrees>7.793121416</LongitudeDegrees>
						</Position>
						<AltitudeMeters>417.11</AltitudeMeters>
						<DistanceMeters>2527.43</DistanceMeters>
						<HeartRateBpm>
							<Value>141</Value>
						</HeartRateBpm>
						<Extensions>
							<ns3:TPX>
								<ns3:Speed>1.76</ns3:Speed>
								<ns3:Watts>77</ns3:Watts>
							</ns3:TPX>
						</Extensions>
					</Trackpoint>
					<Trackpoint>
						<Time>2025-01-28T14:37:03.882Z</Time>
						<Position>
							<LatitudeDegrees>47.967449949</LatitudeDegrees>
							<LongitudeDegrees>7.793207963</LongitudeDegrees>
						</Position>
						<AltitudeMeters>416.14</AltitudeMeters>
						<DistanceMeters>2534.09</DistanceMeters>
						<HeartRateBpm>
							<Value>141</Value>
						</HeartRateBpm>
						<Extensions>
							<ns3:TPX>
								<ns3:Speed>1.76</ns3:Speed>
								<ns3:Watts>111</ns3:Watts>
							</ns3:TPX>
						</Extensions>
					</Trackpoint>
					<Trackpoint>
						<Time>2025-01-28T14:37:06.881Z</Time>
						<Position>
							<LatitudeDegrees>47.967428547</LatitudeDegrees>
							<LongitudeDegrees>7.793289981</LongitudeDegrees>
						</Position>
						<AltitudeMeters>417.08</AltitudeMeters>
						<DistanceMeters>2540.66</DistanceMeters>
						<HeartRateBpm>
							<Value>142</Value>
						</HeartRateBpm>
						<Extensions>
							<ns3:TPX>
								<ns3:Speed>1.79</ns3:Speed>
								<ns3:Watts>128</ns3:Watts>
							</ns3:TPX>
						</Extensions>
					</Trackpoint>
					<Trackpoint>
						<Time>2025-01-28T14:37:09.882Z</Time>
						<Position>
							<LatitudeDegrees>47.967404808</LatitudeDegrees>
							<LongitudeDegrees>7.793370003</LongitudeDegrees>
						</Position>
						<AltitudeMeters>416.21</AltitudeMeters>
						<DistanceMeters>2547.19</DistanceMeters>
						<HeartRateBpm>
							<Value>142</Value>
						</HeartRateBpm>
						<Extensions>
							<ns3:TPX>
								<ns3:Speed>1.83</ns3:Speed>
								<ns3:Watts>136</ns3:Watts>
							</ns3:TPX>
						</Extensions>
					</Trackpoint>
					<Trackpoint>
						<Time>2025-01-28T14:37:12.884Z</Time>
						<Position>
							<LatitudeDegrees>47.967388644</LatitudeDegrees>
							<LongitudeDegrees>7.793455790</LongitudeDegrees>
						</Position>
						<AltitudeMeters>416.86</AltitudeMeters>
						<DistanceMeters>2553.84</DistanceMeters>
						<HeartRateBpm>
							<Value>141</Value>
						</HeartRateBpm>
						<Extensions>
							<ns3:TPX>
								<ns3:Speed>1.81</ns3:Speed>
								<ns3:Watts>114</ns3:Watts>
							</ns3:TPX>
						</Extensions>
					</Trackpoint>
					<Trackpoint>
						<Time>2025-01-28T14:37:15.882Z</Time>
						<Position>
							<LatitudeDegrees>47.967368134</LatitudeDegrees>
							<LongitudeDegrees>7.793537279</LongitudeDegrees>
						</Position>
						<AltitudeMeters>414.82</AltitudeMeters>
						<DistanceMeters>2560.34</DistanceMeters>
						<HeartRateBpm>
							<Value>140</Value>
						</HeartRateBpm>
						<Extensions>
							<ns3:TPX>
								<ns3:Speed>1.81</ns3:Speed>
								<ns3:Watts>104</ns3:Watts>
							</ns3:TPX>
						</Extensions>
					</Trackpoint>
					<Trackpoint>
						<Time>2025-01-28T14:37:18.881Z</Time>
						<Position>
							<LatitudeDegrees>47.967339864</LatitudeDegrees>
							<LongitudeDegrees>7.793617646</LongitudeDegrees>
						</Position>
						<AltitudeMeters>416.91</AltitudeMeters>
						<DistanceMeters>2567.12</DistanceMeters>
						<HeartRateBpm>
							<Value>140</Value>
						</HeartRateBpm>
						<Extensions>
							<ns3:TPX>
								<ns3:Speed>1.85</ns3:Speed>
								<ns3:Watts>99</ns3:Watts>
							</ns3:TPX>
						</Extensions>
					</Trackpoint>
					<Trackpoint>
						<Time>2025-01-28T14:37:21.881Z</Time>
						<Position>
							<LatitudeDegrees>47.967310663</LatitudeDegrees>
							<LongitudeDegrees>7.793701994</LongitudeDegrees>
						</Position>
						<AltitudeMeters>415.05</AltitudeMeters>
						<DistanceMeters>2574.20</DistanceMeters>
						<HeartRateBpm>
							<Value>139</Value>
						</HeartRateBpm>
						<Extensions>
							<ns3:TPX>
								<ns3:Speed>1.89</ns3:Speed>
								<ns3:Watts>67</ns3:Watts>
							</ns3:TPX>
						</Extensions>
					</Trackpoint>
					<Trackpoint>
						<Time>2025-01-28T14:37:24.875Z</Time>
						<Position>
							<LatitudeDegrees>47.967271600</LatitudeDegrees>
							<LongitudeDegrees>7.793777229</LongitudeDegrees>
						</Position>
						<AltitudeMeters>415.63</AltitudeMeters>
						<DistanceMeters>2581.31</DistanceMeters>
						<HeartRateBpm>
							<Value>139</Value>
						</HeartRateBpm>
						<Extensions>
							<ns3:TPX>
								<ns3:Speed>1.83</ns3:Speed>
								<ns3:Watts>79</ns3:Watts>
							</ns3:TPX>
						</Extensions>
					</Trackpoint>
					<Trackpoint>
						<Time>2025-01-28T14:37:27.881Z</Time>
						<Position>
							<LatitudeDegrees>47.967222566</LatitudeDegrees>
							<LongitudeDegrees>7.793843380</LongitudeDegrees>
						</Position>
						<AltitudeMeters>416.87</AltitudeMeters>
						<DistanceMeters>2588.66</DistanceMeters>
						<HeartRateBpm>
							<Value>138</Value>
						</HeartRateBpm>
						<Extensions>
							<ns3:TPX>
								<ns3:Speed>1.88</ns3:Speed>
								<ns3:Watts>105</ns3:Watts>
							</ns3:TPX>
						</Extensions>
					</Trackpoint>
					<Trackpoint>
						<Time>2025-01-28T14:37:29.880Z</Time>
						<Position>
							<LatitudeDegrees>47.967188710</LatitudeDegrees>
							<LongitudeDegrees>7.793891523</LongitudeDegrees>
						</Position>
						<AltitudeMeters>415.50</AltitudeMeters>
						<DistanceMeters>2593.87</DistanceMeters>
						<HeartRateBpm>
							<Value>139</Value>
						</HeartRateBpm>
						<Extensions>
							<ns3:TPX>
								<ns3:Speed>1.88</ns3:Speed>
								<ns3:Watts>105</ns3:Watts>
							</ns3:TPX>
						</Extensions>
					</Trackpoint>
					<Trackpoint>
						<Time>2025-01-28T14:37:31.881Z</Time>
						<Position>
							<LatitudeDegrees>47.967154276</LatitudeDegrees>
							<LongitudeDegrees>7.793937338</LongitudeDegrees>
						</Position>
						<AltitudeMeters>414.93</AltitudeMeters>
						<DistanceMeters>2599.00</DistanceMeters>
						<HeartRateBpm>
							<Value>138</Value>
						</HeartRateBpm>
						<Extensions>
							<ns3:TPX>
								<ns3:Speed>1.90</ns3:Speed>
								<ns3:Watts>85</ns3:Watts>
							</ns3:TPX>
						</Extensions>
					</Trackpoint>
					<Trackpoint>
						<Time>2025-01-28T14:37:33.882Z</Time>
						<Position>
							<LatitudeDegrees>47.967121628</LatitudeDegrees>
							<LongitudeDegrees>7.793994599</LongitudeDegrees>
						</Position>
						<AltitudeMeters>416.90</AltitudeMeters>
						<DistanceMeters>2604.61</DistanceMeters>
						<HeartRateBpm>
							<Value>138</Value>
						</HeartRateBpm>
						<Extensions>
							<ns3:TPX>
								<ns3:Speed>1.92</ns3:Speed>
								<ns3:Watts>58</ns3:Watts>
							</ns3:TPX>
						</Extensions>
					</Trackpoint>
					<Trackpoint>
						<Time>2025-01-28T14:37:35.882Z</Time>
						<Position>
							<LatitudeDegrees>47.967088986</LatitudeDegrees>
							<LongitudeDegrees>7.794051590</LongitudeDegrees>
						</Position>
						<AltitudeMeters>415.34</AltitudeMeters>
						<DistanceMeters>2610.21</DistanceMeters>
						<HeartRateBpm>
							<Value>138</Value>
						</HeartRateBpm>
						<Extensions>
							<ns3:TPX>
								<ns3:Speed>1.86</ns3:Speed>
								<ns3:Watts>49</ns3:Watts>
							</ns3:TPX>
						</Extensions>
					</Trackpoint>
					<Trackpoint>
						<Time>2025-01-28T14:37:37.880Z</Time>
						<Position>
							<LatitudeDegrees>47.967052020</LatitudeDegrees>
							<LongitudeDegrees>7.794098772</LongitudeDegrees>
						</Position>
						<AltitudeMeters>414.90</AltitudeMeters>
						<DistanceMeters>2615.62</DistanceMeters>
						<HeartRateBpm>
							<Value>138</Value>
						</HeartRateBpm>
						<Extensions>
							<ns3:TPX>
								<ns3:Speed>1.89</ns3:Speed>
								<ns3:Watts>52</ns3:Watts>
							</ns3:TPX>
						</Extensions>
					</Trackpoint>
					<Trackpoint>
						<Time>2025-01-28T14:37:39.880Z</Time>
						<Position>
							<LatitudeDegrees>47.967016895</LatitudeDegrees>
							<LongitudeDegrees>7.794155460</LongitudeDegrees>
						</Position>
						<AltitudeMeters>417.44</AltitudeMeters>
						<DistanceMeters>2621.38</DistanceMeters>
						<HeartRateBpm>
							<Value>137</Value>
						</HeartRateBpm>
						<Extensions>
							<ns3:TPX>
								<ns3:Speed>1.94</ns3:Speed>
								<ns3:Watts>65</ns3:Watts>
							</ns3:TPX>
						</Extensions>
					</Trackpoint>
					<Trackpoint>
						<Time>2025-01-28T14:37:41.880Z</Time>
						<Position>
							<LatitudeDegrees>47.966983951</LatitudeDegrees>
							<LongitudeDegrees>7.794217481</LongitudeDegrees>
						</Position>
						<AltitudeMeters>416.25</AltitudeMeters>
						<DistanceMeters>2627.28</DistanceMeters>
						<HeartRateBpm>
							<Value>137</Value>
						</HeartRateBpm>
						<Extensions>
							<ns3:TPX>
								<ns3:Speed>1.99</ns3:Speed>
								<ns3:Watts>74</ns3:Watts>
							</ns3:TPX>
						</Extensions>
					</Trackpoint>
					<Trackpoint>
						<Time>2025-01-28T14:37:43.881Z</Time>
						<Position>
							<LatitudeDegrees>47.966943488</LatitudeDegrees>
							<LongitudeDegrees>7.794266861</LongitudeDegrees>
						</Position>
						<AltitudeMeters>415.94</AltitudeMeters>
						<DistanceMeters>2633.10</DistanceMeters>
						<HeartRateBpm>
							<Value>136</Value>
						</HeartRateBpm>
						<Extensions>
							<ns3:TPX>
								<ns3:Speed>1.96</ns3:Speed>
								<ns3:Watts>72</ns3:Watts>
							</ns3:TPX>
						</Extensions>
					</Trackpoint>
					<Trackpoint>
						<Time>2025-01-28T14:37:45.881Z</Time>
						<Position>
							<LatitudeDegrees>47.966896681</LatitudeDegrees>
							<LongitudeDegrees>7.794306931</LongitudeDegrees>
						</Position>
						<AltitudeMeters>418.10</AltitudeMeters>
						<DistanceMeters>2639.10</DistanceMeters>
						<HeartRateBpm>
							<Value>136</Value>
						</HeartRateBpm>
						<Extensions>
							<ns3:TPX>
								<ns3:Speed>1.95</ns3:Speed>
								<ns3:Watts>82</ns3:Watts>
							</ns3:TPX>
						</Extensions>
					</Trackpoint>
					<Trackpoint>
						<Time>2025-01-28T14:37:47.879Z</Time>
						<Position>
							<LatitudeDegrees>47.966857456</LatitudeDegrees>
							<LongitudeDegrees>7.794354735</LongitudeDegrees>
						</Position>
						<AltitudeMeters>417.41</AltitudeMeters>
						<DistanceMeters>2644.74</DistanceMeters>
						<HeartRateBpm>
							<Value>136</Value>
						</HeartRateBpm>
						<Extensions>
							<ns3:TPX>
								<ns3:Speed>1.98</ns3:Speed>
								<ns3:Watts>81</ns3:Watts>
							</ns3:TPX>
						</Extensions>
					</Trackpoint>
					<Trackpoint>
						<Time>2025-01-28T14:37:49.881Z</Time>
						<Position>
							<LatitudeDegrees>47.966821652</LatitudeDegrees>
							<LongitudeDegrees>7.794414114</LongitudeDegrees>
						</Position>
						<AltitudeMeters>417.48</AltitudeMeters>
						<DistanceMeters>2650.70</DistanceMeters>
						<HeartRateBpm>
							<Value>136</Value>
						</HeartRateBpm>
						<Extensions>
							<ns3:TPX>
								<ns3:Speed>1.90</ns3:Speed>
								<ns3:Watts>71</ns3:Watts>
							</ns3:TPX>
						</Extensions>
					</Trackpoint>
					<Trackpoint>
						<Time>2025-01-28T14:37:51.882Z</Time>
						<Position>
							<LatitudeDegrees>47.966786658</LatitudeDegrees>
							<LongitudeDegrees>7.794471649</LongitudeDegrees>
						</Position>
						<AltitudeMeters>419.68</AltitudeMeters>
						<DistanceMeters>2656.50</DistanceMeters>
						<HeartRateBpm>
							<Value>136</Value>
						</HeartRateBpm>
						<Extensions>
							<ns3:TPX>
								<ns3:Speed>1.97</ns3:Speed>
								<ns3:Watts>71</ns3:Watts>
							</ns3:TPX>
						</Extensions>
					</Trackpoint>
					<Trackpoint>
						<Time>2025-01-28T14:37:53.881Z</Time>
						<Position>
							<LatitudeDegrees>47.966746477</LatitudeDegrees>
							<LongitudeDegrees>7.794522885</LongitudeDegrees>
						</Position>
						<AltitudeMeters>418.47</AltitudeMeters>
						<DistanceMeters>2662.38</DistanceMeters>
						<HeartRateBpm>
							<Value>136</Value>
						</HeartRateBpm>
						<Extensions>
							<ns3:TPX>
								<ns3:Speed>1.98</ns3:Speed>
								<ns3:Watts>68</ns3:Watts>
							</ns3:TPX>
						</Extensions>
					</Trackpoint>
					<Trackpoint>
						<Time>2025-01-28T14:37:55.883Z</Time>
						<Position>
							<LatitudeDegrees>47.966703366</LatitudeDegrees>
							<LongitudeDegrees>7.794568616</LongitudeDegrees>
						</Position>
						<AltitudeMeters>419.16</AltitudeMeters>
						<DistanceMeters>2668.26</DistanceMeters>
						<HeartRateBpm>
							<Value>136</Value>
						</HeartRateBpm>
						<Extensions>
							<ns3:TPX>
								<ns3:Speed>2.06</ns3:Speed>
								<ns3:Watts>73</ns3:Watts>
							</ns3:TPX>
						</Extensions>
					</Trackpoint>
					<Trackpoint>
						<Time>2025-01-28T14:37:57.881Z</Time>
						<Position>
							<LatitudeDegrees>47.966658930</LatitudeDegrees>
							<LongitudeDegrees>7.794621069</LongitudeDegrees>
						</Position>
						<AltitudeMeters>418.58</AltitudeMeters>
						<DistanceMeters>2674.57</DistanceMeters>
						<HeartRateBpm>
							<Value>135</Value>
						</HeartRateBpm>
						<Extensions>
							<ns3:TPX>
								<ns3:Speed>2.01</ns3:Speed>
								<ns3:Watts>92</ns3:Watts>
							</ns3:TPX>
						</Extensions>
					</Trackpoint>
					<Trackpoint>
						<Time>2025-01-28T14:37:59.881Z</Time>
						<Position>
							<LatitudeDegrees>47.966621107</LatitudeDegrees>
							<LongitudeDegrees>7.794678894</LongitudeDegrees>
						</Position>
						<AltitudeMeters>418.87</AltitudeMeters>
						<DistanceMeters>2680.60</DistanceMeters>
						<HeartRateBpm>
							<Value>135</Value>
						</HeartRateBpm>
						<Extensions>
							<ns3:TPX>
								<ns3:Speed>1.99</ns3:Speed>
								<ns3:Watts>117</ns3:Watts>
							</ns3:TPX>
						</Extensions>
					</Trackpoint>
					<Trackpoint>
						<Time>2025-01-28T14:38:01.876Z</Time>
						<Position>
							<LatitudeDegrees>47.966583931</LatitudeDegrees>
							<LongitudeDegrees>7.794735259</LongitudeDegrees>
						</Position>
						<AltitudeMeters>420.64</AltitudeMeters>
						<DistanceMeters>2686.50</DistanceMeters>
						<HeartRateBpm>
							<Value>136</Value>
						</HeartRateBpm>
						<Extensions>
							<ns3:TPX>
								<ns3:Speed>2.08</ns3:Speed>
								<ns3:Watts>134</ns3:Watts>
							</ns3:TPX>
						</Extensions>
					</Trackpoint>
					<Trackpoint>
						<Time>2025-01-28T14:38:03.876Z</Time>
						<Position>
							<LatitudeDegrees>47.966542886</LatitudeDegrees>
							<LongitudeDegrees>7.794790668</LongitudeDegrees>
						</Position>
						<AltitudeMeters>419.78</AltitudeMeters>
						<DistanceMeters>2692.66</DistanceMeters>
						<HeartRateBpm>
							<Value>135</Value>
						</HeartRateBpm>
						<Extensions>
							<ns3:TPX>
								<ns3:Speed>2.02</ns3:Speed>
								<ns3:Watts>126</ns3:Watts>
							</ns3:TPX>
						</Extensions>
					</Trackpoint>
					<Trackpoint>
						<Time>2025-01-28T14:38:05.879Z</Time>
						<Position>
							<LatitudeDegrees>47.966505211</LatitudeDegrees>
							<LongitudeDegrees>7.794851322</LongitudeDegrees>
						</Position>
						<AltitudeMeters>420.32</AltitudeMeters>
						<DistanceMeters>2698.83</DistanceMeters>
						<HeartRateBpm>
							<Value>135</Value>
						</HeartRateBpm>
						<Extensions>
							<ns3:TPX>
								<ns3:Speed>1.91</ns3:Speed>
								<ns3:Watts>114</ns3:Watts>
							</ns3:TPX>
						</Extensions>
					</Trackpoint>
					<Trackpoint>
						<Time>2025-01-28T14:38:07.880Z</Time>
						<Position>
							<LatitudeDegrees>47.966462227</LatitudeDegrees>
							<LongitudeDegrees>7.794899410</LongitudeDegrees>
						</Position>
						<AltitudeMeters>422.69</AltitudeMeters>
						<DistanceMeters>2704.80</DistanceMeters>
						<HeartRateBpm>
							<Value>136</Value>
						</HeartRateBpm>
						<Extensions>
							<ns3:TPX>
								<ns3:Speed>2.03</ns3:Speed>
								<ns3:Watts>99</ns3:Watts>
							</ns3:TPX>
						</Extensions>
					</Trackpoint>
					<Trackpoint>
						<Time>2025-01-28T14:38:09.880Z</Time>
						<Position>
							<LatitudeDegrees>47.966416770</LatitudeDegrees>
							<LongitudeDegrees>7.794955163</LongitudeDegrees>
						</Position>
						<AltitudeMeters>420.33</AltitudeMeters>
						<DistanceMeters>2711.35</DistanceMeters>
						<HeartRateBpm>
							<Value>135</Value>
						</HeartRateBpm>
						<Extensions>
							<ns3:TPX>
								<ns3:Speed>2.05</ns3:Speed>
								<ns3:Watts>56</ns3:Watts>
							</ns3:TPX>
						</Extensions>
					</Trackpoint>
					<Trackpoint>
						<Time>2025-01-28T14:38:11.883Z</Time>
						<Position>
							<LatitudeDegrees>47.966378831</LatitudeDegrees>
							<LongitudeDegrees>7.795020695</LongitudeDegrees>
						</Position>
						<AltitudeMeters>420.65</AltitudeMeters>
						<DistanceMeters>2717.81</DistanceMeters>
						<HeartRateBpm>
							<Value>135</Value>
						</HeartRateBpm>
						<Extensions>
							<ns3:TPX>
								<ns3:Speed>2.06</ns3:Speed>
								<ns3:Watts>38</ns3:Watts>
							</ns3:TPX>
						</Extensions>
					</Trackpoint>
					<Trackpoint>
						<Time>2025-01-28T14:38:13.881Z</Time>
						<Position>
							<LatitudeDegrees>47.966336316</LatitudeDegrees>
							<LongitudeDegrees>7.795067741</LongitudeDegrees>
						</Position>
						<AltitudeMeters>419.58</AltitudeMeters>
						<DistanceMeters>2723.70</DistanceMeters>
						<HeartRateBpm>
							<Value>135</Value>
						</HeartRateBpm>
						<Extensions>
							<ns3:TPX>
								<ns3:Speed>2.01</ns3:Speed>
								<ns3:Watts>60</ns3:Watts>
							</ns3:TPX>
						</Extensions>
					</Trackpoint>
					<Trackpoint>
						<Time>2025-01-28T14:38:15.880Z</Time>
						<Position>
							<LatitudeDegrees>47.966300788</LatitudeDegrees>
							<LongitudeDegrees>7.795126276</LongitudeDegrees>
						</Position>
						<AltitudeMeters>421.19</AltitudeMeters>
						<DistanceMeters>2729.60</DistanceMeters>
						<HeartRateBpm>
							<Value>135</Value>
						</HeartRateBpm>
						<Extensions>
							<ns3:TPX>
								<ns3:Speed>2.02</ns3:Speed>
								<ns3:Watts>111</ns3:Watts>
							</ns3:TPX>
						</Extensions>
					</Trackpoint>
					<Trackpoint>
						<Time>2025-01-28T14:38:17.876Z</Time>
						<Position>
							<LatitudeDegrees>47.966265843</LatitudeDegrees>
							<LongitudeDegrees>7.795184895</LongitudeDegrees>
						</Position>
						<AltitudeMeters>420.84</AltitudeMeters>
						<DistanceMeters>2735.45</DistanceMeters>
						<HeartRateBpm>
							<Value>135</Value>
						</HeartRateBpm>
						<Extensions>
							<ns3:TPX>
								<ns3:Speed>2.06</ns3:Speed>
								<ns3:Watts>143</ns3:Watts>
							</ns3:TPX>
						</Extensions>
					</Trackpoint>
					<Trackpoint>
						<Time>2025-01-28T14:38:19.879Z</Time>
						<Position>
							<LatitudeDegrees>47.966223972</LatitudeDegrees>
							<LongitudeDegrees>7.795241674</LongitudeDegrees>
						</Position>
						<AltitudeMeters>421.01</AltitudeMeters>
						<DistanceMeters>2741.75</DistanceMeters>
						<HeartRateBpm>
							<Value>135</Value>
						</HeartRateBpm>
						<Extensions>
							<ns3:TPX>
								<ns3:Speed>1.98</ns3:Speed>
								<ns3:Watts>160</ns3:Watts>
							</ns3:TPX>
						</Extensions>
					</Trackpoint>
					<Trackpoint>
						<Time>2025-01-28T14:38:21.880Z</Time>
						<Position>
							<LatitudeDegrees>47.966188311</LatitudeDegrees>
							<LongitudeDegrees>7.795296962</LongitudeDegrees>
						</Position>
						<AltitudeMeters>423.23</AltitudeMeters>
						<DistanceMeters>2747.47</DistanceMeters>
						<HeartRateBpm>
							<Value>135</Value>
						</HeartRateBpm>
						<Extensions>
							<ns3:TPX>
								<ns3:Speed>2.04</ns3:Speed>
								<ns3:Watts>161</ns3:Watts>
							</ns3:TPX>
						</Extensions>
					</Trackpoint>
					<Trackpoint>
						<Time>2025-01-28T14:38:23.881Z</Time>
						<Position>
							<LatitudeDegrees>47.966154933</LatitudeDegrees>
							<LongitudeDegrees>7.795348731</LongitudeDegrees>
						</Position>
						<AltitudeMeters>422.74</AltitudeMeters>
						<DistanceMeters>2752.83</DistanceMeters>
						<HeartRateBpm>
							<Value>135</Value>
						</HeartRateBpm>
						<Extensions>
							<ns3:TPX>
								<ns3:Speed>1.99</ns3:Speed>
								<ns3:Watts>120</ns3:Watts>
							</ns3:TPX>
						</Extensions>
					</Trackpoint>
					<Trackpoint>
						<Time>2025-01-28T14:38:25.876Z</Time>
						<Position>
							<LatitudeDegrees>47.966114708</LatitudeDegrees>
							<LongitudeDegrees>7.795397954</LongitudeDegrees>
						</Position>
						<AltitudeMeters>422.34</AltitudeMeters>
						<DistanceMeters>2758.62</DistanceMeters>
						<HeartRateBpm>
							<Value>135</Value>
						</HeartRateBpm>
						<Extensions>
							<ns3:TPX>
								<ns3:Speed>1.64</ns3:Speed>
								<ns3:Watts>99</ns3:Watts>
							</ns3:TPX>
						</Extensions>
					</Trackpoint>
					<Trackpoint>
						<Time>2025-01-28T14:38:28.876Z</Time>
						<Position>
							<LatitudeDegrees>47.966072792</LatitudeDegrees>
							<LongitudeDegrees>7.795456153</LongitudeDegrees>
						</Position>
						<AltitudeMeters>422.53</AltitudeMeters>
						<DistanceMeters>2764.99</DistanceMeters>
						<HeartRateBpm>
							<Value>135</Value>
						</HeartRateBpm>
						<Extensions>
							<ns3:TPX>
								<ns3:Speed>1.89</ns3:Speed>
								<ns3:Watts>138</ns3:Watts>
							</ns3:TPX>
						</Extensions>
					</Trackpoint>
					<Trackpoint>
						<Time>2025-01-28T14:38:31.876Z</Time>
						<Position>
							<LatitudeDegrees>47.966012637</LatitudeDegrees>
							<LongitudeDegrees>7.795528442</LongitudeDegrees>
						</Position>
						<AltitudeMeters>424.10</AltitudeMeters>
						<DistanceMeters>2773.59</DistanceMeters>
						<HeartRateBpm>
							<Value>135</Value>
						</HeartRateBpm>
						<Extensions>
							<ns3:TPX>
								<ns3:Speed>1.72</ns3:Speed>
								<ns3:Watts>103</ns3:Watts>
							</ns3:TPX>
						</Extensions>
					</Trackpoint>
					<Trackpoint>
						<Time>2025-01-28T14:38:34.876Z</Time>
						<Position>
							<LatitudeDegrees>47.965964948</LatitudeDegrees>
							<LongitudeDegrees>7.795599119</LongitudeDegrees>
						</Position>
						<AltitudeMeters>423.56</AltitudeMeters>
						<DistanceMeters>2781.07</DistanceMeters>
						<HeartRateBpm>
							<Value>135</Value>
						</HeartRateBpm>
						<Extensions>
							<ns3:TPX>
								<ns3:Speed>1.59</ns3:Speed>
								<ns3:Watts>87</ns3:Watts>
							</ns3:TPX>
						</Extensions>
					</Trackpoint>
					<Trackpoint>
						<Time>2025-01-28T14:38:37.877Z</Time>
						<Position>
							<LatitudeDegrees>47.965913368</LatitudeDegrees>
							<LongitudeDegrees>7.795649234</LongitudeDegrees>
						</Position>
						<AltitudeMeters>424.56</AltitudeMeters>
						<DistanceMeters>2787.92</DistanceMeters>
						<HeartRateBpm>
							<Value>135</Value>
						</HeartRateBpm>
						<Extensions>
							<ns3:TPX>
								<ns3:Speed>1.80</ns3:Speed>
								<ns3:Watts>95</ns3:Watts>
							</ns3:TPX>
						</Extensions>
					</Trackpoint>
					<Trackpoint>
						<Time>2025-01-28T14:38:39.875Z</Time>
						<Position>
							<LatitudeDegrees>47.965884401</LatitudeDegrees>
							<LongitudeDegrees>7.795707552</LongitudeDegrees>
						</Position>
						<AltitudeMeters>424.49</AltitudeMeters>
						<DistanceMeters>2793.33</DistanceMeters>
						<HeartRateBpm>
							<Value>135</Value>
						</HeartRateBpm>
						<Extensions>
							<ns3:TPX>
								<ns3:Speed>1.67</ns3:Speed>
								<ns3:Watts>95</ns3:Watts>
							</ns3:TPX>
						</Extensions>
					</Trackpoint>
					<Trackpoint>
						<Time>2025-01-28T14:38:41.879Z</Time>
						<Position>
							<LatitudeDegrees>47.965858255</LatitudeDegrees>
							<LongitudeDegrees>7.795762134</LongitudeDegrees>
						</Position>
						<AltitudeMeters>423.43</AltitudeMeters>
						<DistanceMeters>2798.34</DistanceMeters>
						<HeartRateBpm>
							<Value>135</Value>
						</HeartRateBpm>
						<Extensions>
							<ns3:TPX>
								<ns3:Speed>1.70</ns3:Speed>
								<ns3:Watts>113</ns3:Watts>
							</ns3:TPX>
						</Extensions>
					</Trackpoint>
					<Trackpoint>
						<Time>2025-01-28T14:38:44.877Z</Time>
						<Position>
							<LatitudeDegrees>47.965816421</LatitudeDegrees>
							<LongitudeDegrees>7.795844084</LongitudeDegrees>
						</Position>
						<AltitudeMeters>424.11</AltitudeMeters>
						<DistanceMeters>2806.03</DistanceMeters>
						<HeartRateBpm>
							<Value>135</Value>
						</HeartRateBpm>
						<Extensions>
							<ns3:TPX>
								<ns3:Speed>1.62</ns3:Speed>
								<ns3:Watts>122</ns3:Watts>
							</ns3:TPX>
						</Extensions>
					</Trackpoint>
					<Trackpoint>
						<Time>2025-01-28T14:38:47.876Z</Time>
						<Position>
							<LatitudeDegrees>47.965767602</LatitudeDegrees>
							<LongitudeDegrees>7.795913129</LongitudeDegrees>
						</Position>
						<AltitudeMeters>424.23</AltitudeMeters>
						<DistanceMeters>2813.52</DistanceMeters>
						<HeartRateBpm>
							<Value>135</Value>
						</HeartRateBpm>
						<Extensions>
							<ns3:TPX>
								<ns3:Speed>1.63</ns3:Speed>
								<ns3:Watts>126</ns3:Watts>
							</ns3:TPX>
						</Extensions>
					</Trackpoint>
					<Trackpoint>
						<Time>2025-01-28T14:38:50.877Z</Time>
						<Position>
							<LatitudeDegrees>47.965728920</LatitudeDegrees>
							<LongitudeDegrees>7.795984764</LongitudeDegrees>
						</Position>
						<AltitudeMeters>424.38</AltitudeMeters>
						<DistanceMeters>2820.38</DistanceMeters>
						<HeartRateBpm>
							<Value>135</Value>
						</HeartRateBpm>
						<Extensions>
							<ns3:TPX>
								<ns3:Speed>1.57</ns3:Speed>
								<ns3:Watts>99</ns3:Watts>
							</ns3:TPX>
						</Extensions>
					</Trackpoint>
					<Trackpoint>
						<Time>2025-01-28T14:38:53.880Z</Time>
						<Position>
							<LatitudeDegrees>47.965690400</LatitudeDegrees>
							<LongitudeDegrees>7.796056083</LongitudeDegrees>
						</Position>
						<AltitudeMeters>426.64</AltitudeMeters>
						<DistanceMeters>2827.21</DistanceMeters>
						<HeartRateBpm>
							<Value>135</Value>
						</HeartRateBpm>
						<Extensions>
							<ns3:TPX>
								<ns3:Speed>1.46</ns3:Speed>
								<ns3:Watts>110</ns3:Watts>
							</ns3:TPX>
						</Extensions>
					</Trackpoint>
					<Trackpoint>
						<Time>2025-01-28T14:38:56.877Z</Time>
						<Position>
							<LatitudeDegrees>47.965652284</LatitudeDegrees>
							<LongitudeDegrees>7.796124154</LongitudeDegrees>
						</Position>
						<AltitudeMeters>426.51</AltitudeMeters>
						<DistanceMeters>2833.83</DistanceMeters>
						<HeartRateBpm>
							<Value>135</Value>
						</HeartRateBpm>
						<Extensions>
							<ns3:TPX>
								<ns3:Speed>1.50</ns3:Speed>
								<ns3:Watts>122</ns3:Watts>
							</ns3:TPX>
						</Extensions>
					</Trackpoint>
					<Trackpoint>
						<Time>2025-01-28T14:38:59.877Z</Time>
						<Position>
							<LatitudeDegrees>47.965609979</LatitudeDegrees>
							<LongitudeDegrees>7.796193557</LongitudeDegrees>
						</Position>
						<AltitudeMeters>426.14</AltitudeMeters>
						<DistanceMeters>2840.83</DistanceMeters>
						<HeartRateBpm>
							<Value>135</Value>
						</HeartRateBpm>
						<Extensions>
							<ns3:TPX>
								<ns3:Speed>1.54</ns3:Speed>
								<ns3:Watts>129</ns3:Watts>
							</ns3:TPX>
						</Extensions>
					</Trackpoint>
					<Trackpoint>
						<Time>2025-01-28T14:39:02.878Z</Time>
						<Position>
							<LatitudeDegrees>47.965567084</LatitudeDegrees>
							<LongitudeDegrees>7.796259258</LongitudeDegrees>
						</Position>
						<AltitudeMeters>426.37</AltitudeMeters>
						<DistanceMeters>2847.67</DistanceMeters>
						<HeartRateBpm>
							<Value>135</Value>
						</HeartRateBpm>
						<Extensions>
							<ns3:TPX>
								<ns3:Speed>1.86</ns3:Speed>
								<ns3:Watts>129</ns3:Watts>
							</ns3:TPX>
						</Extensions>
					</Trackpoint>
					<Trackpoint>
						<Time>2025-01-28T14:39:04.877Z</Time>
						<Position>
							<LatitudeDegrees>47.965539882</LatitudeDegrees>
							<LongitudeDegrees>7.796315799</LongitudeDegrees>
						</Position>
						<AltitudeMeters>426.45</AltitudeMeters>
						<DistanceMeters>2852.87</DistanceMeters>
						<HeartRateBpm>
							<Value>135</Value>
						</HeartRateBpm>
						<Extensions>
							<ns3:TPX>
								<ns3:Speed>1.77</ns3:Speed>
								<ns3:Watts>108</ns3:Watts>
							</ns3:TPX>
						</Extensions>
					</Trackpoint>
					<Trackpoint>
						<Time>2025-01-28T14:39:07.880Z</Time>
						<Position>
							<LatitudeDegrees>47.965503967</LatitudeDegrees>
							<LongitudeDegrees>7.796382484</LongitudeDegrees>
						</Position>
						<AltitudeMeters>426.90</AltitudeMeters>
						<DistanceMeters>2859.25</DistanceMeters>
						<HeartRateBpm>
							<Value>136</Value>
						</HeartRateBpm>
						<Extensions>
							<ns3:TPX>
								<ns3:Speed>1.70</ns3:Speed>
								<ns3:Watts>112</ns3:Watts>
							</ns3:TPX>
						</Extensions>
					</Trackpoint>
					<Trackpoint>
						<Time>2025-01-28T14:39:10.881Z</Time>
						<Position>
							<LatitudeDegrees>47.965468052</LatitudeDegrees>
							<LongitudeDegrees>7.796458614</LongitudeDegrees>
						</Position>
						<AltitudeMeters>426.81</AltitudeMeters>
						<DistanceMeters>2866.20</DistanceMeters>
						<HeartRateBpm>
							<Value>136</Value>
						</HeartRateBpm>
						<Extensions>
							<ns3:TPX>
								<ns3:Speed>1.67</ns3:Speed>
								<ns3:Watts>124</ns3:Watts>
							</ns3:TPX>
						</Extensions>
					</Trackpoint>
					<Trackpoint>
						<Time>2025-01-28T14:39:13.879Z</Time>
						<Position>
							<LatitudeDegrees>47.965426147</LatitudeDegrees>
							<LongitudeDegrees>7.796523623</LongitudeDegrees>
						</Position>
						<AltitudeMeters>428.44</AltitudeMeters>
						<DistanceMeters>2872.93</DistanceMeters>
						<HeartRateBpm>
							<Value>137</Value>
						</HeartRateBpm>
						<Extensions>
							<ns3:TPX>
								<ns3:Speed>1.69</ns3:Speed>
								<ns3:Watts>143</ns3:Watts>
							</ns3:TPX>
						</Extensions>
					</Trackpoint>
					<Trackpoint>
						<Time>2025-01-28T14:39:16.880Z</Time>
						<Position>
							<LatitudeDegrees>47.965385880</LatitudeDegrees>
							<LongitudeDegrees>7.796592867</LongitudeDegrees>
						</Position>
						<AltitudeMeters>428.12</AltitudeMeters>
						<DistanceMeters>2879.77</DistanceMeters>
						<HeartRateBpm>
							<Value>138</Value>
						</HeartRateBpm>
						<Extensions>
							<ns3:TPX>
								<ns3:Speed>1.70</ns3:Speed>
								<ns3:Watts>140</ns3:Watts>
							</ns3:TPX>
						</Extensions>
					</Trackpoint>
					<Trackpoint>
						<Time>2025-01-28T14:39:19.877Z</Time>
						<Position>
							<LatitudeDegrees>47.965350249</LatitudeDegrees>
							<LongitudeDegrees>7.796666222</LongitudeDegrees>
						</Position>
						<AltitudeMeters>427.88</AltitudeMeters>
						<DistanceMeters>2886.53</DistanceMeters>
						<HeartRateBpm>
							<Value>138</Value>
						</HeartRateBpm>
						<Extensions>
							<ns3:TPX>
								<ns3:Speed>1.72</ns3:Speed>
								<ns3:Watts>116</ns3:Watts>
							</ns3:TPX>
						</Extensions>
					</Trackpoint>
					<Trackpoint>
						<Time>2025-01-28T14:39:22.881Z</Time>
						<Position>
							<LatitudeDegrees>47.965309893</LatitudeDegrees>
							<LongitudeDegrees>7.796734529</LongitudeDegrees>
						</Position>
						<AltitudeMeters>428.18</AltitudeMeters>
						<DistanceMeters>2893.32</DistanceMeters>
						<HeartRateBpm>
							<Value>139</Value>
						</HeartRateBpm>
						<Extensions>
							<ns3:TPX>
								<ns3:Speed>1.73</ns3:Speed>
								<ns3:Watts>111</ns3:Watts>
							</ns3:TPX>
						</Extensions>
					</Trackpoint>
					<Trackpoint>
						<Time>2025-01-28T14:39:25.879Z</Time>
						<Position>
							<LatitudeDegrees>47.965266515</LatitudeDegrees>
							<LongitudeDegrees>7.796804409</LongitudeDegrees>
						</Position>
						<AltitudeMeters>429.51</AltitudeMeters>
						<DistanceMeters>2900.43</DistanceMeters>
						<HeartRateBpm>
							<Value>139</Value>
						</HeartRateBpm>
						<Extensions>
							<ns3:TPX>
								<ns3:Speed>1.75</ns3:Speed>
								<ns3:Watts>119</ns3:Watts>
							</ns3:TPX>
						</Extensions>
					</Trackpoint>
					<Trackpoint>
						<Time>2025-01-28T14:39:28.880Z</Time>
						<Position>
							<LatitudeDegrees>47.965232864</LatitudeDegrees>
							<LongitudeDegrees>7.796889389</LongitudeDegrees>
						</Position>
						<AltitudeMeters>428.90</AltitudeMeters>
						<DistanceMeters>2907.80</DistanceMeters>
						<HeartRateBpm>
							<Value>139</Value>
						</HeartRateBpm>
						<Extensions>
							<ns3:TPX>
								<ns3:Speed>1.77</ns3:Speed>
								<ns3:Watts>122</ns3:Watts>
							</ns3:TPX>
						</Extensions>
					</Trackpoint>
					<Trackpoint>
						<Time>2025-01-28T14:39:31.879Z</Time>
						<Position>
							<LatitudeDegrees>47.965193983</LatitudeDegrees>
							<LongitudeDegrees>7.796967567</LongitudeDegrees>
						</Position>
						<AltitudeMeters>429.62</AltitudeMeters>
						<DistanceMeters>2915.06</DistanceMeters>
						<HeartRateBpm>
							<Value>139</Value>
						</HeartRateBpm>
						<Extensions>
							<ns3:TPX>
								<ns3:Speed>1.76</ns3:Speed>
								<ns3:Watts>141</ns3:Watts>
							</ns3:TPX>
						</Extensions>
					</Trackpoint>
					<Trackpoint>
						<Time>2025-01-28T14:39:34.881Z</Time>
						<Position>
							<LatitudeDegrees>47.965148994</LatitudeDegrees>
							<LongitudeDegrees>7.797034964</LongitudeDegrees>
						</Position>
						<AltitudeMeters>429.42</AltitudeMeters>
						<DistanceMeters>2922.16</DistanceMeters>
						<HeartRateBpm>
							<Value>139</Value>
						</HeartRateBpm>
						<Extensions>
							<ns3:TPX>
								<ns3:Speed>1.79</ns3:Speed>
								<ns3:Watts>135</ns3:Watts>
							</ns3:TPX>
						</Extensions>
					</Trackpoint>
					<Trackpoint>
						<Time>2025-01-28T14:39:37.880Z</Time>
						<Position>
							<LatitudeDegrees>47.965109267</LatitudeDegrees>
							<LongitudeDegrees>7.797105306</LongitudeDegrees>
						</Position>
						<AltitudeMeters>430.20</AltitudeMeters>
						<DistanceMeters>2929.02</DistanceMeters>
						<HeartRateBpm>
							<Value>139</Value>
						</HeartRateBpm>
						<Extensions>
							<ns3:TPX>
								<ns3:Speed>1.76</ns3:Speed>
								<ns3:Watts>118</ns3:Watts>
							</ns3:TPX>
						</Extensions>
					</Trackpoint>
					<Trackpoint>
						<Time>2025-01-28T14:39:40.877Z</Time>
						<Position>
							<LatitudeDegrees>47.965082009</LatitudeDegrees>
							<LongitudeDegrees>7.797187632</LongitudeDegrees>
						</Position>
						<AltitudeMeters>431.46</AltitudeMeters>
						<DistanceMeters>2935.88</DistanceMeters>
						<HeartRateBpm>
							<Value>140</Value>
						</HeartRateBpm>
						<Extensions>
							<ns3:TPX>
								<ns3:Speed>1.77</ns3:Speed>
								<ns3:Watts>123</ns3:Watts>
							</ns3:TPX>
						</Extensions>
					</Trackpoint>
					<Trackpoint>
						<Time>2025-01-28T14:39:43.877Z</Time>
						<Position>
							<LatitudeDegrees>47.965038048</LatitudeDegrees>
							<LongitudeDegrees>7.797253551</LongitudeDegrees>
						</Position>
						<AltitudeMeters>431.03</AltitudeMeters>
						<DistanceMeters>2942.81</DistanceMeters>
						<HeartRateBpm>
							<Value>140</Value>
						</HeartRateBpm>
						<Extensions>
							<ns3:TPX>
								<ns3:Speed>1.80</ns3:Speed>
								<ns3:Watts>124</ns3:Watts>
							</ns3:TPX>
						</Extensions>
					</Trackpoint>
					<Trackpoint>
						<Time>2025-01-28T14:39:46.875Z</Time>
						<Position>
							<LatitudeDegrees>47.965001256</LatitudeDegrees>
							<LongitudeDegrees>7.797333422</LongitudeDegrees>
						</Position>
						<AltitudeMeters>431.57</AltitudeMeters>
						<DistanceMeters>2950.05</DistanceMeters>
						<HeartRateBpm>
							<Value>140</Value>
						</HeartRateBpm>
						<Extensions>
							<ns3:TPX>
								<ns3:Speed>1.78</ns3:Speed>
								<ns3:Watts>135</ns3:Watts>
							</ns3:TPX>
						</Extensions>
					</Trackpoint>
					<Trackpoint>
						<Time>2025-01-28T14:39:49.874Z</Time>
						<Position>
							<LatitudeDegrees>47.964968417</LatitudeDegrees>
							<LongitudeDegrees>7.797416535</LongitudeDegrees>
						</Position>
						<AltitudeMeters>432.81</AltitudeMeters>
						<DistanceMeters>2957.25</DistanceMeters>
						<HeartRateBpm>
							<Value>141</Value>
						</HeartRateBpm>
						<Extensions>
							<ns3:TPX>
								<ns3:Speed>1.81</ns3:Speed>
								<ns3:Watts>154</ns3:Watts>
							</ns3:TPX>
						</Extensions>
					</Trackpoint>
					<Trackpoint>
						<Time>2025-01-28T14:39:51.875Z</Time>
						<Position>
							<LatitudeDegrees>47.964944315</LatitudeDegrees>
							<LongitudeDegrees>7.797473623</LongitudeDegrees>
						</Position>
						<AltitudeMeters>432.51</AltitudeMeters>
						<DistanceMeters>2962.28</DistanceMeters>
						<HeartRateBpm>
							<Value>141</Value>
						</HeartRateBpm>
						<Extensions>
							<ns3:TPX>
								<ns3:Speed>1.81</ns3:Speed>
								<ns3:Watts>144</ns3:Watts>
							</ns3:TPX>
						</Extensions>
					</Trackpoint>
					<Trackpoint>
						<Time>2025-01-28T14:39:54.875Z</Time>
						<Position>
							<LatitudeDegrees>47.964902439</LatitudeDegrees>
							<LongitudeDegrees>7.797550938</LongitudeDegrees>
						</Position>
						<AltitudeMeters>432.09</AltitudeMeters>
						<DistanceMeters>2969.70</DistanceMeters>
						<HeartRateBpm>
							<Value>141</Value>
						</HeartRateBpm>
						<Extensions>
							<ns3:TPX>
								<ns3:Speed>1.82</ns3:Speed>
								<ns3:Watts>119</ns3:Watts>
							</ns3:TPX>
						</Extensions>
					</Trackpoint>
					<Trackpoint>
						<Time>2025-01-28T14:39:57.878Z</Time>
						<Position>
							<LatitudeDegrees>47.964874740</LatitudeDegrees>
							<LongitudeDegrees>7.797635951</LongitudeDegrees>
						</Position>
						<AltitudeMeters>432.43</AltitudeMeters>
						<DistanceMeters>2976.76</DistanceMeters>
						<HeartRateBpm>
							<Value>141</Value>
						</HeartRateBpm>
						<Extensions>
							<ns3:TPX>
								<ns3:Speed>1.85</ns3:Speed>
								<ns3:Watts>140</ns3:Watts>
							</ns3:TPX>
						</Extensions>
					</Trackpoint>
					<Trackpoint>
						<Time>2025-01-28T14:40:00.876Z</Time>
						<Position>
							<LatitudeDegrees>47.964841990</LatitudeDegrees>
							<LongitudeDegrees>7.797722947</LongitudeDegrees>
						</Position>
						<AltitudeMeters>432.83</AltitudeMeters>
						<DistanceMeters>2984.20</DistanceMeters>
						<HeartRateBpm>
							<Value>141</Value>
						</HeartRateBpm>
						<Extensions>
							<ns3:TPX>
								<ns3:Speed>1.55</ns3:Speed>
								<ns3:Watts>132</ns3:Watts>
							</ns3:TPX>
						</Extensions>
					</Trackpoint>
					<Trackpoint>
						<Time>2025-01-28T14:40:03.879Z</Time>
						<Position>
							<LatitudeDegrees>47.964809212</LatitudeDegrees>
							<LongitudeDegrees>7.797797772</LongitudeDegrees>
						</Position>
						<AltitudeMeters>432.30</AltitudeMeters>
						<DistanceMeters>2990.88</DistanceMeters>
						<HeartRateBpm>
							<Value>141</Value>
						</HeartRateBpm>
						<Extensions>
							<ns3:TPX>
								<ns3:Speed>1.42</ns3:Speed>
								<ns3:Watts>132</ns3:Watts>
							</ns3:TPX>
						</Extensions>
					</Trackpoint>
					<Trackpoint>
						<Time>2025-01-28T14:40:06.875Z</Time>
						<Position>
							<LatitudeDegrees>47.964783178</LatitudeDegrees>
							<LongitudeDegrees>7.797876288</LongitudeDegrees>
						</Position>
						<AltitudeMeters>431.86</AltitudeMeters>
						<DistanceMeters>2997.42</DistanceMeters>
						<HeartRateBpm>
							<Value>141</Value>
						</HeartRateBpm>
						<Extensions>
							<ns3:TPX>
								<ns3:Speed>1.46</ns3:Speed>
								<ns3:Watts>113</ns3:Watts>
							</ns3:TPX>
						</Extensions>
					</Trackpoint>
					<Trackpoint>
						<Time>2025-01-28T14:40:09.875Z</Time>
						<Position>
							<LatitudeDegrees>47.964750426</LatitudeDegrees>
							<LongitudeDegrees>7.797954048</LongitudeDegrees>
						</Position>
						<AltitudeMeters>432.54</AltitudeMeters>
						<DistanceMeters>3004.27</DistanceMeters>
						<HeartRateBpm>
							<Value>140</Value>
						</HeartRateBpm>
						<Extensions>
							<ns3:TPX>
								<ns3:Speed>1.53</ns3:Speed>
								<ns3:Watts>109</ns3:Watts>
							</ns3:TPX>
						</Extensions>
					</Trackpoint>
					<Trackpoint>
						<Time>2025-01-28T14:40:12.878Z</Time>
						<Position>
							<LatitudeDegrees>47.964720611</LatitudeDegrees>
							<LongitudeDegrees>7.798035625</LongitudeDegrees>
						</Position>
						<AltitudeMeters>432.60</AltitudeMeters>
						<DistanceMeters>3011.21</DistanceMeters>
						<HeartRateBpm>
							<Value>140</Value>
						</HeartRateBpm>
						<Extensions>
							<ns3:TPX>
								<ns3:Speed>1.50</ns3:Speed>
								<ns3:Watts>112</ns3:Watts>
							</ns3:TPX>
						</Extensions>
					</Trackpoint>
					<Trackpoint>
						<Time>2025-01-28T14:40:14.879Z</Time>
						<Position>
							<LatitudeDegrees>47.964702206</LatitudeDegrees>
							<LongitudeDegrees>7.798105197</LongitudeDegrees>
						</Position>
						<AltitudeMeters>433.31</AltitudeMeters>
						<DistanceMeters>3016.79</DistanceMeters>
						<HeartRateBpm>
							<Value>141</Value>
						</HeartRateBpm>
						<Extensions>
							<ns3:TPX>
								<ns3:Speed>1.54</ns3:Speed>
								<ns3:Watts>120</ns3:Watts>
							</ns3:TPX>
						</Extensions>
					</Trackpoint>
					<Trackpoint>
						<Time>2025-01-28T14:40:17.870Z</Time>
						<Position>
							<LatitudeDegrees>47.964664924</LatitudeDegrees>
							<LongitudeDegrees>7.798189868</LongitudeDegrees>
						</Position>
						<AltitudeMeters>432.94</AltitudeMeters>
						<DistanceMeters>3024.35</DistanceMeters>
						<HeartRateBpm>
							<Value>141</Value>
						</HeartRateBpm>
						<Extensions>
							<ns3:TPX>
								<ns3:Speed>1.50</ns3:Speed>
								<ns3:Watts>93</ns3:Watts>
							</ns3:TPX>
						</Extensions>
					</Trackpoint>
					<Trackpoint>
						<Time>2025-01-28T14:40:19.874Z</Time>
						<Position>
							<LatitudeDegrees>47.964648045</LatitudeDegrees>
							<LongitudeDegrees>7.798259061</LongitudeDegrees>
						</Position>
						<AltitudeMeters>433.97</AltitudeMeters>
						<DistanceMeters>3029.85</DistanceMeters>
						<HeartRateBpm>
							<Value>141</Value>
						</HeartRateBpm>
						<Extensions>
							<ns3:TPX>
								<ns3:Speed>1.48</ns3:Speed>
								<ns3:Watts>80</ns3:Watts>
							</ns3:TPX>
						</Extensions>
					</Trackpoint>
					<Trackpoint>
						<Time>2025-01-28T14:40:21.878Z</Time>
						<Position>
							<LatitudeDegrees>47.964627960</LatitudeDegrees>
							<LongitudeDegrees>7.798322263</LongitudeDegrees>
						</Position>
						<AltitudeMeters>433.30</AltitudeMeters>
						<DistanceMeters>3035.07</DistanceMeters>
						<HeartRateBpm>
							<Value>141</Value>
						</HeartRateBpm>
						<Extensions>
							<ns3:TPX>
								<ns3:Speed>1.50</ns3:Speed>
								<ns3:Watts>72</ns3:Watts>
							</ns3:TPX>
						</Extensions>
					</Trackpoint>
					<Trackpoint>
						<Time>2025-01-28T14:40:24.877Z</Time>
						<Position>
							<LatitudeDegrees>47.964604587</LatitudeDegrees>
							<LongitudeDegrees>7.798412328</LongitudeDegrees>
						</Position>
						<AltitudeMeters>434.16</AltitudeMeters>
						<DistanceMeters>3042.28</DistanceMeters>
						<HeartRateBpm>
							<Value>141</Value>
						</HeartRateBpm>
						<Extensions>
							<ns3:TPX>
								<ns3:Speed>1.56</ns3:Speed>
								<ns3:Watts>67</ns3:Watts>
							</ns3:TPX>
						</Extensions>
					</Trackpoint>
					<Trackpoint>
						<Time>2025-01-28T14:40:26.877Z</Time>
						<Position>
							<LatitudeDegrees>47.964582410</LatitudeDegrees>
							<LongitudeDegrees>7.798471709</LongitudeDegrees>
						</Position>
						<AltitudeMeters>433.00</AltitudeMeters>
						<DistanceMeters>3047.35</DistanceMeters>
						<HeartRateBpm>
							<Value>141</Value>
						</HeartRateBpm>
						<Extensions>
							<ns3:TPX>
								<ns3:Speed>1.53</ns3:Speed>
								<ns3:Watts>74</ns3:Watts>
							</ns3:TPX>
						</Extensions>
					</Trackpoint>
					<Trackpoint>
						<Time>2025-01-28T14:40:28.878Z</Time>
						<Position>
							<LatitudeDegrees>47.964566214</LatitudeDegrees>
							<LongitudeDegrees>7.798535320</LongitudeDegrees>
						</Position>
						<AltitudeMeters>433.67</AltitudeMeters>
						<DistanceMeters>3052.43</DistanceMeters>
						<HeartRateBpm>
							<Value>141</Value>
						</HeartRateBpm>
						<Extensions>
							<ns3:TPX>
								<ns3:Speed>1.58</ns3:Speed>
								<ns3:Watts>80</ns3:Watts>
							</ns3:TPX>
						</Extensions>
					</Trackpoint>
					<Trackpoint>
						<Time>2025-01-28T14:40:30.878Z</Time>
						<Position>
							<LatitudeDegrees>47.964547030</LatitudeDegrees>
							<LongitudeDegrees>7.798600870</LongitudeDegrees>
						</Position>
						<AltitudeMeters>432.52</AltitudeMeters>
						<DistanceMeters>3057.77</DistanceMeters>
						<HeartRateBpm>
							<Value>141</Value>
						</HeartRateBpm>
						<Extensions>
							<ns3:TPX>
								<ns3:Speed>1.60</ns3:Speed>
								<ns3:Watts>91</ns3:Watts>
							</ns3:TPX>
						</Extensions>
					</Trackpoint>
					<Trackpoint>
						<Time>2025-01-28T14:40:32.879Z</Time>
						<Position>
							<LatitudeDegrees>47.964526885</LatitudeDegrees>
							<LongitudeDegrees>7.798665127</LongitudeDegrees>
						</Position>
						<AltitudeMeters>432.16</AltitudeMeters>
						<DistanceMeters>3063.07</DistanceMeters>
						<HeartRateBpm>
							<Value>141</Value>
						</HeartRateBpm>
						<Extensions>
							<ns3:TPX>
								<ns3:Speed>1.59</ns3:Speed>
								<ns3:Watts>90</ns3:Watts>
							</ns3:TPX>
						</Extensions>
					</Trackpoint>
					<Trackpoint>
						<Time>2025-01-28T14:40:34.878Z</Time>
						<Position>
							<LatitudeDegrees>47.964514106</LatitudeDegrees>
							<LongitudeDegrees>7.798731113</LongitudeDegrees>
						</Position>
						<AltitudeMeters>433.56</AltitudeMeters>
						<DistanceMeters>3068.20</DistanceMeters>
						<HeartRateBpm>
							<Value>141</Value>
						</HeartRateBpm>
						<Extensions>
							<ns3:TPX>
								<ns3:Speed>1.58</ns3:Speed>
								<ns3:Watts>105</ns3:Watts>
							</ns3:TPX>
						</Extensions>
					</Trackpoint>
					<Trackpoint>
						<Time>2025-01-28T14:40:37.880Z</Time>
						<Position>
							<LatitudeDegrees>47.964482835</LatitudeDegrees>
							<LongitudeDegrees>7.798817272</LongitudeDegrees>
						</Position>
						<AltitudeMeters>432.56</AltitudeMeters>
						<DistanceMeters>3075.51</DistanceMeters>
						<HeartRateBpm>
							<Value>141</Value>
						</HeartRateBpm>
						<Extensions>
							<ns3:TPX>
								<ns3:Speed>2.11</ns3:Speed>
								<ns3:Watts>124</ns3:Watts>
							</ns3:TPX>
						</Extensions>
					</Trackpoint>
					<Trackpoint>
						<Time>2025-01-28T14:40:39.879Z</Time>
						<Position>
							<LatitudeDegrees>47.964460415</LatitudeDegrees>
							<LongitudeDegrees>7.798878723</LongitudeDegrees>
						</Position>
						<AltitudeMeters>431.61</AltitudeMeters>
						<DistanceMeters>3080.74</DistanceMeters>
						<HeartRateBpm>
							<Value>141</Value>
						</HeartRateBpm>
						<Extensions>
							<ns3:TPX>
								<ns3:Speed>2.24</ns3:Speed>
								<ns3:Watts>94</ns3:Watts>
							</ns3:TPX>
						</Extensions>
					</Trackpoint>
					<Trackpoint>
						<Time>2025-01-28T14:40:41.877Z</Time>
						<Position>
							<LatitudeDegrees>47.964425795</LatitudeDegrees>
							<LongitudeDegrees>7.798954887</LongitudeDegrees>
						</Position>
						<AltitudeMeters>432.27</AltitudeMeters>
						<DistanceMeters>3087.60</DistanceMeters>
						<HeartRateBpm>
							<Value>141</Value>
						</HeartRateBpm>
						<Extensions>
							<ns3:TPX>
								<ns3:Speed>2.15</ns3:Speed>
								<ns3:Watts>89</ns3:Watts>
							</ns3:TPX>
						</Extensions>
					</Trackpoint>
					<Trackpoint>
						<Time>2025-01-28T14:40:43.879Z</Time>
						<Position>
							<LatitudeDegrees>47.964401081</LatitudeDegrees>
							<LongitudeDegrees>7.799030259</LongitudeDegrees>
						</Position>
						<AltitudeMeters>431.55</AltitudeMeters>
						<DistanceMeters>3093.87</DistanceMeters>
						<HeartRateBpm>
							<Value>140</Value>
						</HeartRateBpm>
						<Extensions>
							<ns3:TPX>
								<ns3:Speed>2.10</ns3:Speed>
								<ns3:Watts>81</ns3:Watts>
							</ns3:TPX>
						</Extensions>
					</Trackpoint>
					<Trackpoint>
						<Time>2025-01-28T14:40:45.879Z</Time>
						<Position>
							<LatitudeDegrees>47.964382541</LatitudeDegrees>
							<LongitudeDegrees>7.799105098</LongitudeDegrees>
						</Position>
						<AltitudeMeters>432.80</AltitudeMeters>
						<DistanceMeters>3099.82</DistanceMeters>
						<HeartRateBpm>
							<Value>140</Value>
						</HeartRateBpm>
						<Extensions>
							<ns3:TPX>
								<ns3:Speed>2.07</ns3:Speed>
								<ns3:Watts>56</ns3:Watts>
							</ns3:TPX>
						</Extensions>
					</Trackpoint>
					<Trackpoint>
						<Time>2025-01-28T14:40:47.880Z</Time>
						<Position>
							<LatitudeDegrees>47.964353207</LatitudeDegrees>
							<LongitudeDegrees>7.799174773</LongitudeDegrees>
						</Position>
						<AltitudeMeters>430.56</AltitudeMeters>
						<DistanceMeters>3105.97</DistanceMeters>
						<HeartRateBpm>
							<Value>140</Value>
						</HeartRateBpm>
						<Extensions>
							<ns3:TPX>
								<ns3:Speed>1.72</ns3:Speed>
								<ns3:Watts>49</ns3:Watts>
							</ns3:TPX>
						</Extensions>
					</Trackpoint>
					<Trackpoint>
						<Time>2025-01-28T14:40:49.880Z</Time>
						<Position>
							<LatitudeDegrees>47.964330120</LatitudeDegrees>
							<LongitudeDegrees>7.799242740</LongitudeDegrees>
						</Position>
						<AltitudeMeters>431.30</AltitudeMeters>
						<DistanceMeters>3111.65</DistanceMeters>
						<HeartRateBpm>
							<Value>140</Value>
						</HeartRateBpm>
						<Extensions>
							<ns3:TPX>
								<ns3:Speed>1.79</ns3:Speed>
								<ns3:Watts>70</ns3:Watts>
							</ns3:TPX>
						</Extensions>
					</Trackpoint>
					<Trackpoint>
						<Time>2025-01-28T14:40:51.879Z</Time>
						<Position>
							<LatitudeDegrees>47.964302591</LatitudeDegrees>
							<LongitudeDegrees>7.799309672</LongitudeDegrees>
						</Position>
						<AltitudeMeters>430.55</AltitudeMeters>
						<DistanceMeters>3117.51</DistanceMeters>
						<HeartRateBpm>
							<Value>140</Value>
						</HeartRateBpm>
						<Extensions>
							<ns3:TPX>
								<ns3:Speed>1.72</ns3:Speed>
								<ns3:Watts>76</ns3:Watts>
							</ns3:TPX>
						</Extensions>
					</Trackpoint>
					<Trackpoint>
						<Time>2025-01-28T14:40:54.873Z</Time>
						<Position>
							<LatitudeDegrees>47.964264990</LatitudeDegrees>
							<LongitudeDegrees>7.799378867</LongitudeDegrees>
						</Position>
						<AltitudeMeters>430.04</AltitudeMeters>
						<DistanceMeters>3124.16</DistanceMeters>
						<HeartRateBpm>
							<Value>139</Value>
						</HeartRateBpm>
						<Extensions>
							<ns3:TPX>
								<ns3:Speed>1.73</ns3:Speed>
								<ns3:Watts>95</ns3:Watts>
							</ns3:TPX>
						</Extensions>
					</Trackpoint>
					<Trackpoint>
						<Time>2025-01-28T14:40:57.879Z</Time>
						<Position>
							<LatitudeDegrees>47.964207275</LatitudeDegrees>
							<LongitudeDegrees>7.799437399</LongitudeDegrees>
						</Position>
						<AltitudeMeters>428.76</AltitudeMeters>
						<DistanceMeters>3131.93</DistanceMeters>
						<HeartRateBpm>
							<Value>139</Value>
						</HeartRateBpm>
						<Extensions>
							<ns3:TPX>
								<ns3:Speed>1.69</ns3:Speed>
								<ns3:Watts>91</ns3:Watts>
							</ns3:TPX>
						</Extensions>
					</Trackpoint>
					<Trackpoint>
						<Time>2025-01-28T14:40:59.878Z</Time>
						<Position>
							<LatitudeDegrees>47.964160974</LatitudeDegrees>
							<LongitudeDegrees>7.799455097</LongitudeDegrees>
						</Position>
						<AltitudeMeters>426.78</AltitudeMeters>
						<DistanceMeters>3137.24</DistanceMeters>
						<HeartRateBpm>
							<Value>139</Value>
						</HeartRateBpm>
						<Extensions>
							<ns3:TPX>
								<ns3:Speed>1.73</ns3:Speed>
								<ns3:Watts>94</ns3:Watts>
							</ns3:TPX>
						</Extensions>
					</Trackpoint>
					<Trackpoint>
						<Time>2025-01-28T14:41:02.878Z</Time>
						<Position>
							<LatitudeDegrees>47.964099445</LatitudeDegrees>
							<LongitudeDegrees>7.799482932</LongitudeDegrees>
						</Position>
						<AltitudeMeters>427.86</AltitudeMeters>
						<DistanceMeters>3144.39</DistanceMeters>
						<HeartRateBpm>
							<Value>139</Value>
						</HeartRateBpm>
						<Extensions>
							<ns3:TPX>
								<ns3:Speed>1.80</ns3:Speed>
								<ns3:Watts>86</ns3:Watts>
							</ns3:TPX>
						</Extensions>
					</Trackpoint>
					<Trackpoint>
						<Time>2025-01-28T14:41:04.879Z</Time>
						<Position>
							<LatitudeDegrees>47.964052394</LatitudeDegrees>
							<LongitudeDegrees>7.799475508</LongitudeDegrees>
						</Position>
						<AltitudeMeters>426.38</AltitudeMeters>
						<DistanceMeters>3149.65</DistanceMeters>
						<HeartRateBpm>
							<Value>139</Value>
						</HeartRateBpm>
						<Extensions>
							<ns3:TPX>
								<ns3:Speed>1.77</ns3:Speed>
								<ns3:Watts>83</ns3:Watts>
							</ns3:TPX>
						</Extensions>
					</Trackpoint>
					<Trackpoint>
						<Time>2025-01-28T14:41:06.877Z</Time>
						<Position>
							<LatitudeDegrees>47.964005348</LatitudeDegrees>
							<LongitudeDegrees>7.799500129</LongitudeDegrees>
						</Position>
						<AltitudeMeters>427.88</AltitudeMeters>
						<DistanceMeters>3155.20</DistanceMeters>
						<HeartRateBpm>
							<Value>139</Value>
						</HeartRateBpm>
						<Extensions>
							<ns3:TPX>
								<ns3:Speed>1.76</ns3:Speed>
								<ns3:Watts>65</ns3:Watts>
							</ns3:TPX>
						</Extensions>
					</Trackpoint>
					<Trackpoint>
						<Time>2025-01-28T14:41:08.879Z</Time>
						<Position>
							<LatitudeDegrees>47.963957431</LatitudeDegrees>
							<LongitudeDegrees>7.799508205</LongitudeDegrees>
						</Position>
						<AltitudeMeters>427.35</AltitudeMeters>
						<DistanceMeters>3160.56</DistanceMeters>
						<HeartRateBpm>
							<Value>139</Value>
						</HeartRateBpm>
						<Extensions>
							<ns3:TPX>
								<ns3:Speed>1.69</ns3:Speed>
								<ns3:Watts>60</ns3:Watts>
							</ns3:TPX>
						</Extensions>
					</Trackpoint>
					<Trackpoint>
						<Time>2025-01-28T14:41:10.876Z</Time>
						<Position>
							<LatitudeDegrees>47.963910318</LatitudeDegrees>
							<LongitudeDegrees>7.799511681</LongitudeDegrees>
						</Position>
						<AltitudeMeters>427.29</AltitudeMeters>
						<DistanceMeters>3165.80</DistanceMeters>
						<HeartRateBpm>
							<Value>139</Value>
						</HeartRateBpm>
						<Extensions>
							<ns3:TPX>
								<ns3:Speed>1.76</ns3:Speed>
								<ns3:Watts>59</ns3:Watts>
							</ns3:TPX>
						</Extensions>
					</Trackpoint>
					<Trackpoint>
						<Time>2025-01-28T14:41:12.878Z</Time>
						<Position>
							<LatitudeDegrees>47.963859845</LatitudeDegrees>
							<LongitudeDegrees>7.799513739</LongitudeDegrees>
						</Position>
						<AltitudeMeters>429.06</AltitudeMeters>
						<DistanceMeters>3171.42</DistanceMeters>
						<HeartRateBpm>
							<Value>139</Value>
						</HeartRateBpm>
						<Extensions>
							<ns3:TPX>
								<ns3:Speed>1.76</ns3:Speed>
								<ns3:Watts>58</ns3:Watts>
							</ns3:TPX>
						</Extensions>
					</Trackpoint>
					<Trackpoint>
						<Time>2025-01-28T14:41:14.878Z</Time>
						<Position>
							<LatitudeDegrees>47.963811438</LatitudeDegrees>
							<LongitudeDegrees>7.799508651</LongitudeDegrees>
						</Position>
						<AltitudeMeters>428.40</AltitudeMeters>
						<DistanceMeters>3176.81</DistanceMeters>
						<HeartRateBpm>
							<Value>139</Value>
						</HeartRateBpm>
						<Extensions>
							<ns3:TPX>
								<ns3:Speed>1.71</ns3:Speed>
								<ns3:Watts>66</ns3:Watts>
							</ns3:TPX>
						</Extensions>
					</Trackpoint>
					<Trackpoint>
						<Time>2025-01-28T14:41:16.879Z</Time>
						<Position>
							<LatitudeDegrees>47.963764841</LatitudeDegrees>
							<LongitudeDegrees>7.799500195</LongitudeDegrees>
						</Position>
						<AltitudeMeters>428.40</AltitudeMeters>
						<DistanceMeters>3182.03</DistanceMeters>
						<HeartRateBpm>
							<Value>139</Value>
						</HeartRateBpm>
						<Extensions>
							<ns3:TPX>
								<ns3:Speed>1.81</ns3:Speed>
								<ns3:Watts>58</ns3:Watts>
							</ns3:TPX>
						</Extensions>
					</Trackpoint>
					<Trackpoint>
						<Time>2025-01-28T14:41:18.880Z</Time>
						<Position>
							<LatitudeDegrees>47.963711107</LatitudeDegrees>
							<LongitudeDegrees>7.799486023</LongitudeDegrees>
						</Position>
						<AltitudeMeters>430.38</AltitudeMeters>
						<DistanceMeters>3188.10</DistanceMeters>
						<HeartRateBpm>
							<Value>139</Value>
						</HeartRateBpm>
						<Extensions>
							<ns3:TPX>
								<ns3:Speed>1.72</ns3:Speed>
								<ns3:Watts>60</ns3:Watts>
							</ns3:TPX>
						</Extensions>
					</Trackpoint>
					<Trackpoint>
						<Time>2025-01-28T14:41:20.876Z</Time>
						<Position>
							<LatitudeDegrees>47.963659281</LatitudeDegrees>
							<LongitudeDegrees>7.799473705</LongitudeDegrees>
						</Position>
						<AltitudeMeters>430.61</AltitudeMeters>
						<DistanceMeters>3193.94</DistanceMeters>
						<HeartRateBpm>
							<Value>139</Value>
						</HeartRateBpm>
						<Extensions>
							<ns3:TPX>
								<ns3:Speed>1.68</ns3:Speed>
								<ns3:Watts>68</ns3:Watts>
							</ns3:TPX>
						</Extensions>
					</Trackpoint>
					<Trackpoint>
						<Time>2025-01-28T14:41:22.878Z</Time>
						<Position>
							<LatitudeDegrees>47.963605255</LatitudeDegrees>
							<LongitudeDegrees>7.799478181</LongitudeDegrees>
						</Position>
						<AltitudeMeters>432.46</AltitudeMeters>
						<DistanceMeters>3199.95</DistanceMeters>
						<HeartRateBpm>
							<Value>138</Value>
						</HeartRateBpm>
						<Extensions>
							<ns3:TPX>
								<ns3:Speed>1.76</ns3:Speed>
								<ns3:Watts>59</ns3:Watts>
							</ns3:TPX>
						</Extensions>
					</Trackpoint>
					<Trackpoint>
						<Time>2025-01-28T14:41:24.878Z</Time>
						<Position>
							<LatitudeDegrees>47.963554958</LatitudeDegrees>
							<LongitudeDegrees>7.799461405</LongitudeDegrees>
						</Position>
						<AltitudeMeters>431.58</AltitudeMeters>
						<DistanceMeters>3205.68</DistanceMeters>
						<HeartRateBpm>
							<Value>138</Value>
						</HeartRateBpm>
						<Extensions>
							<ns3:TPX>
								<ns3:Speed>1.72</ns3:Speed>
								<ns3:Watts>52</ns3:Watts>
							</ns3:TPX>
						</Extensions>
					</Trackpoint>
					<Trackpoint>
						<Time>2025-01-28T14:41:26.878Z</Time>
						<Position>
							<LatitudeDegrees>47.963505664</LatitudeDegrees>
							<LongitudeDegrees>7.799445855</LongitudeDegrees>
						</Position>
						<AltitudeMeters>432.01</AltitudeMeters>
						<DistanceMeters>3211.29</DistanceMeters>
						<HeartRateBpm>
							<Value>137</Value>
						</HeartRateBpm>
						<Extensions>
							<ns3:TPX>
								<ns3:Speed>1.72</ns3:Speed>
								<ns3:Watts>48</ns3:Watts>
							</ns3:TPX>
						</Extensions>
					</Trackpoint>
					<Trackpoint>
						<Time>2025-01-28T14:41:28.877Z</Time>
						<Position>
							<LatitudeDegrees>47.963451934</LatitudeDegrees>
							<LongitudeDegrees>7.799443582</LongitudeDegrees>
						</Position>
						<AltitudeMeters>434.13</AltitudeMeters>
						<DistanceMeters>3217.26</DistanceMeters>
						<HeartRateBpm>
							<Value>137</Value>
						</HeartRateBpm>
						<Extensions>
							<ns3:TPX>
								<ns3:Speed>1.68</ns3:Speed>
								<ns3:Watts>60</ns3:Watts>
							</ns3:TPX>
						</Extensions>
					</Trackpoint>
					<Trackpoint>
						<Time>2025-01-28T14:41:30.875Z</Time>
						<Position>
							<LatitudeDegrees>47.963402499</LatitudeDegrees>
							<LongitudeDegrees>7.799447416</LongitudeDegrees>
						</Position>
						<AltitudeMeters>433.88</AltitudeMeters>
						<DistanceMeters>3222.77</DistanceMeters>
						<HeartRateBpm>
							<Value>137</Value>
						</HeartRateBpm>
						<Extensions>
							<ns3:TPX>
								<ns3:Speed>1.68</ns3:Speed>
								<ns3:Watts>72</ns3:Watts>
							</ns3:TPX>
						</Extensions>
					</Trackpoint>
					<Trackpoint>
						<Time>2025-01-28T14:41:32.880Z</Time>
						<Position>
							<LatitudeDegrees>47.963351079</LatitudeDegrees>
							<LongitudeDegrees>7.799440180</LongitudeDegrees>
						</Position>
						<AltitudeMeters>435.46</AltitudeMeters>
						<DistanceMeters>3228.51</DistanceMeters>
						<HeartRateBpm>
							<Value>137</Value>
						</HeartRateBpm>
						<Extensions>
							<ns3:TPX>
								<ns3:Speed>1.78</ns3:Speed>
								<ns3:Watts>74</ns3:Watts>
							</ns3:TPX>
						</Extensions>
					</Trackpoint>
					<Trackpoint>
						<Time>2025-01-28T14:41:34.878Z</Time>
						<Position>
							<LatitudeDegrees>47.963294665</LatitudeDegrees>
							<LongitudeDegrees>7.799437130</LongitudeDegrees>
						</Position>
						<AltitudeMeters>434.96</AltitudeMeters>
						<DistanceMeters>3234.79</DistanceMeters>
						<HeartRateBpm>
							<Value>138</Value>
						</HeartRateBpm>
						<Extensions>
							<ns3:TPX>
								<ns3:Speed>1.68</ns3:Speed>
								<ns3:Watts>77</ns3:Watts>
							</ns3:TPX>
						</Extensions>
					</Trackpoint>
					<Trackpoint>
						<Time>2025-01-28T14:41:36.880Z</Time>
						<Position>
							<LatitudeDegrees>47.963241696</LatitudeDegrees>
							<LongitudeDegrees>7.799427707</LongitudeDegrees>
						</Position>
						<AltitudeMeters>436.85</AltitudeMeters>
						<DistanceMeters>3240.72</DistanceMeters>
						<HeartRateBpm>
							<Value>137</Value>
						</HeartRateBpm>
						<Extensions>
							<ns3:TPX>
								<ns3:Speed>1.67</ns3:Speed>
								<ns3:Watts>82</ns3:Watts>
							</ns3:TPX>
						</Extensions>
					</Trackpoint>
					<Trackpoint>
						<Time>2025-01-28T14:41:38.879Z</Time>
						<Position>
							<LatitudeDegrees>47.963188766</LatitudeDegrees>
							<LongitudeDegrees>7.799426084</LongitudeDegrees>
						</Position>
						<AltitudeMeters>435.16</AltitudeMeters>
						<DistanceMeters>3246.60</DistanceMeters>
						<HeartRateBpm>
							<Value>137</Value>
						</HeartRateBpm>
						<Extensions>
							<ns3:TPX>
								<ns3:Speed>1.79</ns3:Speed>
								<ns3:Watts>87</ns3:Watts>
							</ns3:TPX>
						</Extensions>
					</Trackpoint>
					<Trackpoint>
						<Time>2025-01-28T14:41:40.879Z</Time>
						<Position>
							<LatitudeDegrees>47.963132447</LatitudeDegrees>
							<LongitudeDegrees>7.799432894</LongitudeDegrees>
						</Position>
						<AltitudeMeters>436.04</AltitudeMeters>
						<DistanceMeters>3252.89</DistanceMeters>
						<HeartRateBpm>
							<Value>137</Value>
						</HeartRateBpm>
						<Extensions>
							<ns3:TPX>
								<ns3:Speed>1.88</ns3:Speed>
								<ns3:Watts>94</ns3:Watts>
							</ns3:TPX>
						</Extensions>
					</Trackpoint>
					<Trackpoint>
						<Time>2025-01-28T14:41:42.877Z</Time>
						<Position>
							<LatitudeDegrees>47.963073222</LatitudeDegrees>
							<LongitudeDegrees>7.799448551</LongitudeDegrees>
						</Position>
						<AltitudeMeters>436.94</AltitudeMeters>
						<DistanceMeters>3259.58</DistanceMeters>
						<HeartRateBpm>
							<Value>137</Value>
						</HeartRateBpm>
						<Extensions>
							<ns3:TPX>
								<ns3:Speed>1.76</ns3:Speed>
								<ns3:Watts>104</ns3:Watts>
							</ns3:TPX>
						</Extensions>
					</Trackpoint>
					<Trackpoint>
						<Time>2025-01-28T14:41:44.879Z</Time>
						<Position>
							<LatitudeDegrees>47.963015845</LatitudeDegrees>
							<LongitudeDegrees>7.799458326</LongitudeDegrees>
						</Position>
						<AltitudeMeters>437.11</AltitudeMeters>
						<DistanceMeters>3266.00</DistanceMeters>
						<HeartRateBpm>
							<Value>136</Value>
						</HeartRateBpm>
						<Extensions>
							<ns3:TPX>
								<ns3:Speed>1.72</ns3:Speed>
								<ns3:Watts>112</ns3:Watts>
							</ns3:TPX>
						</Extensions>
					</Trackpoint>
					<Trackpoint>
						<Time>2025-01-28T14:41:46.875Z</Time>
						<Position>
							<LatitudeDegrees>47.962959256</LatitudeDegrees>
							<LongitudeDegrees>7.799468818</LongitudeDegrees>
						</Position>
						<AltitudeMeters>436.60</AltitudeMeters>
						<DistanceMeters>3272.34</DistanceMeters>
						<HeartRateBpm>
							<Value>136</Value>
						</HeartRateBpm>
						<Extensions>
							<ns3:TPX>
								<ns3:Speed>1.80</ns3:Speed>
								<ns3:Watts>89</ns3:Watts>
							</ns3:TPX>
						</Extensions>
					</Trackpoint>
					<Trackpoint>
						<Time>2025-01-28T14:41:48.878Z</Time>
						<Position>
							<LatitudeDegrees>47.962894539</LatitudeDegrees>
							<LongitudeDegrees>7.799480691</LongitudeDegrees>
						</Position>
						<AltitudeMeters>438.40</AltitudeMeters>
						<DistanceMeters>3279.59</DistanceMeters>
						<HeartRateBpm>
							<Value>136</Value>
						</HeartRateBpm>
						<Extensions>
							<ns3:TPX>
								<ns3:Speed>1.79</ns3:Speed>
								<ns3:Watts>55</ns3:Watts>
							</ns3:TPX>
						</Extensions>
					</Trackpoint>
					<Trackpoint>
						<Time>2025-01-28T14:41:50.877Z</Time>
						<Position>
							<LatitudeDegrees>47.962830384</LatitudeDegrees>
							<LongitudeDegrees>7.799492858</LongitudeDegrees>
						</Position>
						<AltitudeMeters>437.90</AltitudeMeters>
						<DistanceMeters>3286.78</DistanceMeters>
						<HeartRateBpm>
							<Value>136</Value>
						</HeartRateBpm>
						<Extensions>
							<ns3:TPX>
								<ns3:Speed>1.92</ns3:Speed>
								<ns3:Watts>17</ns3:Watts>
							</ns3:TPX>
						</Extensions>
					</Trackpoint>
					<Trackpoint>
						<Time>2025-01-28T14:41:52.878Z</Time>
						<Position>
							<LatitudeDegrees>47.962766549</LatitudeDegrees>
							<LongitudeDegrees>7.799494056</LongitudeDegrees>
						</Position>
						<AltitudeMeters>438.95</AltitudeMeters>
						<DistanceMeters>3293.88</DistanceMeters>
						<HeartRateBpm>
							<Value>135</Value>
						</HeartRateBpm>
						<Extensions>
							<ns3:TPX>
								<ns3:Speed>1.83</ns3:Speed>
							</ns3:TPX>
						</Extensions>
					</Trackpoint>
					<Trackpoint>
						<Time>2025-01-28T14:41:54.878Z</Time>
						<Position>
							<LatitudeDegrees>47.962701518</LatitudeDegrees>
							<LongitudeDegrees>7.799501011</LongitudeDegrees>
						</Position>
						<AltitudeMeters>438.65</AltitudeMeters>
						<DistanceMeters>3301.13</DistanceMeters>
						<HeartRateBpm>
							<Value>136</Value>
						</HeartRateBpm>
						<Extensions>
							<ns3:TPX>
								<ns3:Speed>1.93</ns3:Speed>
							</ns3:TPX>
						</Extensions>
					</Trackpoint>
					<Trackpoint>
						<Time>2025-01-28T14:41:56.877Z</Time>
						<Position>
							<LatitudeDegrees>47.962632635</LatitudeDegrees>
							<LongitudeDegrees>7.799516511</LongitudeDegrees>
						</Position>
						<AltitudeMeters>438.97</AltitudeMeters>
						<DistanceMeters>3308.87</DistanceMeters>
						<HeartRateBpm>
							<Value>136</Value>
						</HeartRateBpm>
						<Extensions>
							<ns3:TPX>
								<ns3:Speed>1.78</ns3:Speed>
								<ns3:Watts>70</ns3:Watts>
							</ns3:TPX>
						</Extensions>
					</Trackpoint>
					<Trackpoint>
						<Time>2025-01-28T14:41:58.878Z</Time>
						<Position>
							<LatitudeDegrees>47.962575540</LatitudeDegrees>
							<LongitudeDegrees>7.799530072</LongitudeDegrees>
						</Position>
						<AltitudeMeters>437.63</AltitudeMeters>
						<DistanceMeters>3315.30</DistanceMeters>
						<HeartRateBpm>
							<Value>136</Value>
						</HeartRateBpm>
						<Extensions>
							<ns3:TPX>
								<ns3:Speed>3.45</ns3:Speed>
								<ns3:Watts>263</ns3:Watts>
							</ns3:TPX>
						</Extensions>
					</Trackpoint>
					<Trackpoint>
						<Time>2025-01-28T14:42:01.877Z</Time>
						<Position>
							<LatitudeDegrees>47.962434417</LatitudeDegrees>
							<LongitudeDegrees>7.799643591</LongitudeDegrees>
						</Position>
						<AltitudeMeters>439.28</AltitudeMeters>
						<DistanceMeters>3333.14</DistanceMeters>
						<HeartRateBpm>
							<Value>136</Value>
						</HeartRateBpm>
						<Extensions>
							<ns3:TPX>
								<ns3:Speed>11.20</ns3:Speed>
								<ns3:Watts>350</ns3:Watts>
							</ns3:TPX>
						</Extensions>
					</Trackpoint>
					<Trackpoint>
						<Time>2025-01-28T14:42:05.877Z</Time>
						<Position>
							<LatitudeDegrees>47.962071359</LatitudeDegrees>
							<LongitudeDegrees>7.799953999</LongitudeDegrees>
						</Position>
						<AltitudeMeters>434.14</AltitudeMeters>
						<DistanceMeters>3379.69</DistanceMeters>
						<HeartRateBpm>
							<Value>136</Value>
						</HeartRateBpm>
						<Extensions>
							<ns3:TPX>
								<ns3:Speed>6.68</ns3:Speed>
								<ns3:Watts>238</ns3:Watts>
							</ns3:TPX>
						</Extensions>
					</Trackpoint>
					<Trackpoint>
						<Time>2025-01-28T14:42:07.877Z</Time>
						<Position>
							<LatitudeDegrees>47.961962453</LatitudeDegrees>
							<LongitudeDegrees>7.800068055</LongitudeDegrees>
						</Position>
						<AltitudeMeters>433.35</AltitudeMeters>
						<DistanceMeters>3394.49</DistanceMeters>
						<HeartRateBpm>
							<Value>136</Value>
						</HeartRateBpm>
						<Extensions>
							<ns3:TPX>
								<ns3:Speed>6.68</ns3:Speed>
								<ns3:Watts>221</ns3:Watts>
							</ns3:TPX>
						</Extensions>
					</Trackpoint>
					<Trackpoint>
						<Time>2025-01-28T14:42:09.878Z</Time>
						<Position>
							<LatitudeDegrees>47.961858145</LatitudeDegrees>
							<LongitudeDegrees>7.800180381</LongitudeDegrees>
						</Position>
						<AltitudeMeters>433.92</AltitudeMeters>
						<DistanceMeters>3408.81</DistanceMeters>
						<HeartRateBpm>
							<Value>135</Value>
						</HeartRateBpm>
						<Extensions>
							<ns3:TPX>
								<ns3:Speed>6.34</ns3:Speed>
								<ns3:Watts>97</ns3:Watts>
							</ns3:TPX>
						</Extensions>
					</Trackpoint>
					<Trackpoint>
						<Time>2025-01-28T14:42:11.876Z</Time>
						<Position>
							<LatitudeDegrees>47.961758528</LatitudeDegrees>
							<LongitudeDegrees>7.800285337</LongitudeDegrees>
						</Position>
						<AltitudeMeters>435.48</AltitudeMeters>
						<DistanceMeters>3422.38</DistanceMeters>
						<HeartRateBpm>
							<Value>135</Value>
						</HeartRateBpm>
						<Extensions>
							<ns3:TPX>
								<ns3:Speed>5.90</ns3:Speed>
							</ns3:TPX>
						</Extensions>
					</Trackpoint>
					<Trackpoint>
						<Time>2025-01-28T14:42:13.878Z</Time>
						<Position>
							<LatitudeDegrees>47.961684672</LatitudeDegrees>
							<LongitudeDegrees>7.800404274</LongitudeDegrees>
						</Position>
						<AltitudeMeters>435.74</AltitudeMeters>
						<DistanceMeters>3434.47</DistanceMeters>
						<HeartRateBpm>
							<Value>135</Value>
						</HeartRateBpm>
						<Extensions>
							<ns3:TPX>
								<ns3:Speed>5.24</ns3:Speed>
							</ns3:TPX>
						</Extensions>
					</Trackpoint>
					<Trackpoint>
						<Time>2025-01-28T14:42:16.877Z</Time>
						<Position>
							<LatitudeDegrees>47.961607936</LatitudeDegrees>
							<LongitudeDegrees>7.800548952</LongitudeDegrees>
						</Position>
						<AltitudeMeters>435.55</AltitudeMeters>
						<DistanceMeters>3448.24</DistanceMeters>
						<HeartRateBpm>
							<Value>135</Value>
						</HeartRateBpm>
						<Extensions>
							<ns3:TPX>
								<ns3:Speed>3.99</ns3:Speed>
							</ns3:TPX>
						</Extensions>
					</Trackpoint>
					<Trackpoint>
						<Time>2025-01-28T14:42:18.878Z</Time>
						<Position>
							<LatitudeDegrees>47.961562577</LatitudeDegrees>
							<LongitudeDegrees>7.800629867</LongitudeDegrees>
						</Position>
						<AltitudeMeters>435.48</AltitudeMeters>
						<DistanceMeters>3456.11</DistanceMeters>
						<HeartRateBpm>
							<Value>134</Value>
						</HeartRateBpm>
						<Extensions>
							<ns3:TPX>
								<ns3:Speed>3.49</ns3:Speed>
								<ns3:Watts>11</ns3:Watts>
							</ns3:TPX>
						</Extensions>
					</Trackpoint>
					<Trackpoint>
						<Time>2025-01-28T14:42:20.873Z</Time>
						<Position>
							<LatitudeDegrees>47.961529224</LatitudeDegrees>
							<LongitudeDegrees>7.800702033</LongitudeDegrees>
						</Position>
						<AltitudeMeters>436.01</AltitudeMeters>
						<DistanceMeters>3462.65</DistanceMeters>
						<HeartRateBpm>
							<Value>134</Value>
						</HeartRateBpm>
						<Extensions>
							<ns3:TPX>
								<ns3:Speed>2.66</ns3:Speed>
								<ns3:Watts>71</ns3:Watts>
							</ns3:TPX>
						</Extensions>
					</Trackpoint>
					<Trackpoint>
						<Time>2025-01-28T14:42:23.872Z</Time>
						<Position>
							<LatitudeDegrees>47.961517428</LatitudeDegrees>
							<LongitudeDegrees>7.800801204</LongitudeDegrees>
						</Position>
						<AltitudeMeters>442.63</AltitudeMeters>
						<DistanceMeters>3470.17</DistanceMeters>
						<HeartRateBpm>
							<Value>134</Value>
						</HeartRateBpm>
						<Extensions>
							<ns3:TPX>
								<ns3:Speed>2.20</ns3:Speed>
								<ns3:Watts>160</ns3:Watts>
							</ns3:TPX>
						</Extensions>
					</Trackpoint>
					<Trackpoint>
						<Time>2025-01-28T14:42:27.873Z</Time>
						<Position>
							<LatitudeDegrees>47.961492417</LatitudeDegrees>
							<LongitudeDegrees>7.800894955</LongitudeDegrees>
						</Position>
						<AltitudeMeters>441.64</AltitudeMeters>
						<DistanceMeters>3477.71</DistanceMeters>
						<HeartRateBpm>
							<Value>135</Value>
						</HeartRateBpm>
						<Extensions>
							<ns3:TPX>
								<ns3:Speed>1.76</ns3:Speed>
								<ns3:Watts>111</ns3:Watts>
							</ns3:TPX>
						</Extensions>
					</Trackpoint>
					<Trackpoint>
						<Time>2025-01-28T14:42:30.872Z</Time>
						<Position>
							<LatitudeDegrees>47.961489055</LatitudeDegrees>
							<LongitudeDegrees>7.800979931</LongitudeDegrees>
						</Position>
						<AltitudeMeters>442.90</AltitudeMeters>
						<DistanceMeters>3484.06</DistanceMeters>
						<HeartRateBpm>
							<Value>135</Value>
						</HeartRateBpm>
						<Extensions>
							<ns3:TPX>
								<ns3:Speed>1.59</ns3:Speed>
								<ns3:Watts>136</ns3:Watts>
							</ns3:TPX>
						</Extensions>
					</Trackpoint>
					<Trackpoint>
						<Time>2025-01-28T14:42:33.873Z</Time>
						<Position>
							<LatitudeDegrees>47.961464659</LatitudeDegrees>
							<LongitudeDegrees>7.801058041</LongitudeDegrees>
						</Position>
						<AltitudeMeters>443.00</AltitudeMeters>
						<DistanceMeters>3490.50</DistanceMeters>
						<HeartRateBpm>
							<Value>135</Value>
						</HeartRateBpm>
						<Extensions>
							<ns3:TPX>
								<ns3:Speed>1.47</ns3:Speed>
								<ns3:Watts>119</ns3:Watts>
							</ns3:TPX>
						</Extensions>
					</Trackpoint>
					<Trackpoint>
						<Time>2025-01-28T14:42:36.873Z</Time>
						<Position>
							<LatitudeDegrees>47.961456988</LatitudeDegrees>
							<LongitudeDegrees>7.801138817</LongitudeDegrees>
						</Position>
						<AltitudeMeters>442.58</AltitudeMeters>
						<DistanceMeters>3496.59</DistanceMeters>
						<HeartRateBpm>
							<Value>135</Value>
						</HeartRateBpm>
						<Extensions>
							<ns3:TPX>
								<ns3:Speed>1.52</ns3:Speed>
								<ns3:Watts>78</ns3:Watts>
							</ns3:TPX>
						</Extensions>
					</Trackpoint>
					<Trackpoint>
						<Time>2025-01-28T14:42:39.874Z</Time>
						<Position>
							<LatitudeDegrees>47.961441494</LatitudeDegrees>
							<LongitudeDegrees>7.801234364</LongitudeDegrees>
						</Position>
						<AltitudeMeters>442.33</AltitudeMeters>
						<DistanceMeters>3503.93</DistanceMeters>
						<HeartRateBpm>
							<Value>135</Value>
						</HeartRateBpm>
						<Extensions>
							<ns3:TPX>
								<ns3:Speed>1.72</ns3:Speed>
								<ns3:Watts>74</ns3:Watts>
							</ns3:TPX>
						</Extensions>
					</Trackpoint>
					<Trackpoint>
						<Time>2025-01-28T14:42:42.873Z</Time>
						<Position>
							<LatitudeDegrees>47.961436612</LatitudeDegrees>
							<LongitudeDegrees>7.801325132</LongitudeDegrees>
						</Position>
						<AltitudeMeters>442.73</AltitudeMeters>
						<DistanceMeters>3510.73</DistanceMeters>
						<HeartRateBpm>
							<Value>136</Value>
						</HeartRateBpm>
						<Extensions>
							<ns3:TPX>
								<ns3:Speed>1.65</ns3:Speed>
								<ns3:Watts>66</ns3:Watts>
							</ns3:TPX>
						</Extensions>
					</Trackpoint>
					<Trackpoint>
						<Time>2025-01-28T14:42:45.873Z</Time>
						<Position>
							<LatitudeDegrees>47.961436773</LatitudeDegrees>
							<LongitudeDegrees>7.801413169</LongitudeDegrees>
						</Position>
						<AltitudeMeters>443.16</AltitudeMeters>
						<DistanceMeters>3517.30</DistanceMeters>
						<HeartRateBpm>
							<Value>136</Value>
						</HeartRateBpm>
						<Extensions>
							<ns3:TPX>
								<ns3:Speed>1.58</ns3:Speed>
								<ns3:Watts>97</ns3:Watts>
							</ns3:TPX>
						</Extensions>
					</Trackpoint>
					<Trackpoint>
						<Time>2025-01-28T14:42:48.874Z</Time>
						<Position>
							<LatitudeDegrees>47.961453151</LatitudeDegrees>
							<LongitudeDegrees>7.801497790</LongitudeDegrees>
						</Position>
						<AltitudeMeters>443.96</AltitudeMeters>
						<DistanceMeters>3523.88</DistanceMeters>
						<HeartRateBpm>
							<Value>136</Value>
						</HeartRateBpm>
						<Extensions>
							<ns3:TPX>
								<ns3:Speed>1.57</ns3:Speed>
								<ns3:Watts>153</ns3:Watts>
							</ns3:TPX>
						</Extensions>
					</Trackpoint>
					<Trackpoint>
						<Time>2025-01-28T14:42:51.875Z</Time>
						<Position>
							<LatitudeDegrees>47.961467888</LatitudeDegrees>
							<LongitudeDegrees>7.801574583</LongitudeDegrees>
						</Position>
						<AltitudeMeters>443.02</AltitudeMeters>
						<DistanceMeters>3529.85</DistanceMeters>
						<HeartRateBpm>
							<Value>137</Value>
						</HeartRateBpm>
						<Extensions>
							<ns3:TPX>
								<ns3:Speed>1.70</ns3:Speed>
								<ns3:Watts>122</ns3:Watts>
							</ns3:TPX>
						</Extensions>
					</Trackpoint>
					<Trackpoint>
						<Time>2025-01-28T14:42:54.875Z</Time>
						<Position>
							<LatitudeDegrees>47.961482487</LatitudeDegrees>
							<LongitudeDegrees>7.801653653</LongitudeDegrees>
						</Position>
						<AltitudeMeters>442.83</AltitudeMeters>
						<DistanceMeters>3535.97</DistanceMeters>
						<HeartRateBpm>
							<Value>137</Value>
						</HeartRateBpm>
						<Extensions>
							<ns3:TPX>
								<ns3:Speed>1.76</ns3:Speed>
								<ns3:Watts>84</ns3:Watts>
							</ns3:TPX>
						</Extensions>
					</Trackpoint>
					<Trackpoint>
						<Time>2025-01-28T14:42:57.872Z</Time>
						<Position>
							<LatitudeDegrees>47.961501926</LatitudeDegrees>
							<LongitudeDegrees>7.801733014</LongitudeDegrees>
						</Position>
						<AltitudeMeters>443.39</AltitudeMeters>
						<DistanceMeters>3542.28</DistanceMeters>
						<HeartRateBpm>
							<Value>137</Value>
						</HeartRateBpm>
						<Extensions>
							<ns3:TPX>
								<ns3:Speed>1.74</ns3:Speed>
								<ns3:Watts>76</ns3:Watts>
							</ns3:TPX>
						</Extensions>
					</Trackpoint>
					<Trackpoint>
						<Time>2025-01-28T14:43:00.874Z</Time>
						<Position>
							<LatitudeDegrees>47.961517311</LatitudeDegrees>
							<LongitudeDegrees>7.801809028</LongitudeDegrees>
						</Position>
						<AltitudeMeters>443.49</AltitudeMeters>
						<DistanceMeters>3548.21</DistanceMeters>
						<HeartRateBpm>
							<Value>138</Value>
						</HeartRateBpm>
						<Extensions>
							<ns3:TPX>
								<ns3:Speed>1.73</ns3:Speed>
								<ns3:Watts>132</ns3:Watts>
							</ns3:TPX>
						</Extensions>
					</Trackpoint>
					<Trackpoint>
						<Time>2025-01-28T14:43:03.873Z</Time>
						<Position>
							<LatitudeDegrees>47.961543363</LatitudeDegrees>
							<LongitudeDegrees>7.801880836</LongitudeDegrees>
						</Position>
						<AltitudeMeters>445.73</AltitudeMeters>
						<DistanceMeters>3554.30</DistanceMeters>
						<HeartRateBpm>
							<Value>139</Value>
						</HeartRateBpm>
						<Extensions>
							<ns3:TPX>
								<ns3:Speed>1.72</ns3:Speed>
								<ns3:Watts>150</ns3:Watts>
							</ns3:TPX>
						</Extensions>
					</Trackpoint>
					<Trackpoint>
						<Time>2025-01-28T14:43:06.875Z</Time>
						<Position>
							<LatitudeDegrees>47.961553772</LatitudeDegrees>
							<LongitudeDegrees>7.801954646</LongitudeDegrees>
						</Position>
						<AltitudeMeters>445.89</AltitudeMeters>
						<DistanceMeters>3559.93</DistanceMeters>
						<HeartRateBpm>
							<Value>139</Value>
						</HeartRateBpm>
						<Extensions>
							<ns3:TPX>
								<ns3:Speed>1.71</ns3:Speed>
								<ns3:Watts>149</ns3:Watts>
							</ns3:TPX>
						</Extensions>
					</Trackpoint>
					<Trackpoint>
						<Time>2025-01-28T14:43:09.876Z</Time>
						<Position>
							<LatitudeDegrees>47.961577671</LatitudeDegrees>
							<LongitudeDegrees>7.802019534</LongitudeDegrees>
						</Position>
						<AltitudeMeters>446.48</AltitudeMeters>
						<DistanceMeters>3565.46</DistanceMeters>
						<HeartRateBpm>
							<Value>139</Value>
						</HeartRateBpm>
						<Extensions>
							<ns3:TPX>
								<ns3:Speed>1.71</ns3:Speed>
								<ns3:Watts>155</ns3:Watts>
							</ns3:TPX>
						</Extensions>
					</Trackpoint>
					<Trackpoint>
						<Time>2025-01-28T14:43:12.876Z</Time>
						<Position>
							<LatitudeDegrees>47.961610974</LatitudeDegrees>
							<LongitudeDegrees>7.802082207</LongitudeDegrees>
						</Position>
						<AltitudeMeters>449.49</AltitudeMeters>
						<DistanceMeters>3571.43</DistanceMeters>
						<HeartRateBpm>
							<Value>140</Value>
						</HeartRateBpm>
						<Extensions>
							<ns3:TPX>
								<ns3:Speed>1.68</ns3:Speed>
								<ns3:Watts>143</ns3:Watts>
							</ns3:TPX>
						</Extensions>
					</Trackpoint>
					<Trackpoint>
						<Time>2025-01-28T14:43:15.875Z</Time>
						<Position>
							<LatitudeDegrees>47.961624669</LatitudeDegrees>
							<LongitudeDegrees>7.802150207</LongitudeDegrees>
						</Position>
						<AltitudeMeters>450.10</AltitudeMeters>
						<DistanceMeters>3576.73</DistanceMeters>
						<HeartRateBpm>
							<Value>140</Value>
						</HeartRateBpm>
						<Extensions>
							<ns3:TPX>
								<ns3:Speed>1.68</ns3:Speed>
								<ns3:Watts>132</ns3:Watts>
							</ns3:TPX>
						</Extensions>
					</Trackpoint>
					<Trackpoint>
						<Time>2025-01-28T14:43:18.876Z</Time>
						<Position>
							<LatitudeDegrees>47.961651282</LatitudeDegrees>
							<LongitudeDegrees>7.802207895</LongitudeDegrees>
						</Position>
						<AltitudeMeters>450.54</AltitudeMeters>
						<DistanceMeters>3581.96</DistanceMeters>
						<HeartRateBpm>
							<Value>140</Value>
						</HeartRateBpm>
						<Extensions>
							<ns3:TPX>
								<ns3:Speed>1.68</ns3:Speed>
								<ns3:Watts>172</ns3:Watts>
							</ns3:TPX>
						</Extensions>
					</Trackpoint>
					<Trackpoint>
						<Time>2025-01-28T14:43:21.876Z</Time>
						<Position>
							<LatitudeDegrees>47.961680084</LatitudeDegrees>
							<LongitudeDegrees>7.802264448</LongitudeDegrees>
						</Position>
						<AltitudeMeters>451.34</AltitudeMeters>
						<DistanceMeters>3587.26</DistanceMeters>
						<HeartRateBpm>
							<Value>141</Value>
						</HeartRateBpm>
						<Extensions>
							<ns3:TPX>
								<ns3:Speed>1.67</ns3:Speed>
								<ns3:Watts>180</ns3:Watts>
							</ns3:TPX>
						</Extensions>
					</Trackpoint>
					<Trackpoint>
						<Time>2025-01-28T14:43:24.875Z</Time>
						<Position>
							<LatitudeDegrees>47.961684656</LatitudeDegrees>
							<LongitudeDegrees>7.802334514</LongitudeDegrees>
						</Position>
						<AltitudeMeters>451.17</AltitudeMeters>
						<DistanceMeters>3592.52</DistanceMeters>
						<HeartRateBpm>
							<Value>141</Value>
						</HeartRateBpm>
						<Extensions>
							<ns3:TPX>
								<ns3:Speed>1.66</ns3:Speed>
								<ns3:Watts>153</ns3:Watts>
							</ns3:TPX>
						</Extensions>
					</Trackpoint>
					<Trackpoint>
						<Time>2025-01-28T14:43:27.878Z</Time>
						<Position>
							<LatitudeDegrees>47.961709504</LatitudeDegrees>
							<LongitudeDegrees>7.802396075</LongitudeDegrees>
						</Position>
						<AltitudeMeters>451.67</AltitudeMeters>
						<DistanceMeters>3597.88</DistanceMeters>
						<HeartRateBpm>
							<Value>142</Value>
						</HeartRateBpm>
						<Extensions>
							<ns3:TPX>
								<ns3:Speed>1.66</ns3:Speed>
								<ns3:Watts>153</ns3:Watts>
							</ns3:TPX>
						</Extensions>
					</Trackpoint>
					<Trackpoint>
						<Time>2025-01-28T14:43:30.876Z</Time>
						<Position>
							<LatitudeDegrees>47.961709974</LatitudeDegrees>
							<LongitudeDegrees>7.802463273</LongitudeDegrees>
						</Position>
						<AltitudeMeters>451.89</AltitudeMeters>
						<DistanceMeters>3602.90</DistanceMeters>
						<HeartRateBpm>
							<Value>142</Value>
						</HeartRateBpm>
						<Extensions>
							<ns3:TPX>
								<ns3:Speed>1.62</ns3:Speed>
								<ns3:Watts>184</ns3:Watts>
							</ns3:TPX>
						</Extensions>
					</Trackpoint>
					<Trackpoint>
						<Time>2025-01-28T14:43:33.875Z</Time>
						<Position>
							<LatitudeDegrees>47.961723333</LatitudeDegrees>
							<LongitudeDegrees>7.802527829</LongitudeDegrees>
						</Position>
						<AltitudeMeters>452.58</AltitudeMeters>
						<DistanceMeters>3607.94</DistanceMeters>
						<HeartRateBpm>
							<Value>142</Value>
						</HeartRateBpm>
						<Extensions>
							<ns3:TPX>
								<ns3:Speed>1.64</ns3:Speed>
								<ns3:Watts>202</ns3:Watts>
							</ns3:TPX>
						</Extensions>
					</Trackpoint>
					<Trackpoint>
						<Time>2025-01-28T14:43:36.877Z</Time>
						<Position>
							<LatitudeDegrees>47.961761384</LatitudeDegrees>
							<LongitudeDegrees>7.802578897</LongitudeDegrees>
						</Position>
						<AltitudeMeters>451.50</AltitudeMeters>
						<DistanceMeters>3613.64</DistanceMeters>
						<HeartRateBpm>
							<Value>143</Value>
						</HeartRateBpm>
						<Extensions>
							<ns3:TPX>
								<ns3:Speed>1.63</ns3:Speed>
								<ns3:Watts>190</ns3:Watts>
							</ns3:TPX>
						</Extensions>
					</Trackpoint>
					<Trackpoint>
						<Time>2025-01-28T14:43:40.877Z</Time>
						<Position>
							<LatitudeDegrees>47.961763757</LatitudeDegrees>
							<LongitudeDegrees>7.802667849</LongitudeDegrees>
						</Position>
						<AltitudeMeters>452.67</AltitudeMeters>
						<DistanceMeters>3620.29</DistanceMeters>
						<HeartRateBpm>
							<Value>143</Value>
						</HeartRateBpm>
						<Extensions>
							<ns3:TPX>
								<ns3:Speed>1.58</ns3:Speed>
								<ns3:Watts>137</ns3:Watts>
							</ns3:TPX>
						</Extensions>
					</Trackpoint>
					<Trackpoint>
						<Time>2025-01-28T14:43:43.877Z</Time>
						<Position>
							<LatitudeDegrees>47.961743259</LatitudeDegrees>
							<LongitudeDegrees>7.802730582</LongitudeDegrees>
						</Position>
						<AltitudeMeters>450.44</AltitudeMeters>
						<DistanceMeters>3625.50</DistanceMeters>
						<HeartRateBpm>
							<Value>142</Value>
						</HeartRateBpm>
						<Extensions>
							<ns3:TPX>
								<ns3:Speed>1.58</ns3:Speed>
								<ns3:Watts>175</ns3:Watts>
							</ns3:TPX>
						</Extensions>
					</Trackpoint>
					<Trackpoint>
						<Time>2025-01-28T14:43:46.876Z</Time>
						<Position>
							<LatitudeDegrees>47.961696207</LatitudeDegrees>
							<LongitudeDegrees>7.802776559</LongitudeDegrees>
						</Position>
						<AltitudeMeters>451.94</AltitudeMeters>
						<DistanceMeters>3631.75</DistanceMeters>
						<HeartRateBpm>
							<Value>142</Value>
						</HeartRateBpm>
						<Extensions>
							<ns3:TPX>
								<ns3:Speed>1.56</ns3:Speed>
								<ns3:Watts>220</ns3:Watts>
							</ns3:TPX>
						</Extensions>
					</Trackpoint>
					<Trackpoint>
						<Time>2025-01-28T14:43:49.876Z</Time>
						<Position>
							<LatitudeDegrees>47.961645969</LatitudeDegrees>
							<LongitudeDegrees>7.802795093</LongitudeDegrees>
						</Position>
						<AltitudeMeters>453.17</AltitudeMeters>
						<DistanceMeters>3637.51</DistanceMeters>
						<HeartRateBpm>
							<Value>143</Value>
						</HeartRateBpm>
						<Extensions>
							<ns3:TPX>
								<ns3:Speed>1.55</ns3:Speed>
								<ns3:Watts>131</ns3:Watts>
							</ns3:TPX>
						</Extensions>
					</Trackpoint>
					<Trackpoint>
						<Time>2025-01-28T14:43:52.878Z</Time>
						<Position>
							<LatitudeDegrees>47.961603134</LatitudeDegrees>
							<LongitudeDegrees>7.802767789</LongitudeDegrees>
						</Position>
						<AltitudeMeters>454.14</AltitudeMeters>
						<DistanceMeters>3642.69</DistanceMeters>
						<HeartRateBpm>
							<Value>143</Value>
						</HeartRateBpm>
						<Extensions>
							<ns3:TPX>
								<ns3:Speed>1.56</ns3:Speed>
								<ns3:Watts>112</ns3:Watts>
							</ns3:TPX>
						</Extensions>
					</Trackpoint>
					<Trackpoint>
						<Time>2025-01-28T14:43:56.877Z</Time>
						<Position>
							<LatitudeDegrees>47.961552129</LatitudeDegrees>
							<LongitudeDegrees>7.802750120</LongitudeDegrees>
						</Position>
						<AltitudeMeters>453.63</AltitudeMeters>
						<DistanceMeters>3648.51</DistanceMeters>
						<HeartRateBpm>
							<Value>143</Value>
						</HeartRateBpm>
						<Extensions>
							<ns3:TPX>
								<ns3:Speed>1.52</ns3:Speed>
								<ns3:Watts>157</ns3:Watts>
							</ns3:TPX>
						</Extensions>
					</Trackpoint>
					<Trackpoint>
						<Time>2025-01-28T14:44:00.875Z</Time>
						<Position>
							<LatitudeDegrees>47.961513433</LatitudeDegrees>
							<LongitudeDegrees>7.802707811</LongitudeDegrees>
						</Position>
						<AltitudeMeters>455.69</AltitudeMeters>
						<DistanceMeters>3653.85</DistanceMeters>
						<HeartRateBpm>
							<Value>144</Value>
						</HeartRateBpm>
						<Extensions>
							<ns3:TPX>
								<ns3:Speed>1.39</ns3:Speed>
								<ns3:Watts>88</ns3:Watts>
							</ns3:TPX>
						</Extensions>
					</Trackpoint>
					<Trackpoint>
						<Time>2025-01-28T14:44:05.877Z</Time>
						<Position>
							<LatitudeDegrees>47.961469838</LatitudeDegrees>
							<LongitudeDegrees>7.802668461</LongitudeDegrees>
						</Position>
						<AltitudeMeters>454.83</AltitudeMeters>
						<DistanceMeters>3659.52</DistanceMeters>
						<HeartRateBpm>
							<Value>145</Value>
						</HeartRateBpm>
						<Extensions>
							<ns3:TPX>
								<ns3:Speed>1.36</ns3:Speed>
								<ns3:Watts>170</ns3:Watts>
							</ns3:TPX>
						</Extensions>
					</Trackpoint>
					<Trackpoint>
						<Time>2025-01-28T14:44:10.871Z</Time>
						<Position>
							<LatitudeDegrees>47.961421784</LatitudeDegrees>
							<LongitudeDegrees>7.802627778</LongitudeDegrees>
						</Position>
						<AltitudeMeters>454.23</AltitudeMeters>
						<DistanceMeters>3665.67</DistanceMeters>
						<HeartRateBpm>
							<Value>145</Value>
						</HeartRateBpm>
						<Extensions>
							<ns3:TPX>
								<ns3:Speed>1.39</ns3:Speed>
								<ns3:Watts>64</ns3:Watts>
							</ns3:TPX>
						</Extensions>
					</Trackpoint>
					<Trackpoint>
						<Time>2025-01-28T14:44:15.871Z</Time>
						<Position>
							<LatitudeDegrees>47.961371941</LatitudeDegrees>
							<LongitudeDegrees>7.802596327</LongitudeDegrees>
						</Position>
						<AltitudeMeters>456.31</AltitudeMeters>
						<DistanceMeters>3671.69</DistanceMeters>
						<HeartRateBpm>
							<Value>145</Value>
						</HeartRateBpm>
						<Extensions>
							<ns3:TPX>
								<ns3:Speed>1.22</ns3:Speed>
								<ns3:Watts>93</ns3:Watts>
							</ns3:TPX>
						</Extensions>
					</Trackpoint>
					<Trackpoint>
						<Time>2025-01-28T14:44:20.877Z</Time>
						<Position>
							<LatitudeDegrees>47.961320247</LatitudeDegrees>
							<LongitudeDegrees>7.802578996</LongitudeDegrees>
						</Position>
						<AltitudeMeters>454.22</AltitudeMeters>
						<DistanceMeters>3677.58</DistanceMeters>
						<HeartRateBpm>
							<Value>144</Value>
						</HeartRateBpm>
						<Extensions>
							<ns3:TPX>
								<ns3:Speed>1.14</ns3:Speed>
								<ns3:Watts>127</ns3:Watts>
							</ns3:TPX>
						</Extensions>
					</Trackpoint>
					<Trackpoint>
						<Time>2025-01-28T14:44:25.877Z</Time>
						<Position>
							<LatitudeDegrees>47.961270629</LatitudeDegrees>
							<LongitudeDegrees>7.802562154</LongitudeDegrees>
						</Position>
						<AltitudeMeters>455.41</AltitudeMeters>
						<DistanceMeters>3683.24</DistanceMeters>
						<HeartRateBpm>
							<Value>144</Value>
						</HeartRateBpm>
						<Extensions>
							<ns3:TPX>
								<ns3:Speed>1.17</ns3:Speed>
								<ns3:Watts>128</ns3:Watts>
							</ns3:TPX>
						</Extensions>
					</Trackpoint>
					<Trackpoint>
						<Time>2025-01-28T14:44:30.876Z</Time>
						<Position>
							<LatitudeDegrees>47.961220500</LatitudeDegrees>
							<LongitudeDegrees>7.802545675</LongitudeDegrees>
						</Position>
						<AltitudeMeters>455.00</AltitudeMeters>
						<DistanceMeters>3688.94</DistanceMeters>
						<HeartRateBpm>
							<Value>143</Value>
						</HeartRateBpm>
						<Extensions>
							<ns3:TPX>
								<ns3:Speed>1.23</ns3:Speed>
								<ns3:Watts>88</ns3:Watts>
							</ns3:TPX>
						</Extensions>
					</Trackpoint>
					<Trackpoint>
						<Time>2025-01-28T14:44:35.876Z</Time>
						<Position>
							<LatitudeDegrees>47.961163827</LatitudeDegrees>
							<LongitudeDegrees>7.802538685</LongitudeDegrees>
						</Position>
						<AltitudeMeters>456.55</AltitudeMeters>
						<DistanceMeters>3695.27</DistanceMeters>
						<HeartRateBpm>
							<Value>143</Value>
						</HeartRateBpm>
						<Extensions>
							<ns3:TPX>
								<ns3:Speed>1.13</ns3:Speed>
								<ns3:Watts>141</ns3:Watts>
							</ns3:TPX>
						</Extensions>
					</Trackpoint>
					<Trackpoint>
						<Time>2025-01-28T14:44:39.877Z</Time>
						<Position>
							<LatitudeDegrees>47.961115784</LatitudeDegrees>
							<LongitudeDegrees>7.802544992</LongitudeDegrees>
						</Position>
						<AltitudeMeters>457.59</AltitudeMeters>
						<DistanceMeters>3700.63</DistanceMeters>
						<HeartRateBpm>
							<Value>143</Value>
						</HeartRateBpm>
						<Extensions>
							<ns3:TPX>
								<ns3:Speed>1.06</ns3:Speed>
								<ns3:Watts>152</ns3:Watts>
							</ns3:TPX>
						</Extensions>
					</Trackpoint>
					<Trackpoint>
						<Time>2025-01-28T14:44:44.874Z</Time>
						<Position>
							<LatitudeDegrees>47.961115784</LatitudeDegrees>
							<LongitudeDegrees>7.802544992</LongitudeDegrees>
						</Position>
						<AltitudeMeters>457.59</AltitudeMeters>
						<DistanceMeters>3700.63</DistanceMeters>
						<HeartRateBpm>
							<Value>143</Value>
						</HeartRateBpm>
						<Extensions>
							<ns3:TPX>
								<ns3:Speed>1.16</ns3:Speed>
							</ns3:TPX>
						</Extensions>
					</Trackpoint>
					<Trackpoint>
						<Time>2025-01-28T14:44:45.881Z</Time>
						<Position>
							<LatitudeDegrees>47.961070720</LatitudeDegrees>
							<LongitudeDegrees>7.802530980</LongitudeDegrees>
						</Position>
						<AltitudeMeters>457.15</AltitudeMeters>
						<DistanceMeters>3705.75</DistanceMeters>
						<HeartRateBpm>
							<Value>143</Value>
						</HeartRateBpm>
						<Extensions>
							<ns3:TPX>
								<ns3:Speed>1.22</ns3:Speed>
								<ns3:Watts>247</ns3:Watts>
							</ns3:TPX>
						</Extensions>
					</Trackpoint>
					<Trackpoint>
						<Time>2025-01-28T14:44:49.874Z</Time>
						<Position>
							<LatitudeDegrees>47.961013087</LatitudeDegrees>
							<LongitudeDegrees>7.802515585</LongitudeDegrees>
						</Position>
						<AltitudeMeters>458.31</AltitudeMeters>
						<DistanceMeters>3712.26</DistanceMeters>
						<HeartRateBpm>
							<Value>142</Value>
						</HeartRateBpm>
						<Extensions>
							<ns3:TPX>
								<ns3:Speed>1.36</ns3:Speed>
								<ns3:Watts>183</ns3:Watts>
							</ns3:TPX>
						</Extensions>
					</Trackpoint>
					<Trackpoint>
						<Time>2025-01-28T14:44:53.878Z</Time>
						<Position>
							<LatitudeDegrees>47.960961827</LatitudeDegrees>
							<LongitudeDegrees>7.802522188</LongitudeDegrees>
						</Position>
						<AltitudeMeters>458.39</AltitudeMeters>
						<DistanceMeters>3717.98</DistanceMeters>
						<HeartRateBpm>
							<Value>142</Value>
						</HeartRateBpm>
						<Extensions>
							<ns3:TPX>
								<ns3:Speed>1.48</ns3:Speed>
								<ns3:Watts>42</ns3:Watts>
							</ns3:TPX>
						</Extensions>
					</Trackpoint>
					<Trackpoint>
						<Time>2025-01-28T14:44:57.876Z</Time>
						<Position>
							<LatitudeDegrees>47.960913925</LatitudeDegrees>
							<LongitudeDegrees>7.802494529</LongitudeDegrees>
						</Position>
						<AltitudeMeters>457.96</AltitudeMeters>
						<DistanceMeters>3723.69</DistanceMeters>
						<HeartRateBpm>
							<Value>142</Value>
						</HeartRateBpm>
						<Extensions>
							<ns3:TPX>
								<ns3:Speed>1.47</ns3:Speed>
								<ns3:Watts>27</ns3:Watts>
							</ns3:TPX>
						</Extensions>
					</Trackpoint>
					<Trackpoint>
						<Time>2025-01-28T14:45:01.870Z</Time>
						<Position>
							<LatitudeDegrees>47.960859735</LatitudeDegrees>
							<LongitudeDegrees>7.802468779</LongitudeDegrees>
						</Position>
						<AltitudeMeters>460.59</AltitudeMeters>
						<DistanceMeters>3730.02</DistanceMeters>
						<HeartRateBpm>
							<Value>143</Value>
						</HeartRateBpm>
						<Extensions>
							<ns3:TPX>
								<ns3:Speed>1.38</ns3:Speed>
								<ns3:Watts>106</ns3:Watts>
							</ns3:TPX>
						</Extensions>
					</Trackpoint>
					<Trackpoint>
						<Time>2025-01-28T14:45:06.865Z</Time>
						<Position>
							<LatitudeDegrees>47.960805975</LatitudeDegrees>
							<LongitudeDegrees>7.802447295</LongitudeDegrees>
						</Position>
						<AltitudeMeters>458.73</AltitudeMeters>
						<DistanceMeters>3736.21</DistanceMeters>
						<HeartRateBpm>
							<Value>142</Value>
						</HeartRateBpm>
						<Extensions>
							<ns3:TPX>
								<ns3:Speed>1.45</ns3:Speed>
								<ns3:Watts>138</ns3:Watts>
							</ns3:TPX>
						</Extensions>
					</Trackpoint>
					<Trackpoint>
						<Time>2025-01-28T14:45:09.878Z</Time>
						<Position>
							<LatitudeDegrees>47.960760981</LatitudeDegrees>
							<LongitudeDegrees>7.802439621</LongitudeDegrees>
						</Position>
						<AltitudeMeters>459.43</AltitudeMeters>
						<DistanceMeters>3741.24</DistanceMeters>
						<HeartRateBpm>
							<Value>142</Value>
						</HeartRateBpm>
						<Extensions>
							<ns3:TPX>
								<ns3:Speed>1.45</ns3:Speed>
								<ns3:Watts>169</ns3:Watts>
							</ns3:TPX>
						</Extensions>
					</Trackpoint>
					<Trackpoint>
						<Time>2025-01-28T14:45:13.875Z</Time>
						<Position>
							<LatitudeDegrees>47.960704993</LatitudeDegrees>
							<LongitudeDegrees>7.802430113</LongitudeDegrees>
						</Position>
						<AltitudeMeters>460.87</AltitudeMeters>
						<DistanceMeters>3747.51</DistanceMeters>
						<HeartRateBpm>
							<Value>141</Value>
						</HeartRateBpm>
						<Extensions>
							<ns3:TPX>
								<ns3:Speed>1.40</ns3:Speed>
								<ns3:Watts>141</ns3:Watts>
							</ns3:TPX>
						</Extensions>
					</Trackpoint>
					<Trackpoint>
						<Time>2025-01-28T14:45:17.876Z</Time>
						<Position>
							<LatitudeDegrees>47.960649802</LatitudeDegrees>
							<LongitudeDegrees>7.802425949</LongitudeDegrees>
						</Position>
						<AltitudeMeters>460.43</AltitudeMeters>
						<DistanceMeters>3753.65</DistanceMeters>
						<HeartRateBpm>
							<Value>141</Value>
						</HeartRateBpm>
						<Extensions>
							<ns3:TPX>
								<ns3:Speed>1.54</ns3:Speed>
								<ns3:Watts>96</ns3:Watts>
							</ns3:TPX>
						</Extensions>
					</Trackpoint>
					<Trackpoint>
						<Time>2025-01-28T14:45:21.876Z</Time>
						<Position>
							<LatitudeDegrees>47.960594871</LatitudeDegrees>
							<LongitudeDegrees>7.802412823</LongitudeDegrees>
						</Position>
						<AltitudeMeters>463.45</AltitudeMeters>
						<DistanceMeters>3759.84</DistanceMeters>
						<HeartRateBpm>
							<Value>141</Value>
						</HeartRateBpm>
						<Extensions>
							<ns3:TPX>
								<ns3:Speed>1.72</ns3:Speed>
								<ns3:Watts>98</ns3:Watts>
							</ns3:TPX>
						</Extensions>
					</Trackpoint>
					<Trackpoint>
						<Time>2025-01-28T14:45:24.875Z</Time>
						<Position>
							<LatitudeDegrees>47.960542250</LatitudeDegrees>
							<LongitudeDegrees>7.802425405</LongitudeDegrees>
						</Position>
						<AltitudeMeters>462.10</AltitudeMeters>
						<DistanceMeters>3765.76</DistanceMeters>
						<HeartRateBpm>
							<Value>140</Value>
						</HeartRateBpm>
						<Extensions>
							<ns3:TPX>
								<ns3:Speed>1.70</ns3:Speed>
								<ns3:Watts>102</ns3:Watts>
							</ns3:TPX>
						</Extensions>
					</Trackpoint>
					<Trackpoint>
						<Time>2025-01-28T14:45:28.872Z</Time>
						<Position>
							<LatitudeDegrees>47.960483472</LatitudeDegrees>
							<LongitudeDegrees>7.802426341</LongitudeDegrees>
						</Position>
						<AltitudeMeters>463.59</AltitudeMeters>
						<DistanceMeters>3772.30</DistanceMeters>
						<HeartRateBpm>
							<Value>140</Value>
						</HeartRateBpm>
						<Extensions>
							<ns3:TPX>
								<ns3:Speed>1.74</ns3:Speed>
								<ns3:Watts>114</ns3:Watts>
							</ns3:TPX>
						</Extensions>
					</Trackpoint>
					<Trackpoint>
						<Time>2025-01-28T14:45:31.875Z</Time>
						<Position>
							<LatitudeDegrees>47.960435215</LatitudeDegrees>
							<LongitudeDegrees>7.802424127</LongitudeDegrees>
						</Position>
						<AltitudeMeters>463.62</AltitudeMeters>
						<DistanceMeters>3777.67</DistanceMeters>
						<HeartRateBpm>
							<Value>140</Value>
						</HeartRateBpm>
						<Extensions>
							<ns3:TPX>
								<ns3:Speed>1.80</ns3:Speed>
								<ns3:Watts>115</ns3:Watts>
							</ns3:TPX>
						</Extensions>
					</Trackpoint>
					<Trackpoint>
						<Time>2025-01-28T14:45:34.877Z</Time>
						<Position>
							<LatitudeDegrees>47.960386302</LatitudeDegrees>
							<LongitudeDegrees>7.802433135</LongitudeDegrees>
						</Position>
						<AltitudeMeters>465.52</AltitudeMeters>
						<DistanceMeters>3783.15</DistanceMeters>
						<HeartRateBpm>
							<Value>141</Value>
						</HeartRateBpm>
						<Extensions>
							<ns3:TPX>
								<ns3:Speed>1.82</ns3:Speed>
								<ns3:Watts>133</ns3:Watts>
							</ns3:TPX>
						</Extensions>
					</Trackpoint>
					<Trackpoint>
						<Time>2025-01-28T14:45:37.876Z</Time>
						<Position>
							<LatitudeDegrees>47.960339418</LatitudeDegrees>
							<LongitudeDegrees>7.802423462</LongitudeDegrees>
						</Position>
						<AltitudeMeters>465.42</AltitudeMeters>
						<DistanceMeters>3788.41</DistanceMeters>
						<HeartRateBpm>
							<Value>140</Value>
						</HeartRateBpm>
						<Extensions>
							<ns3:TPX>
								<ns3:Speed>1.82</ns3:Speed>
								<ns3:Watts>136</ns3:Watts>
							</ns3:TPX>
						</Extensions>
					</Trackpoint>
					<Trackpoint>
						<Time>2025-01-28T14:45:40.876Z</Time>
						<Position>
							<LatitudeDegrees>47.960294542</LatitudeDegrees>
							<LongitudeDegrees>7.802438810</LongitudeDegrees>
						</Position>
						<AltitudeMeters>466.31</AltitudeMeters>
						<DistanceMeters>3793.53</DistanceMeters>
						<HeartRateBpm>
							<Value>140</Value>
						</HeartRateBpm>
						<Extensions>
							<ns3:TPX>
								<ns3:Speed>1.85</ns3:Speed>
								<ns3:Watts>136</ns3:Watts>
							</ns3:TPX>
						</Extensions>
					</Trackpoint>
					<Trackpoint>
						<Time>2025-01-28T14:45:43.876Z</Time>
						<Position>
							<LatitudeDegrees>47.960243519</LatitudeDegrees>
							<LongitudeDegrees>7.802429034</LongitudeDegrees>
						</Position>
						<AltitudeMeters>467.04</AltitudeMeters>
						<DistanceMeters>3799.25</DistanceMeters>
						<HeartRateBpm>
							<Value>139</Value>
						</HeartRateBpm>
						<Extensions>
							<ns3:TPX>
								<ns3:Speed>1.81</ns3:Speed>
								<ns3:Watts>127</ns3:Watts>
							</ns3:TPX>
						</Extensions>
					</Trackpoint>
					<Trackpoint>
						<Time>2025-01-28T14:45:46.874Z</Time>
						<Position>
							<LatitudeDegrees>47.960197760</LatitudeDegrees>
							<LongitudeDegrees>7.802424801</LongitudeDegrees>
						</Position>
						<AltitudeMeters>467.68</AltitudeMeters>
						<DistanceMeters>3804.35</DistanceMeters>
						<HeartRateBpm>
							<Value>140</Value>
						</HeartRateBpm>
						<Extensions>
							<ns3:TPX>
								<ns3:Speed>1.78</ns3:Speed>
								<ns3:Watts>136</ns3:Watts>
							</ns3:TPX>
						</Extensions>
					</Trackpoint>
					<Trackpoint>
						<Time>2025-01-28T14:45:50.876Z</Time>
						<Position>
							<LatitudeDegrees>47.960150338</LatitudeDegrees>
							<LongitudeDegrees>7.802416443</LongitudeDegrees>
						</Position>
						<AltitudeMeters>468.52</AltitudeMeters>
						<DistanceMeters>3809.66</DistanceMeters>
						<HeartRateBpm>
							<Value>140</Value>
						</HeartRateBpm>
						<Extensions>
							<ns3:TPX>
								<ns3:Speed>1.74</ns3:Speed>
								<ns3:Watts>192</ns3:Watts>
							</ns3:TPX>
						</Extensions>
					</Trackpoint>
					<Trackpoint>
						<Time>2025-01-28T14:45:54.875Z</Time>
						<Position>
							<LatitudeDegrees>47.960109229</LatitudeDegrees>
							<LongitudeDegrees>7.802381129</LongitudeDegrees>
						</Position>
						<AltitudeMeters>470.74</AltitudeMeters>
						<DistanceMeters>3814.93</DistanceMeters>
						<HeartRateBpm>
							<Value>140</Value>
						</HeartRateBpm>
						<Extensions>
							<ns3:TPX>
								<ns3:Speed>1.65</ns3:Speed>
								<ns3:Watts>120</ns3:Watts>
							</ns3:TPX>
						</Extensions>
					</Trackpoint>
					<Trackpoint>
						<Time>2025-01-28T14:45:58.875Z</Time>
						<Position>
							<LatitudeDegrees>47.960062343</LatitudeDegrees>
							<LongitudeDegrees>7.802406627</LongitudeDegrees>
						</Position>
						<AltitudeMeters>470.49</AltitudeMeters>
						<DistanceMeters>3820.48</DistanceMeters>
						<HeartRateBpm>
							<Value>140</Value>
						</HeartRateBpm>
						<Extensions>
							<ns3:TPX>
								<ns3:Speed>1.53</ns3:Speed>
								<ns3:Watts>136</ns3:Watts>
							</ns3:TPX>
						</Extensions>
					</Trackpoint>
					<Trackpoint>
						<Time>2025-01-28T14:46:03.877Z</Time>
						<Position>
							<LatitudeDegrees>47.960009547</LatitudeDegrees>
							<LongitudeDegrees>7.802388872</LongitudeDegrees>
						</Position>
						<AltitudeMeters>469.71</AltitudeMeters>
						<DistanceMeters>3826.50</DistanceMeters>
						<HeartRateBpm>
							<Value>141</Value>
						</HeartRateBpm>
						<Extensions>
							<ns3:TPX>
								<ns3:Speed>1.33</ns3:Speed>
								<ns3:Watts>151</ns3:Watts>
							</ns3:TPX>
						</Extensions>
					</Trackpoint>
					<Trackpoint>
						<Time>2025-01-28T14:46:08.876Z</Time>
						<Position>
							<LatitudeDegrees>47.959972214</LatitudeDegrees>
							<LongitudeDegrees>7.802330443</LongitudeDegrees>
						</Position>
						<AltitudeMeters>471.43</AltitudeMeters>
						<DistanceMeters>3832.53</DistanceMeters>
						<HeartRateBpm>
							<Value>142</Value>
						</HeartRateBpm>
						<Extensions>
							<ns3:TPX>
								<ns3:Speed>1.09</ns3:Speed>
								<ns3:Watts>152</ns3:Watts>
							</ns3:TPX>
						</Extensions>
					</Trackpoint>
					<Trackpoint>
						<Time>2025-01-28T14:46:13.875Z</Time>
						<Position>
							<LatitudeDegrees>47.959948228</LatitudeDegrees>
							<LongitudeDegrees>7.802261663</LongitudeDegrees>
						</Position>
						<AltitudeMeters>470.10</AltitudeMeters>
						<DistanceMeters>3838.31</DistanceMeters>
						<HeartRateBpm>
							<Value>142</Value>
						</HeartRateBpm>
						<Extensions>
							<ns3:TPX>
								<ns3:Speed>0.98</ns3:Speed>
								<ns3:Watts>160</ns3:Watts>
							</ns3:TPX>
						</Extensions>
					</Trackpoint>
					<Trackpoint>
						<Time>2025-01-28T14:46:18.873Z</Time>
						<Position>
							<LatitudeDegrees>47.959948228</LatitudeDegrees>
							<LongitudeDegrees>7.802261663</LongitudeDegrees>
						</Position>
						<AltitudeMeters>470.10</AltitudeMeters>
						<DistanceMeters>3838.31</DistanceMeters>
						<HeartRateBpm>
							<Value>142</Value>
						</HeartRateBpm>
						<Extensions>
							<ns3:TPX>
								<ns3:Speed>1.30</ns3:Speed>
							</ns3:TPX>
						</Extensions>
					</Trackpoint>
					<Trackpoint>
						<Time>2025-01-28T14:46:19.877Z</Time>
						<Position>
							<LatitudeDegrees>47.959912769</LatitudeDegrees>
							<LongitudeDegrees>7.802200022</LongitudeDegrees>
						</Position>
						<AltitudeMeters>471.24</AltitudeMeters>
						<DistanceMeters>3844.37</DistanceMeters>
						<HeartRateBpm>
							<Value>142</Value>
						</HeartRateBpm>
						<Extensions>
							<ns3:TPX>
								<ns3:Speed>1.06</ns3:Speed>
								<ns3:Watts>111</ns3:Watts>
							</ns3:TPX>
						</Extensions>
					</Trackpoint>
					<Trackpoint>
						<Time>2025-01-28T14:46:24.871Z</Time>
						<Position>
							<LatitudeDegrees>47.959865274</LatitudeDegrees>
							<LongitudeDegrees>7.802161017</LongitudeDegrees>
						</Position>
						<AltitudeMeters>472.66</AltitudeMeters>
						<DistanceMeters>3850.41</DistanceMeters>
						<HeartRateBpm>
							<Value>142</Value>
						</HeartRateBpm>
						<Extensions>
							<ns3:TPX>
								<ns3:Speed>1.17</ns3:Speed>
								<ns3:Watts>113</ns3:Watts>
							</ns3:TPX>
						</Extensions>
					</Trackpoint>
					<Trackpoint>
						<Time>2025-01-28T14:46:28.871Z</Time>
						<Position>
							<LatitudeDegrees>47.959848687</LatitudeDegrees>
							<LongitudeDegrees>7.802091463</LongitudeDegrees>
						</Position>
						<AltitudeMeters>472.22</AltitudeMeters>
						<DistanceMeters>3855.92</DistanceMeters>
						<HeartRateBpm>
							<Value>143</Value>
						</HeartRateBpm>
						<Extensions>
							<ns3:TPX>
								<ns3:Speed>1.22</ns3:Speed>
								<ns3:Watts>121</ns3:Watts>
							</ns3:TPX>
						</Extensions>
					</Trackpoint>
					<Trackpoint>
						<Time>2025-01-28T14:46:33.873Z</Time>
						<Position>
							<LatitudeDegrees>47.959801805</LatitudeDegrees>
							<LongitudeDegrees>7.802050395</LongitudeDegrees>
						</Position>
						<AltitudeMeters>473.52</AltitudeMeters>
						<DistanceMeters>3861.97</DistanceMeters>
						<HeartRateBpm>
							<Value>143</Value>
						</HeartRateBpm>
						<Extensions>
							<ns3:TPX>
								<ns3:Speed>1.16</ns3:Speed>
								<ns3:Watts>158</ns3:Watts>
							</ns3:TPX>
						</Extensions>
					</Trackpoint>
					<Trackpoint>
						<Time>2025-01-28T14:46:37.869Z</Time>
						<Position>
							<LatitudeDegrees>47.959781457</LatitudeDegrees>
							<LongitudeDegrees>7.801989440</LongitudeDegrees>
						</Position>
						<AltitudeMeters>474.24</AltitudeMeters>
						<DistanceMeters>3867.05</DistanceMeters>
						<HeartRateBpm>
							<Value>143</Value>
						</HeartRateBpm>
						<Extensions>
							<ns3:TPX>
								<ns3:Speed>1.06</ns3:Speed>
								<ns3:Watts>155</ns3:Watts>
							</ns3:TPX>
						</Extensions>
					</Trackpoint>
					<Trackpoint>
						<Time>2025-01-28T14:46:42.872Z</Time>
						<Position>
							<LatitudeDegrees>47.959742024</LatitudeDegrees>
							<LongitudeDegrees>7.801942331</LongitudeDegrees>
						</Position>
						<AltitudeMeters>474.10</AltitudeMeters>
						<DistanceMeters>3872.67</DistanceMeters>
						<HeartRateBpm>
							<Value>143</Value>
						</HeartRateBpm>
						<Extensions>
							<ns3:TPX>
								<ns3:Speed>1.15</ns3:Speed>
								<ns3:Watts>157</ns3:Watts>
							</ns3:TPX>
						</Extensions>
					</Trackpoint>
					<Trackpoint>
						<Time>2025-01-28T14:46:46.873Z</Time>
						<Position>
							<LatitudeDegrees>47.959726971</LatitudeDegrees>
							<LongitudeDegrees>7.801877531</LongitudeDegrees>
						</Position>
						<AltitudeMeters>475.32</AltitudeMeters>
						<DistanceMeters>3877.79</DistanceMeters>
						<HeartRateBpm>
							<Value>143</Value>
						</HeartRateBpm>
						<Extensions>
							<ns3:TPX>
								<ns3:Speed>1.25</ns3:Speed>
								<ns3:Watts>113</ns3:Watts>
							</ns3:TPX>
						</Extensions>
					</Trackpoint>
					<Trackpoint>
						<Time>2025-01-28T14:46:51.871Z</Time>
						<Position>
							<LatitudeDegrees>47.959686206</LatitudeDegrees>
							<LongitudeDegrees>7.801814041</LongitudeDegrees>
						</Position>
						<AltitudeMeters>475.24</AltitudeMeters>
						<DistanceMeters>3884.35</DistanceMeters>
						<HeartRateBpm>
							<Value>142</Value>
						</HeartRateBpm>
						<Extensions>
							<ns3:TPX>
								<ns3:Speed>1.26</ns3:Speed>
								<ns3:Watts>114</ns3:Watts>
							</ns3:TPX>
						</Extensions>
					</Trackpoint>
					<Trackpoint>
						<Time>2025-01-28T14:46:56.871Z</Time>
						<Position>
							<LatitudeDegrees>47.959654923</LatitudeDegrees>
							<LongitudeDegrees>7.801749672</LongitudeDegrees>
						</Position>
						<AltitudeMeters>476.36</AltitudeMeters>
						<DistanceMeters>3890.28</DistanceMeters>
						<HeartRateBpm>
							<Value>143</Value>
						</HeartRateBpm>
						<Extensions>
							<ns3:TPX>
								<ns3:Speed>1.21</ns3:Speed>
								<ns3:Watts>135</ns3:Watts>
							</ns3:TPX>
						</Extensions>
					</Trackpoint>
					<Trackpoint>
						<Time>2025-01-28T14:47:00.874Z</Time>
						<Position>
							<LatitudeDegrees>47.959624644</LatitudeDegrees>
							<LongitudeDegrees>7.801687090</LongitudeDegrees>
						</Position>
						<AltitudeMeters>477.17</AltitudeMeters>
						<DistanceMeters>3896.04</DistanceMeters>
						<HeartRateBpm>
							<Value>143</Value>
						</HeartRateBpm>
						<Extensions>
							<ns3:TPX>
								<ns3:Speed>1.24</ns3:Speed>
								<ns3:Watts>123</ns3:Watts>
							</ns3:TPX>
						</Extensions>
					</Trackpoint>
					<Trackpoint>
						<Time>2025-01-28T14:47:05.872Z</Time>
						<Position>
							<LatitudeDegrees>47.959590153</LatitudeDegrees>
							<LongitudeDegrees>7.801622548</LongitudeDegrees>
						</Position>
						<AltitudeMeters>475.54</AltitudeMeters>
						<DistanceMeters>3902.20</DistanceMeters>
						<HeartRateBpm>
							<Value>143</Value>
						</HeartRateBpm>
						<Extensions>
							<ns3:TPX>
								<ns3:Speed>1.23</ns3:Speed>
								<ns3:Watts>125</ns3:Watts>
							</ns3:TPX>
						</Extensions>
					</Trackpoint>
					<Trackpoint>
						<Time>2025-01-28T14:47:09.874Z</Time>
						<Position>
							<LatitudeDegrees>47.959563685</LatitudeDegrees>
							<LongitudeDegrees>7.801565207</LongitudeDegrees>
						</Position>
						<AltitudeMeters>477.24</AltitudeMeters>
						<DistanceMeters>3907.40</DistanceMeters>
						<HeartRateBpm>
							<Value>143</Value>
						</HeartRateBpm>
						<Extensions>
							<ns3:TPX>
								<ns3:Speed>1.24</ns3:Speed>
								<ns3:Watts>121</ns3:Watts>
							</ns3:TPX>
						</Extensions>
					</Trackpoint>
					<Trackpoint>
						<Time>2025-01-28T14:47:13.872Z</Time>
						<Position>
							<LatitudeDegrees>47.959538511</LatitudeDegrees>
							<LongitudeDegrees>7.801507451</LongitudeDegrees>
						</Position>
						<AltitudeMeters>477.69</AltitudeMeters>
						<DistanceMeters>3912.54</DistanceMeters>
						<HeartRateBpm>
							<Value>143</Value>
						</HeartRateBpm>
						<Extensions>
							<ns3:TPX>
								<ns3:Speed>1.37</ns3:Speed>
								<ns3:Watts>171</ns3:Watts>
							</ns3:TPX>
						</Extensions>
					</Trackpoint>
					<Trackpoint>
						<Time>2025-01-28T14:47:17.874Z</Time>
						<Position>
							<LatitudeDegrees>47.959501656</LatitudeDegrees>
							<LongitudeDegrees>7.801454573</LongitudeDegrees>
						</Position>
						<AltitudeMeters>478.30</AltitudeMeters>
						<DistanceMeters>3918.23</DistanceMeters>
						<HeartRateBpm>
							<Value>143</Value>
						</HeartRateBpm>
						<Extensions>
							<ns3:TPX>
								<ns3:Speed>1.49</ns3:Speed>
								<ns3:Watts>129</ns3:Watts>
							</ns3:TPX>
						</Extensions>
					</Trackpoint>
					<Trackpoint>
						<Time>2025-01-28T14:47:21.874Z</Time>
						<Position>
							<LatitudeDegrees>47.959481083</LatitudeDegrees>
							<LongitudeDegrees>7.801389468</LongitudeDegrees>
						</Position>
						<AltitudeMeters>478.48</AltitudeMeters>
						<DistanceMeters>3923.61</DistanceMeters>
						<HeartRateBpm>
							<Value>143</Value>
						</HeartRateBpm>
						<Extensions>
							<ns3:TPX>
								<ns3:Speed>1.47</ns3:Speed>
								<ns3:Watts>125</ns3:Watts>
							</ns3:TPX>
						</Extensions>
					</Trackpoint>
					<Trackpoint>
						<Time>2025-01-28T14:47:26.873Z</Time>
						<Position>
							<LatitudeDegrees>47.959444834</LatitudeDegrees>
							<LongitudeDegrees>7.801325736</LongitudeDegrees>
						</Position>
						<AltitudeMeters>478.79</AltitudeMeters>
						<DistanceMeters>3929.84</DistanceMeters>
						<HeartRateBpm>
							<Value>142</Value>
						</HeartRateBpm>
						<Extensions>
							<ns3:TPX>
								<ns3:Speed>1.42</ns3:Speed>
								<ns3:Watts>117</ns3:Watts>
							</ns3:TPX>
						</Extensions>
					</Trackpoint>
					<Trackpoint>
						<Time>2025-01-28T14:47:30.876Z</Time>
						<Position>
							<LatitudeDegrees>47.959414815</LatitudeDegrees>
							<LongitudeDegrees>7.801261038</LongitudeDegrees>
						</Position>
						<AltitudeMeters>480.07</AltitudeMeters>
						<DistanceMeters>3935.71</DistanceMeters>
						<HeartRateBpm>
							<Value>142</Value>
						</HeartRateBpm>
						<Extensions>
							<ns3:TPX>
								<ns3:Speed>1.36</ns3:Speed>
								<ns3:Watts>141</ns3:Watts>
							</ns3:TPX>
						</Extensions>
					</Trackpoint>
					<Trackpoint>
						<Time>2025-01-28T14:47:35.873Z</Time>
						<Position>
							<LatitudeDegrees>47.959378250</LatitudeDegrees>
							<LongitudeDegrees>7.801200752</LongitudeDegrees>
						</Position>
						<AltitudeMeters>480.17</AltitudeMeters>
						<DistanceMeters>3941.78</DistanceMeters>
						<HeartRateBpm>
							<Value>141</Value>
						</HeartRateBpm>
						<Extensions>
							<ns3:TPX>
								<ns3:Speed>1.29</ns3:Speed>
								<ns3:Watts>144</ns3:Watts>
							</ns3:TPX>
						</Extensions>
					</Trackpoint>
					<Trackpoint>
						<Time>2025-01-28T14:47:39.873Z</Time>
						<Position>
							<LatitudeDegrees>47.959351454</LatitudeDegrees>
							<LongitudeDegrees>7.801139985</LongitudeDegrees>
						</Position>
						<AltitudeMeters>481.51</AltitudeMeters>
						<DistanceMeters>3947.21</DistanceMeters>
						<HeartRateBpm>
							<Value>141</Value>
						</HeartRateBpm>
						<Extensions>
							<ns3:TPX>
								<ns3:Speed>1.29</ns3:Speed>
								<ns3:Watts>137</ns3:Watts>
							</ns3:TPX>
						</Extensions>
					</Trackpoint>
					<Trackpoint>
						<Time>2025-01-28T14:47:43.874Z</Time>
						<Position>
							<LatitudeDegrees>47.959324111</LatitudeDegrees>
							<LongitudeDegrees>7.801086115</LongitudeDegrees>
						</Position>
						<AltitudeMeters>481.38</AltitudeMeters>
						<DistanceMeters>3952.25</DistanceMeters>
						<HeartRateBpm>
							<Value>141</Value>
						</HeartRateBpm>
						<Extensions>
							<ns3:TPX>
								<ns3:Speed>1.28</ns3:Speed>
								<ns3:Watts>175</ns3:Watts>
							</ns3:TPX>
						</Extensions>
					</Trackpoint>
					<Trackpoint>
						<Time>2025-01-28T14:47:48.869Z</Time>
						<Position>
							<LatitudeDegrees>47.959285419</LatitudeDegrees>
							<LongitudeDegrees>7.801025039</LongitudeDegrees>
						</Position>
						<AltitudeMeters>481.81</AltitudeMeters>
						<DistanceMeters>3958.52</DistanceMeters>
						<HeartRateBpm>
							<Value>141</Value>
						</HeartRateBpm>
						<Extensions>
							<ns3:TPX>
								<ns3:Speed>1.20</ns3:Speed>
								<ns3:Watts>102</ns3:Watts>
							</ns3:TPX>
						</Extensions>
					</Trackpoint>
					<Trackpoint>
						<Time>2025-01-28T14:47:52.874Z</Time>
						<Position>
							<LatitudeDegrees>47.959264205</LatitudeDegrees>
							<LongitudeDegrees>7.800959578</LongitudeDegrees>
						</Position>
						<AltitudeMeters>483.29</AltitudeMeters>
						<DistanceMeters>3963.95</DistanceMeters>
						<HeartRateBpm>
							<Value>140</Value>
						</HeartRateBpm>
						<Extensions>
							<ns3:TPX>
								<ns3:Speed>1.22</ns3:Speed>
								<ns3:Watts>94</ns3:Watts>
							</ns3:TPX>
						</Extensions>
					</Trackpoint>
					<Trackpoint>
						<Time>2025-01-28T14:47:56.873Z</Time>
						<Position>
							<LatitudeDegrees>47.959252474</LatitudeDegrees>
							<LongitudeDegrees>7.800891974</LongitudeDegrees>
						</Position>
						<AltitudeMeters>482.95</AltitudeMeters>
						<DistanceMeters>3969.16</DistanceMeters>
						<HeartRateBpm>
							<Value>140</Value>
						</HeartRateBpm>
						<Extensions>
							<ns3:TPX>
								<ns3:Speed>1.38</ns3:Speed>
								<ns3:Watts>144</ns3:Watts>
							</ns3:TPX>
						</Extensions>
					</Trackpoint>
					<Trackpoint>
						<Time>2025-01-28T14:48:00.875Z</Time>
						<Position>
							<LatitudeDegrees>47.959207118</LatitudeDegrees>
							<LongitudeDegrees>7.800861213</LongitudeDegrees>
						</Position>
						<AltitudeMeters>483.44</AltitudeMeters>
						<DistanceMeters>3974.71</DistanceMeters>
						<HeartRateBpm>
							<Value>140</Value>
						</HeartRateBpm>
						<Extensions>
							<ns3:TPX>
								<ns3:Speed>1.33</ns3:Speed>
								<ns3:Watts>124</ns3:Watts>
							</ns3:TPX>
						</Extensions>
					</Trackpoint>
					<Trackpoint>
						<Time>2025-01-28T14:48:04.874Z</Time>
						<Position>
							<LatitudeDegrees>47.959179398</LatitudeDegrees>
							<LongitudeDegrees>7.800808448</LongitudeDegrees>
						</Position>
						<AltitudeMeters>483.54</AltitudeMeters>
						<DistanceMeters>3979.71</DistanceMeters>
						<HeartRateBpm>
							<Value>140</Value>
						</HeartRateBpm>
						<Extensions>
							<ns3:TPX>
								<ns3:Speed>1.25</ns3:Speed>
								<ns3:Watts>169</ns3:Watts>
							</ns3:TPX>
						</Extensions>
					</Trackpoint>
					<Trackpoint>
						<Time>2025-01-28T14:48:08.875Z</Time>
						<Position>
							<LatitudeDegrees>47.959152914</LatitudeDegrees>
							<LongitudeDegrees>7.800745214</LongitudeDegrees>
						</Position>
						<AltitudeMeters>483.12</AltitudeMeters>
						<DistanceMeters>3985.27</DistanceMeters>
						<HeartRateBpm>
							<Value>141</Value>
						</HeartRateBpm>
						<Extensions>
							<ns3:TPX>
								<ns3:Speed>1.54</ns3:Speed>
								<ns3:Watts>199</ns3:Watts>
							</ns3:TPX>
						</Extensions>
					</Trackpoint>
					<Trackpoint>
						<Time>2025-01-28T14:48:11.874Z</Time>
						<Position>
							<LatitudeDegrees>47.959115525</LatitudeDegrees>
							<LongitudeDegrees>7.800705865</LongitudeDegrees>
						</Position>
						<AltitudeMeters>484.33</AltitudeMeters>
						<DistanceMeters>3990.37</DistanceMeters>
						<HeartRateBpm>
							<Value>140</Value>
						</HeartRateBpm>
						<Extensions>
							<ns3:TPX>
								<ns3:Speed>1.46</ns3:Speed>
								<ns3:Watts>164</ns3:Watts>
							</ns3:TPX>
						</Extensions>
					</Trackpoint>
					<Trackpoint>
						<Time>2025-01-28T14:48:16.873Z</Time>
						<Position>
							<LatitudeDegrees>47.959090739</LatitudeDegrees>
							<LongitudeDegrees>7.800637892</LongitudeDegrees>
						</Position>
						<AltitudeMeters>483.88</AltitudeMeters>
						<DistanceMeters>3996.14</DistanceMeters>
						<HeartRateBpm>
							<Value>141</Value>
						</HeartRateBpm>
						<Extensions>
							<ns3:TPX>
								<ns3:Speed>1.28</ns3:Speed>
								<ns3:Watts>173</ns3:Watts>
							</ns3:TPX>
						</Extensions>
					</Trackpoint>
					<Trackpoint>
						<Time>2025-01-28T14:48:21.873Z</Time>
						<Position>
							<LatitudeDegrees>47.959052896</LatitudeDegrees>
							<LongitudeDegrees>7.800579333</LongitudeDegrees>
						</Position>
						<AltitudeMeters>484.08</AltitudeMeters>
						<DistanceMeters>4002.21</DistanceMeters>
						<HeartRateBpm>
							<Value>142</Value>
						</HeartRateBpm>
						<Extensions>
							<ns3:TPX>
								<ns3:Speed>1.21</ns3:Speed>
								<ns3:Watts>93</ns3:Watts>
							</ns3:TPX>
						</Extensions>
					</Trackpoint>
					<Trackpoint>
						<Time>2025-01-28T14:48:26.873Z</Time>
						<Position>
							<LatitudeDegrees>47.959019546</LatitudeDegrees>
							<LongitudeDegrees>7.800520927</LongitudeDegrees>
						</Position>
						<AltitudeMeters>482.80</AltitudeMeters>
						<DistanceMeters>4007.94</DistanceMeters>
						<HeartRateBpm>
							<Value>142</Value>
						</HeartRateBpm>
						<Extensions>
							<ns3:TPX>
								<ns3:Speed>0.96</ns3:Speed>
								<ns3:Watts>162</ns3:Watts>
							</ns3:TPX>
						</Extensions>
					</Trackpoint>
					<Trackpoint>
						<Time>2025-01-28T14:48:31.870Z</Time>
						<Position>
							<LatitudeDegrees>47.958972703</LatitudeDegrees>
							<LongitudeDegrees>7.800486879</LongitudeDegrees>
						</Position>
						<AltitudeMeters>484.86</AltitudeMeters>
						<DistanceMeters>4013.73</DistanceMeters>
						<HeartRateBpm>
							<Value>143</Value>
						</HeartRateBpm>
						<Extensions>
							<ns3:TPX>
								<ns3:Speed>1.04</ns3:Speed>
								<ns3:Watts>155</ns3:Watts>
							</ns3:TPX>
						</Extensions>
					</Trackpoint>
					<Trackpoint>
						<Time>2025-01-28T14:48:36.873Z</Time>
						<Position>
							<LatitudeDegrees>47.958921666</LatitudeDegrees>
							<LongitudeDegrees>7.800452070</LongitudeDegrees>
						</Position>
						<AltitudeMeters>484.95</AltitudeMeters>
						<DistanceMeters>4019.97</DistanceMeters>
						<HeartRateBpm>
							<Value>142</Value>
						</HeartRateBpm>
						<Extensions>
							<ns3:TPX>
								<ns3:Speed>1.19</ns3:Speed>
								<ns3:Watts>164</ns3:Watts>
							</ns3:TPX>
						</Extensions>
					</Trackpoint>
					<Trackpoint>
						<Time>2025-01-28T14:48:41.875Z</Time>
						<Position>
							<LatitudeDegrees>47.958869306</LatitudeDegrees>
							<LongitudeDegrees>7.800433091</LongitudeDegrees>
						</Position>
						<AltitudeMeters>487.16</AltitudeMeters>
						<DistanceMeters>4025.97</DistanceMeters>
						<HeartRateBpm>
							<Value>142</Value>
						</HeartRateBpm>
						<Extensions>
							<ns3:TPX>
								<ns3:Speed>1.13</ns3:Speed>
								<ns3:Watts>151</ns3:Watts>
							</ns3:TPX>
						</Extensions>
					</Trackpoint>
					<Trackpoint>
						<Time>2025-01-28T14:48:46.873Z</Time>
						<Position>
							<LatitudeDegrees>47.958828021</LatitudeDegrees>
							<LongitudeDegrees>7.800387134</LongitudeDegrees>
						</Position>
						<AltitudeMeters>487.32</AltitudeMeters>
						<DistanceMeters>4031.70</DistanceMeters>
						<HeartRateBpm>
							<Value>142</Value>
						</HeartRateBpm>
						<Extensions>
							<ns3:TPX>
								<ns3:Speed>1.12</ns3:Speed>
								<ns3:Watts>179</ns3:Watts>
							</ns3:TPX>
						</Extensions>
					</Trackpoint>
					<Trackpoint>
						<Time>2025-01-28T14:48:50.872Z</Time>
						<Position>
							<LatitudeDegrees>47.958782867</LatitudeDegrees>
							<LongitudeDegrees>7.800379192</LongitudeDegrees>
						</Position>
						<AltitudeMeters>488.27</AltitudeMeters>
						<DistanceMeters>4036.75</DistanceMeters>
						<HeartRateBpm>
							<Value>143</Value>
						</HeartRateBpm>
						<Extensions>
							<ns3:TPX>
								<ns3:Speed>1.25</ns3:Speed>
								<ns3:Watts>89</ns3:Watts>
							</ns3:TPX>
						</Extensions>
					</Trackpoint>
					<Trackpoint>
						<Time>2025-01-28T14:48:54.872Z</Time>
						<Position>
							<LatitudeDegrees>47.958731966</LatitudeDegrees>
							<LongitudeDegrees>7.800379668</LongitudeDegrees>
						</Position>
						<AltitudeMeters>488.48</AltitudeMeters>
						<DistanceMeters>4042.41</DistanceMeters>
						<HeartRateBpm>
							<Value>143</Value>
						</HeartRateBpm>
						<Extensions>
							<ns3:TPX>
								<ns3:Speed>1.37</ns3:Speed>
								<ns3:Watts>84</ns3:Watts>
							</ns3:TPX>
						</Extensions>
					</Trackpoint>
					<Trackpoint>
						<Time>2025-01-28T14:48:59.873Z</Time>
						<Position>
							<LatitudeDegrees>47.958675439</LatitudeDegrees>
							<LongitudeDegrees>7.800370725</LongitudeDegrees>
						</Position>
						<AltitudeMeters>488.16</AltitudeMeters>
						<DistanceMeters>4048.73</DistanceMeters>
						<HeartRateBpm>
							<Value>144</Value>
						</HeartRateBpm>
						<Extensions>
							<ns3:TPX>
								<ns3:Speed>1.40</ns3:Speed>
								<ns3:Watts>111</ns3:Watts>
							</ns3:TPX>
						</Extensions>
					</Trackpoint>
					<Trackpoint>
						<Time>2025-01-28T14:49:03.873Z</Time>
						<Position>
							<LatitudeDegrees>47.958631829</LatitudeDegrees>
							<LongitudeDegrees>7.800349165</LongitudeDegrees>
						</Position>
						<AltitudeMeters>489.65</AltitudeMeters>
						<DistanceMeters>4053.84</DistanceMeters>
						<HeartRateBpm>
							<Value>144</Value>
						</HeartRateBpm>
						<Extensions>
							<ns3:TPX>
								<ns3:Speed>1.21</ns3:Speed>
								<ns3:Watts>127</ns3:Watts>
							</ns3:TPX>
						</Extensions>
					</Trackpoint>
					<Trackpoint>
						<Time>2025-01-28T14:49:08.873Z</Time>
						<Position>
							<LatitudeDegrees>47.958582239</LatitudeDegrees>
							<LongitudeDegrees>7.800351810</LongitudeDegrees>
						</Position>
						<AltitudeMeters>489.91</AltitudeMeters>
						<DistanceMeters>4059.36</DistanceMeters>
						<HeartRateBpm>
							<Value>144</Value>
						</HeartRateBpm>
						<Extensions>
							<ns3:TPX>
								<ns3:Speed>1.07</ns3:Speed>
								<ns3:Watts>151</ns3:Watts>
							</ns3:TPX>
						</Extensions>
					</Trackpoint>
					<Trackpoint>
						<Time>2025-01-28T14:49:13.873Z</Time>
						<Position>
							<LatitudeDegrees>47.958526981</LatitudeDegrees>
							<LongitudeDegrees>7.800339813</LongitudeDegrees>
						</Position>
						<AltitudeMeters>492.86</AltitudeMeters>
						<DistanceMeters>4065.57</DistanceMeters>
						<HeartRateBpm>
							<Value>143</Value>
						</HeartRateBpm>
						<Extensions>
							<ns3:TPX>
								<ns3:Speed>1.24</ns3:Speed>
								<ns3:Watts>120</ns3:Watts>
							</ns3:TPX>
						</Extensions>
					</Trackpoint>
					<Trackpoint>
						<Time>2025-01-28T14:49:18.872Z</Time>
						<Position>
							<LatitudeDegrees>47.958482177</LatitudeDegrees>
							<LongitudeDegrees>7.800307057</LongitudeDegrees>
						</Position>
						<AltitudeMeters>493.82</AltitudeMeters>
						<DistanceMeters>4071.12</DistanceMeters>
						<HeartRateBpm>
							<Value>142</Value>
						</HeartRateBpm>
						<Extensions>
							<ns3:TPX>
								<ns3:Speed>1.25</ns3:Speed>
								<ns3:Watts>137</ns3:Watts>
							</ns3:TPX>
						</Extensions>
					</Trackpoint>
					<Trackpoint>
						<Time>2025-01-28T14:49:23.875Z</Time>
						<Position>
							<LatitudeDegrees>47.958482177</LatitudeDegrees>
							<LongitudeDegrees>7.800307057</LongitudeDegrees>
						</Position>
						<AltitudeMeters>493.82</AltitudeMeters>
						<DistanceMeters>4071.12</DistanceMeters>
						<HeartRateBpm>
							<Value>143</Value>
						</HeartRateBpm>
						<Extensions>
							<ns3:TPX>
								<ns3:Speed>1.25</ns3:Speed>
							</ns3:TPX>
						</Extensions>
					</Trackpoint>
					<Trackpoint>
						<Time>2025-01-28T14:49:24.874Z</Time>
						<Position>
							<LatitudeDegrees>47.958423756</LatitudeDegrees>
							<LongitudeDegrees>7.800322612</LongitudeDegrees>
						</Position>
						<AltitudeMeters>493.97</AltitudeMeters>
						<DistanceMeters>4077.72</DistanceMeters>
						<HeartRateBpm>
							<Value>143</Value>
						</HeartRateBpm>
						<Extensions>
							<ns3:TPX>
								<ns3:Speed>1.29</ns3:Speed>
								<ns3:Watts>155</ns3:Watts>
							</ns3:TPX>
						</Extensions>
					</Trackpoint>
					<Trackpoint>
						<Time>2025-01-28T14:49:30.872Z</Time>
						<Position>
							<LatitudeDegrees>47.958369283</LatitudeDegrees>
							<LongitudeDegrees>7.800273335</LongitudeDegrees>
						</Position>
						<AltitudeMeters>496.71</AltitudeMeters>
						<DistanceMeters>4084.80</DistanceMeters>
						<HeartRateBpm>
							<Value>142</Value>
						</HeartRateBpm>
						<Extensions>
							<ns3:TPX>
								<ns3:Speed>1.09</ns3:Speed>
								<ns3:Watts>130</ns3:Watts>
							</ns3:TPX>
						</Extensions>
					</Trackpoint>
					<Trackpoint>
						<Time>2025-01-28T14:49:34.872Z</Time>
						<Position>
							<LatitudeDegrees>47.958325340</LatitudeDegrees>
							<LongitudeDegrees>7.800251548</LongitudeDegrees>
						</Position>
						<AltitudeMeters>494.58</AltitudeMeters>
						<DistanceMeters>4089.95</DistanceMeters>
						<HeartRateBpm>
							<Value>143</Value>
						</HeartRateBpm>
						<Extensions>
							<ns3:TPX>
								<ns3:Speed>0.95</ns3:Speed>
								<ns3:Watts>143</ns3:Watts>
							</ns3:TPX>
						</Extensions>
					</Trackpoint>
					<Trackpoint>
						<Time>2025-01-28T14:49:39.873Z</Time>
						<Position>
							<LatitudeDegrees>47.958273496</LatitudeDegrees>
							<LongitudeDegrees>7.800227915</LongitudeDegrees>
						</Position>
						<AltitudeMeters>495.77</AltitudeMeters>
						<DistanceMeters>4095.98</DistanceMeters>
						<HeartRateBpm>
							<Value>143</Value>
						</HeartRateBpm>
						<Extensions>
							<ns3:TPX>
								<ns3:Speed>1.20</ns3:Speed>
								<ns3:Watts>143</ns3:Watts>
							</ns3:TPX>
						</Extensions>
					</Trackpoint>
					<Trackpoint>
						<Time>2025-01-28T14:49:44.873Z</Time>
						<Position>
							<LatitudeDegrees>47.958273496</LatitudeDegrees>
							<LongitudeDegrees>7.800227915</LongitudeDegrees>
						</Position>
						<AltitudeMeters>495.77</AltitudeMeters>
						<DistanceMeters>4095.98</DistanceMeters>
						<HeartRateBpm>
							<Value>143</Value>
						</HeartRateBpm>
						<Extensions>
							<ns3:TPX>
								<ns3:Speed>1.14</ns3:Speed>
							</ns3:TPX>
						</Extensions>
					</Trackpoint>
					<Trackpoint>
						<Time>2025-01-28T14:49:45.875Z</Time>
						<Position>
							<LatitudeDegrees>47.958214214</LatitudeDegrees>
							<LongitudeDegrees>7.800199817</LongitudeDegrees>
						</Position>
						<AltitudeMeters>496.12</AltitudeMeters>
						<DistanceMeters>4102.90</DistanceMeters>
						<HeartRateBpm>
							<Value>143</Value>
						</HeartRateBpm>
						<Extensions>
							<ns3:TPX>
								<ns3:Speed>1.28</ns3:Speed>
								<ns3:Watts>112</ns3:Watts>
							</ns3:TPX>
						</Extensions>
					</Trackpoint>
					<Trackpoint>
						<Time>2025-01-28T14:49:49.872Z</Time>
						<Position>
							<LatitudeDegrees>47.958168544</LatitudeDegrees>
							<LongitudeDegrees>7.800183801</LongitudeDegrees>
						</Position>
						<AltitudeMeters>497.59</AltitudeMeters>
						<DistanceMeters>4108.12</DistanceMeters>
						<HeartRateBpm>
							<Value>143</Value>
						</HeartRateBpm>
						<Extensions>
							<ns3:TPX>
								<ns3:Speed>1.02</ns3:Speed>
								<ns3:Watts>62</ns3:Watts>
							</ns3:TPX>
						</Extensions>
					</Trackpoint>
					<Trackpoint>
						<Time>2025-01-28T14:49:55.869Z</Time>
						<Position>
							<LatitudeDegrees>47.958130221</LatitudeDegrees>
							<LongitudeDegrees>7.800139437</LongitudeDegrees>
						</Position>
						<AltitudeMeters>498.43</AltitudeMeters>
						<DistanceMeters>4113.51</DistanceMeters>
						<HeartRateBpm>
							<Value>143</Value>
						</HeartRateBpm>
						<Extensions>
							<ns3:TPX>
								<ns3:Speed>0.94</ns3:Speed>
								<ns3:Watts>137</ns3:Watts>
							</ns3:TPX>
						</Extensions>
					</Trackpoint>
					<Trackpoint>
						<Time>2025-01-28T14:49:59.871Z</Time>
						<Position>
							<LatitudeDegrees>47.958082716</LatitudeDegrees>
							<LongitudeDegrees>7.800122700</LongitudeDegrees>
						</Position>
						<AltitudeMeters>498.54</AltitudeMeters>
						<DistanceMeters>4118.94</DistanceMeters>
						<HeartRateBpm>
							<Value>142</Value>
						</HeartRateBpm>
						<Extensions>
							<ns3:TPX>
								<ns3:Speed>1.25</ns3:Speed>
								<ns3:Watts>136</ns3:Watts>
							</ns3:TPX>
						</Extensions>
					</Trackpoint>
					<Trackpoint>
						<Time>2025-01-28T14:50:04.871Z</Time>
						<Position>
							<LatitudeDegrees>47.958029535</LatitudeDegrees>
							<LongitudeDegrees>7.800096254</LongitudeDegrees>
						</Position>
						<AltitudeMeters>498.69</AltitudeMeters>
						<DistanceMeters>4125.18</DistanceMeters>
						<HeartRateBpm>
							<Value>142</Value>
						</HeartRateBpm>
						<Extensions>
							<ns3:TPX>
								<ns3:Speed>1.22</ns3:Speed>
								<ns3:Watts>118</ns3:Watts>
							</ns3:TPX>
						</Extensions>
					</Trackpoint>
					<Trackpoint>
						<Time>2025-01-28T14:50:09.867Z</Time>
						<Position>
							<LatitudeDegrees>47.958029535</LatitudeDegrees>
							<LongitudeDegrees>7.800096254</LongitudeDegrees>
						</Position>
						<AltitudeMeters>498.69</AltitudeMeters>
						<DistanceMeters>4125.18</DistanceMeters>
						<HeartRateBpm>
							<Value>142</Value>
						</HeartRateBpm>
						<Extensions>
							<ns3:TPX>
								<ns3:Speed>1.15</ns3:Speed>
							</ns3:TPX>
						</Extensions>
					</Trackpoint>
					<Trackpoint>
						<Time>2025-01-28T14:50:10.875Z</Time>
						<Position>
							<LatitudeDegrees>47.957984681</LatitudeDegrees>
							<LongitudeDegrees>7.800053718</LongitudeDegrees>
						</Position>
						<AltitudeMeters>499.48</AltitudeMeters>
						<DistanceMeters>4131.09</DistanceMeters>
						<HeartRateBpm>
							<Value>143</Value>
						</HeartRateBpm>
						<Extensions>
							<ns3:TPX>
								<ns3:Speed>1.03</ns3:Speed>
								<ns3:Watts>98</ns3:Watts>
							</ns3:TPX>
						</Extensions>
					</Trackpoint>
					<Trackpoint>
						<Time>2025-01-28T14:50:14.871Z</Time>
						<Position>
							<LatitudeDegrees>47.957939311</LatitudeDegrees>
							<LongitudeDegrees>7.800063179</LongitudeDegrees>
						</Position>
						<AltitudeMeters>499.80</AltitudeMeters>
						<DistanceMeters>4136.18</DistanceMeters>
						<HeartRateBpm>
							<Value>142</Value>
						</HeartRateBpm>
						<Extensions>
							<ns3:TPX>
								<ns3:Speed>1.02</ns3:Speed>
								<ns3:Watts>147</ns3:Watts>
							</ns3:TPX>
						</Extensions>
					</Trackpoint>
					<Trackpoint>
						<Time>2025-01-28T14:50:20.872Z</Time>
						<Position>
							<LatitudeDegrees>47.957887313</LatitudeDegrees>
							<LongitudeDegrees>7.800043268</LongitudeDegrees>
						</Position>
						<AltitudeMeters>502.89</AltitudeMeters>
						<DistanceMeters>4142.15</DistanceMeters>
						<HeartRateBpm>
							<Value>142</Value>
						</HeartRateBpm>
						<Extensions>
							<ns3:TPX>
								<ns3:Speed>1.08</ns3:Speed>
								<ns3:Watts>130</ns3:Watts>
							</ns3:TPX>
						</Extensions>
					</Trackpoint>
					<Trackpoint>
						<Time>2025-01-28T14:50:24.873Z</Time>
						<Position>
							<LatitudeDegrees>47.957844918</LatitudeDegrees>
							<LongitudeDegrees>7.800019682</LongitudeDegrees>
						</Position>
						<AltitudeMeters>504.78</AltitudeMeters>
						<DistanceMeters>4147.19</DistanceMeters>
						<HeartRateBpm>
							<Value>142</Value>
						</HeartRateBpm>
						<Extensions>
							<ns3:TPX>
								<ns3:Speed>1.20</ns3:Speed>
								<ns3:Watts>107</ns3:Watts>
							</ns3:TPX>
						</Extensions>
					</Trackpoint>
					<Trackpoint>
						<Time>2025-01-28T14:50:29.868Z</Time>
						<Position>
							<LatitudeDegrees>47.957793218</LatitudeDegrees>
							<LongitudeDegrees>7.799982883</LongitudeDegrees>
						</Position>
						<AltitudeMeters>505.56</AltitudeMeters>
						<DistanceMeters>4153.56</DistanceMeters>
						<HeartRateBpm>
							<Value>142</Value>
						</HeartRateBpm>
						<Extensions>
							<ns3:TPX>
								<ns3:Speed>1.19</ns3:Speed>
								<ns3:Watts>129</ns3:Watts>
							</ns3:TPX>
						</Extensions>
					</Trackpoint>
					<Trackpoint>
						<Time>2025-01-28T14:50:34.868Z</Time>
						<Position>
							<LatitudeDegrees>47.957793218</LatitudeDegrees>
							<LongitudeDegrees>7.799982883</LongitudeDegrees>
						</Position>
						<AltitudeMeters>505.56</AltitudeMeters>
						<DistanceMeters>4153.56</DistanceMeters>
						<HeartRateBpm>
							<Value>142</Value>
						</HeartRateBpm>
						<Extensions>
							<ns3:TPX>
								<ns3:Speed>1.10</ns3:Speed>
							</ns3:TPX>
						</Extensions>
					</Trackpoint>
					<Trackpoint>
						<Time>2025-01-28T14:50:35.873Z</Time>
						<Position>
							<LatitudeDegrees>47.957740492</LatitudeDegrees>
							<LongitudeDegrees>7.799946494</LongitudeDegrees>
						</Position>
						<AltitudeMeters>508.85</AltitudeMeters>
						<DistanceMeters>4160.02</DistanceMeters>
						<HeartRateBpm>
							<Value>142</Value>
						</HeartRateBpm>
						<Extensions>
							<ns3:TPX>
								<ns3:Speed>0.92</ns3:Speed>
								<ns3:Watts>129</ns3:Watts>
							</ns3:TPX>
						</Extensions>
					</Trackpoint>
					<Trackpoint>
						<Time>2025-01-28T14:50:41.868Z</Time>
						<Position>
							<LatitudeDegrees>47.957700862</LatitudeDegrees>
							<LongitudeDegrees>7.799892560</LongitudeDegrees>
						</Position>
						<AltitudeMeters>509.77</AltitudeMeters>
						<DistanceMeters>4165.99</DistanceMeters>
						<HeartRateBpm>
							<Value>142</Value>
						</HeartRateBpm>
						<Extensions>
							<ns3:TPX>
								<ns3:Speed>1.13</ns3:Speed>
								<ns3:Watts>177</ns3:Watts>
							</ns3:TPX>
						</Extensions>
					</Trackpoint>
					<Trackpoint>
						<Time>2025-01-28T14:50:46.869Z</Time>
						<Position>
							<LatitudeDegrees>47.957653780</LatitudeDegrees>
							<LongitudeDegrees>7.799839716</LongitudeDegrees>
						</Position>
						<AltitudeMeters>507.87</AltitudeMeters>
						<DistanceMeters>4172.55</DistanceMeters>
						<HeartRateBpm>
							<Value>142</Value>
						</HeartRateBpm>
						<Extensions>
							<ns3:TPX>
								<ns3:Speed>1.30</ns3:Speed>
								<ns3:Watts>104</ns3:Watts>
							</ns3:TPX>
						</Extensions>
					</Trackpoint>
					<Trackpoint>
						<Time>2025-01-28T14:50:51.869Z</Time>
						<Position>
							<LatitudeDegrees>47.957626284</LatitudeDegrees>
							<LongitudeDegrees>7.799783843</LongitudeDegrees>
						</Position>
						<AltitudeMeters>508.67</AltitudeMeters>
						<DistanceMeters>4177.72</DistanceMeters>
						<HeartRateBpm>
							<Value>142</Value>
						</HeartRateBpm>
						<Extensions>
							<ns3:TPX>
								<ns3:Speed>0.98</ns3:Speed>
								<ns3:Watts>118</ns3:Watts>
							</ns3:TPX>
						</Extensions>
					</Trackpoint>
					<Trackpoint>
						<Time>2025-01-28T14:50:56.870Z</Time>
						<Position>
							<LatitudeDegrees>47.957584860</LatitudeDegrees>
							<LongitudeDegrees>7.799743943</LongitudeDegrees>
						</Position>
						<AltitudeMeters>508.01</AltitudeMeters>
						<DistanceMeters>4183.20</DistanceMeters>
						<HeartRateBpm>
							<Value>141</Value>
						</HeartRateBpm>
						<Extensions>
							<ns3:TPX>
								<ns3:Speed>1.13</ns3:Speed>
								<ns3:Watts>91</ns3:Watts>
							</ns3:TPX>
						</Extensions>
					</Trackpoint>
					<Trackpoint>
						<Time>2025-01-28T14:51:00.870Z</Time>
						<Position>
							<LatitudeDegrees>47.957557950</LatitudeDegrees>
							<LongitudeDegrees>7.799677309</LongitudeDegrees>
						</Position>
						<AltitudeMeters>507.78</AltitudeMeters>
						<DistanceMeters>4189.01</DistanceMeters>
						<HeartRateBpm>
							<Value>142</Value>
						</HeartRateBpm>
						<Extensions>
							<ns3:TPX>
								<ns3:Speed>1.32</ns3:Speed>
								<ns3:Watts>157</ns3:Watts>
							</ns3:TPX>
						</Extensions>
					</Trackpoint>
					<Trackpoint>
						<Time>2025-01-28T14:51:04.867Z</Time>
						<Position>
							<LatitudeDegrees>47.957514513</LatitudeDegrees>
							<LongitudeDegrees>7.799631344</LongitudeDegrees>
						</Position>
						<AltitudeMeters>507.24</AltitudeMeters>
						<DistanceMeters>4194.94</DistanceMeters>
						<HeartRateBpm>
							<Value>142</Value>
						</HeartRateBpm>
						<Extensions>
							<ns3:TPX>
								<ns3:Speed>1.22</ns3:Speed>
								<ns3:Watts>352</ns3:Watts>
							</ns3:TPX>
						</Extensions>
					</Trackpoint>
					<Trackpoint>
						<Time>2025-01-28T14:51:08.870Z</Time>
						<Position>
							<LatitudeDegrees>47.957484308</LatitudeDegrees>
							<LongitudeDegrees>7.799581450</LongitudeDegrees>
						</Position>
						<AltitudeMeters>509.41</AltitudeMeters>
						<DistanceMeters>4199.95</DistanceMeters>
						<HeartRateBpm>
							<Value>142</Value>
						</HeartRateBpm>
						<Extensions>
							<ns3:TPX>
								<ns3:Speed>1.15</ns3:Speed>
								<ns3:Watts>152</ns3:Watts>
							</ns3:TPX>
						</Extensions>
					</Trackpoint>
					<Trackpoint>
						<Time>2025-01-28T14:51:12.870Z</Time>
						<Position>
							<LatitudeDegrees>47.957453486</LatitudeDegrees>
							<LongitudeDegrees>7.799520442</LongitudeDegrees>
						</Position>
						<AltitudeMeters>508.39</AltitudeMeters>
						<DistanceMeters>4205.65</DistanceMeters>
						<HeartRateBpm>
							<Value>142</Value>
						</HeartRateBpm>
						<Extensions>
							<ns3:TPX>
								<ns3:Speed>1.37</ns3:Speed>
								<ns3:Watts>37</ns3:Watts>
							</ns3:TPX>
						</Extensions>
					</Trackpoint>
					<Trackpoint>
						<Time>2025-01-28T14:51:16.874Z</Time>
						<Position>
							<LatitudeDegrees>47.957421812</LatitudeDegrees>
							<LongitudeDegrees>7.799466340</LongitudeDegrees>
						</Position>
						<AltitudeMeters>507.07</AltitudeMeters>
						<DistanceMeters>4211.01</DistanceMeters>
						<HeartRateBpm>
							<Value>143</Value>
						</HeartRateBpm>
						<Extensions>
							<ns3:TPX>
								<ns3:Speed>1.44</ns3:Speed>
								<ns3:Watts>10</ns3:Watts>
							</ns3:TPX>
						</Extensions>
					</Trackpoint>
					<Trackpoint>
						<Time>2025-01-28T14:51:19.864Z</Time>
						<Position>
							<LatitudeDegrees>47.957393855</LatitudeDegrees>
							<LongitudeDegrees>7.799411456</LongitudeDegrees>
						</Position>
						<AltitudeMeters>506.25</AltitudeMeters>
						<DistanceMeters>4216.16</DistanceMeters>
						<HeartRateBpm>
							<Value>143</Value>
						</HeartRateBpm>
						<Extensions>
							<ns3:TPX>
								<ns3:Speed>1.41</ns3:Speed>
								<ns3:Watts>65</ns3:Watts>
							</ns3:TPX>
						</Extensions>
					</Trackpoint>
					<Trackpoint>
						<Time>2025-01-28T14:51:23.870Z</Time>
						<Position>
							<LatitudeDegrees>47.957360670</LatitudeDegrees>
							<LongitudeDegrees>7.799358697</LongitudeDegrees>
						</Position>
						<AltitudeMeters>505.77</AltitudeMeters>
						<DistanceMeters>4221.56</DistanceMeters>
						<HeartRateBpm>
							<Value>143</Value>
						</HeartRateBpm>
						<Extensions>
							<ns3:TPX>
								<ns3:Speed>1.46</ns3:Speed>
								<ns3:Watts>200</ns3:Watts>
							</ns3:TPX>
						</Extensions>
					</Trackpoint>
					<Trackpoint>
						<Time>2025-01-28T14:51:27.871Z</Time>
						<Position>
							<LatitudeDegrees>47.957319327</LatitudeDegrees>
							<LongitudeDegrees>7.799295534</LongitudeDegrees>
						</Position>
						<AltitudeMeters>505.55</AltitudeMeters>
						<DistanceMeters>4228.14</DistanceMeters>
						<HeartRateBpm>
							<Value>143</Value>
						</HeartRateBpm>
						<Extensions>
							<ns3:TPX>
								<ns3:Speed>1.52</ns3:Speed>
								<ns3:Watts>120</ns3:Watts>
							</ns3:TPX>
						</Extensions>
					</Trackpoint>
					<Trackpoint>
						<Time>2025-01-28T14:51:30.872Z</Time>
						<Position>
							<LatitudeDegrees>47.957282615</LatitudeDegrees>
							<LongitudeDegrees>7.799247518</LongitudeDegrees>
						</Position>
						<AltitudeMeters>507.55</AltitudeMeters>
						<DistanceMeters>4233.57</DistanceMeters>
						<HeartRateBpm>
							<Value>144</Value>
						</HeartRateBpm>
						<Extensions>
							<ns3:TPX>
								<ns3:Speed>1.51</ns3:Speed>
								<ns3:Watts>111</ns3:Watts>
							</ns3:TPX>
						</Extensions>
					</Trackpoint>
					<Trackpoint>
						<Time>2025-01-28T14:51:33.870Z</Time>
						<Position>
							<LatitudeDegrees>47.957246910</LatitudeDegrees>
							<LongitudeDegrees>7.799193194</LongitudeDegrees>
						</Position>
						<AltitudeMeters>506.27</AltitudeMeters>
						<DistanceMeters>4239.25</DistanceMeters>
						<HeartRateBpm>
							<Value>144</Value>
						</HeartRateBpm>
						<Extensions>
							<ns3:TPX>
								<ns3:Speed>1.53</ns3:Speed>
								<ns3:Watts>170</ns3:Watts>
							</ns3:TPX>
						</Extensions>
					</Trackpoint>
					<Trackpoint>
						<Time>2025-01-28T14:51:36.872Z</Time>
						<Position>
							<LatitudeDegrees>47.957223473</LatitudeDegrees>
							<LongitudeDegrees>7.799112693</LongitudeDegrees>
						</Position>
						<AltitudeMeters>507.05</AltitudeMeters>
						<DistanceMeters>4245.80</DistanceMeters>
						<HeartRateBpm>
							<Value>144</Value>
						</HeartRateBpm>
						<Extensions>
							<ns3:TPX>
								<ns3:Speed>1.87</ns3:Speed>
								<ns3:Watts>132</ns3:Watts>
							</ns3:TPX>
						</Extensions>
					</Trackpoint>
					<Trackpoint>
						<Time>2025-01-28T14:51:39.871Z</Time>
						<Position>
							<LatitudeDegrees>47.957191488</LatitudeDegrees>
							<LongitudeDegrees>7.799044879</LongitudeDegrees>
						</Position>
						<AltitudeMeters>507.47</AltitudeMeters>
						<DistanceMeters>4251.99</DistanceMeters>
						<HeartRateBpm>
							<Value>143</Value>
						</HeartRateBpm>
						<Extensions>
							<ns3:TPX>
								<ns3:Speed>1.68</ns3:Speed>
								<ns3:Watts>23</ns3:Watts>
							</ns3:TPX>
						</Extensions>
					</Trackpoint>
					<Trackpoint>
						<Time>2025-01-28T14:51:42.866Z</Time>
						<Position>
							<LatitudeDegrees>47.957156348</LatitudeDegrees>
							<LongitudeDegrees>7.798999130</LongitudeDegrees>
						</Position>
						<AltitudeMeters>507.32</AltitudeMeters>
						<DistanceMeters>4257.18</DistanceMeters>
						<HeartRateBpm>
							<Value>143</Value>
						</HeartRateBpm>
						<Extensions>
							<ns3:TPX>
								<ns3:Speed>1.50</ns3:Speed>
								<ns3:Watts>42</ns3:Watts>
							</ns3:TPX>
						</Extensions>
					</Trackpoint>
					<Trackpoint>
						<Time>2025-01-28T14:51:45.870Z</Time>
						<Position>
							<LatitudeDegrees>47.957124051</LatitudeDegrees>
							<LongitudeDegrees>7.798942823</LongitudeDegrees>
						</Position>
						<AltitudeMeters>509.31</AltitudeMeters>
						<DistanceMeters>4262.71</DistanceMeters>
						<HeartRateBpm>
							<Value>142</Value>
						</HeartRateBpm>
						<Extensions>
							<ns3:TPX>
								<ns3:Speed>1.52</ns3:Speed>
								<ns3:Watts>64</ns3:Watts>
							</ns3:TPX>
						</Extensions>
					</Trackpoint>
					<Trackpoint>
						<Time>2025-01-28T14:51:48.870Z</Time>
						<Position>
							<LatitudeDegrees>47.957104899</LatitudeDegrees>
							<LongitudeDegrees>7.798857681</LongitudeDegrees>
						</Position>
						<AltitudeMeters>507.45</AltitudeMeters>
						<DistanceMeters>4269.42</DistanceMeters>
						<HeartRateBpm>
							<Value>142</Value>
						</HeartRateBpm>
						<Extensions>
							<ns3:TPX>
								<ns3:Speed>1.54</ns3:Speed>
								<ns3:Watts>113</ns3:Watts>
							</ns3:TPX>
						</Extensions>
					</Trackpoint>
					<Trackpoint>
						<Time>2025-01-28T14:51:51.864Z</Time>
						<Position>
							<LatitudeDegrees>47.957081206</LatitudeDegrees>
							<LongitudeDegrees>7.798781075</LongitudeDegrees>
						</Position>
						<AltitudeMeters>507.41</AltitudeMeters>
						<DistanceMeters>4275.72</DistanceMeters>
						<HeartRateBpm>
							<Value>141</Value>
						</HeartRateBpm>
						<Extensions>
							<ns3:TPX>
								<ns3:Speed>1.63</ns3:Speed>
								<ns3:Watts>101</ns3:Watts>
							</ns3:TPX>
						</Extensions>
					</Trackpoint>
					<Trackpoint>
						<Time>2025-01-28T14:51:54.872Z</Time>
						<Position>
							<LatitudeDegrees>47.957034641</LatitudeDegrees>
							<LongitudeDegrees>7.798720803</LongitudeDegrees>
						</Position>
						<AltitudeMeters>505.83</AltitudeMeters>
						<DistanceMeters>4282.58</DistanceMeters>
						<HeartRateBpm>
							<Value>141</Value>
						</HeartRateBpm>
						<Extensions>
							<ns3:TPX>
								<ns3:Speed>1.68</ns3:Speed>
								<ns3:Watts>5</ns3:Watts>
							</ns3:TPX>
						</Extensions>
					</Trackpoint>
					<Trackpoint>
						<Time>2025-01-28T14:51:57.867Z</Time>
						<Position>
							<LatitudeDegrees>47.956992262</LatitudeDegrees>
							<LongitudeDegrees>7.798654967</LongitudeDegrees>
						</Position>
						<AltitudeMeters>504.85</AltitudeMeters>
						<DistanceMeters>4289.39</DistanceMeters>
						<HeartRateBpm>
							<Value>141</Value>
						</HeartRateBpm>
						<Extensions>
							<ns3:TPX>
								<ns3:Speed>1.71</ns3:Speed>
							</ns3:TPX>
						</Extensions>
					</Trackpoint>
					<Trackpoint>
						<Time>2025-01-28T14:51:59.870Z</Time>
						<Position>
							<LatitudeDegrees>47.956968006</LatitudeDegrees>
							<LongitudeDegrees>7.798594715</LongitudeDegrees>
						</Position>
						<AltitudeMeters>505.45</AltitudeMeters>
						<DistanceMeters>4294.63</DistanceMeters>
						<HeartRateBpm>
							<Value>141</Value>
						</HeartRateBpm>
						<Extensions>
							<ns3:TPX>
								<ns3:Speed>1.77</ns3:Speed>
							</ns3:TPX>
						</Extensions>
					</Trackpoint>
					<Trackpoint>
						<Time>2025-01-28T14:52:01.872Z</Time>
						<Position>
							<LatitudeDegrees>47.956933481</LatitudeDegrees>
							<LongitudeDegrees>7.798539381</LongitudeDegrees>
						</Position>
						<AltitudeMeters>503.46</AltitudeMeters>
						<DistanceMeters>4300.27</DistanceMeters>
						<HeartRateBpm>
							<Value>141</Value>
						</HeartRateBpm>
						<Extensions>
							<ns3:TPX>
								<ns3:Speed>1.89</ns3:Speed>
								<ns3:Watts>10</ns3:Watts>
							</ns3:TPX>
						</Extensions>
					</Trackpoint>
					<Trackpoint>
						<Time>2025-01-28T14:52:03.871Z</Time>
						<Position>
							<LatitudeDegrees>47.956880031</LatitudeDegrees>
							<LongitudeDegrees>7.798498183</LongitudeDegrees>
						</Position>
						<AltitudeMeters>502.75</AltitudeMeters>
						<DistanceMeters>4306.97</DistanceMeters>
						<HeartRateBpm>
							<Value>141</Value>
						</HeartRateBpm>
						<Extensions>
							<ns3:TPX>
								<ns3:Speed>1.91</ns3:Speed>
							</ns3:TPX>
						</Extensions>
					</Trackpoint>
					<Trackpoint>
						<Time>2025-01-28T14:52:05.871Z</Time>
						<Position>
							<LatitudeDegrees>47.956834510</LatitudeDegrees>
							<LongitudeDegrees>7.798423013</LongitudeDegrees>
						</Position>
						<AltitudeMeters>502.60</AltitudeMeters>
						<DistanceMeters>4314.52</DistanceMeters>
						<HeartRateBpm>
							<Value>140</Value>
						</HeartRateBpm>
						<Extensions>
							<ns3:TPX>
								<ns3:Speed>1.93</ns3:Speed>
							</ns3:TPX>
						</Extensions>
					</Trackpoint>
					<Trackpoint>
						<Time>2025-01-28T14:52:07.871Z</Time>
						<Position>
							<LatitudeDegrees>47.956792082</LatitudeDegrees>
							<LongitudeDegrees>7.798364190</LongitudeDegrees>
						</Position>
						<AltitudeMeters>498.21</AltitudeMeters>
						<DistanceMeters>4320.97</DistanceMeters>
						<HeartRateBpm>
							<Value>140</Value>
						</HeartRateBpm>
						<Extensions>
							<ns3:TPX>
								<ns3:Speed>1.83</ns3:Speed>
							</ns3:TPX>
						</Extensions>
					</Trackpoint>
					<Trackpoint>
						<Time>2025-01-28T14:52:09.871Z</Time>
						<Position>
							<LatitudeDegrees>47.956747086</LatitudeDegrees>
							<LongitudeDegrees>7.798284240</LongitudeDegrees>
						</Position>
						<AltitudeMeters>496.50</AltitudeMeters>
						<DistanceMeters>4328.76</DistanceMeters>
						<HeartRateBpm>
							<Value>140</Value>
						</HeartRateBpm>
						<Extensions>
							<ns3:TPX>
								<ns3:Speed>1.02</ns3:Speed>
							</ns3:TPX>
						</Extensions>
					</Trackpoint>
					<Trackpoint>
						<Time>2025-01-28T14:52:11.871Z</Time>
						<Position>
							<LatitudeDegrees>47.956725029</LatitudeDegrees>
							<LongitudeDegrees>7.798198885</LongitudeDegrees>
						</Position>
						<AltitudeMeters>495.27</AltitudeMeters>
						<DistanceMeters>4335.59</DistanceMeters>
						<HeartRateBpm>
							<Value>140</Value>
						</HeartRateBpm>
						<Extensions>
							<ns3:TPX>
								<ns3:Speed>1.89</ns3:Speed>
							</ns3:TPX>
						</Extensions>
					</Trackpoint>
					<Trackpoint>
						<Time>2025-01-28T14:52:14.872Z</Time>
						<Position>
							<LatitudeDegrees>47.956637645</LatitudeDegrees>
							<LongitudeDegrees>7.798070252</LongitudeDegrees>
						</Position>
						<AltitudeMeters>494.28</AltitudeMeters>
						<DistanceMeters>4349.25</DistanceMeters>
						<HeartRateBpm>
							<Value>140</Value>
						</HeartRateBpm>
						<Extensions>
							<ns3:TPX>
								<ns3:Speed>1.78</ns3:Speed>
							</ns3:TPX>
						</Extensions>
					</Trackpoint>
					<Trackpoint>
						<Time>2025-01-28T14:52:16.870Z</Time>
						<Position>
							<LatitudeDegrees>47.956588045</LatitudeDegrees>
							<LongitudeDegrees>7.798049930</LongitudeDegrees>
						</Position>
						<AltitudeMeters>490.32</AltitudeMeters>
						<DistanceMeters>4354.97</DistanceMeters>
						<HeartRateBpm>
							<Value>141</Value>
						</HeartRateBpm>
						<Extensions>
							<ns3:TPX>
								<ns3:Speed>1.06</ns3:Speed>
							</ns3:TPX>
						</Extensions>
					</Trackpoint>
					<Trackpoint>
						<Time>2025-01-28T14:52:18.870Z</Time>
						<Position>
							<LatitudeDegrees>47.956545891</LatitudeDegrees>
							<LongitudeDegrees>7.798015635</LongitudeDegrees>
						</Position>
						<AltitudeMeters>491.12</AltitudeMeters>
						<DistanceMeters>4360.32</DistanceMeters>
						<HeartRateBpm>
							<Value>140</Value>
						</HeartRateBpm>
						<Extensions>
							<ns3:TPX>
								<ns3:Speed>1.17</ns3:Speed>
							</ns3:TPX>
						</Extensions>
					</Trackpoint>
					<Trackpoint>
						<Time>2025-01-28T14:52:20.869Z</Time>
						<Position>
							<LatitudeDegrees>47.956488529</LatitudeDegrees>
							<LongitudeDegrees>7.797968890</LongitudeDegrees>
						</Position>
						<AltitudeMeters>491.33</AltitudeMeters>
						<DistanceMeters>4367.59</DistanceMeters>
						<HeartRateBpm>
							<Value>140</Value>
						</HeartRateBpm>
						<Extensions>
							<ns3:TPX>
								<ns3:Speed>0.92</ns3:Speed>
							</ns3:TPX>
						</Extensions>
					</Trackpoint>
					<Trackpoint>
						<Time>2025-01-28T14:52:22.871Z</Time>
						<Position>
							<LatitudeDegrees>47.956346277</LatitudeDegrees>
							<LongitudeDegrees>7.797958455</LongitudeDegrees>
						</Position>
						<AltitudeMeters>490.98</AltitudeMeters>
						<DistanceMeters>4383.42</DistanceMeters>
						<HeartRateBpm>
							<Value>139</Value>
						</HeartRateBpm>
						<Extensions>
							<ns3:TPX>
								<ns3:Speed>1.44</ns3:Speed>
							</ns3:TPX>
						</Extensions>
					</Trackpoint>
					<Trackpoint>
						<Time>2025-01-28T14:52:25.871Z</Time>
						<Position>
							<LatitudeDegrees>47.956195471</LatitudeDegrees>
							<LongitudeDegrees>7.797965979</LongitudeDegrees>
						</Position>
						<AltitudeMeters>492.24</AltitudeMeters>
						<DistanceMeters>4400.20</DistanceMeters>
						<HeartRateBpm>
							<Value>138</Value>
						</HeartRateBpm>
						<Extensions>
							<ns3:TPX>
								<ns3:Speed>2.97</ns3:Speed>
								<ns3:Watts>471</ns3:Watts>
							</ns3:TPX>
						</Extensions>
					</Trackpoint>
					<Trackpoint>
						<Time>2025-01-28T14:52:27.870Z</Time>
						<Position>
							<LatitudeDegrees>47.956081942</LatitudeDegrees>
							<LongitudeDegrees>7.797968651</LongitudeDegrees>
						</Position>
						<AltitudeMeters>493.49</AltitudeMeters>
						<DistanceMeters>4412.82</DistanceMeters>
						<HeartRateBpm>
							<Value>137</Value>
						</HeartRateBpm>
						<Extensions>
							<ns3:TPX>
								<ns3:Speed>7.70</ns3:Speed>
								<ns3:Watts>1026</ns3:Watts>
							</ns3:TPX>
						</Extensions>
					</Trackpoint>
					<Trackpoint>
						<Time>2025-01-28T14:52:31.871Z</Time>
						<Position>
							<LatitudeDegrees>47.955670321</LatitudeDegrees>
							<LongitudeDegrees>7.798126413</LongitudeDegrees>
						</Position>
						<AltitudeMeters>498.26</AltitudeMeters>
						<DistanceMeters>4460.08</DistanceMeters>
						<HeartRateBpm>
							<Value>136</Value>
						</HeartRateBpm>
						<Extensions>
							<ns3:TPX>
								<ns3:Speed>8.86</ns3:Speed>
							</ns3:TPX>
						</Extensions>
					</Trackpoint>
					<Trackpoint>
						<Time>2025-01-28T14:52:33.868Z</Time>
						<Position>
							<LatitudeDegrees>47.955500351</LatitudeDegrees>
							<LongitudeDegrees>7.798196011</LongitudeDegrees>
						</Position>
						<AltitudeMeters>502.16</AltitudeMeters>
						<DistanceMeters>4479.69</DistanceMeters>
						<HeartRateBpm>
							<Value>136</Value>
						</HeartRateBpm>
						<Extensions>
							<ns3:TPX>
								<ns3:Speed>10.35</ns3:Speed>
								<ns3:Watts>377</ns3:Watts>
							</ns3:TPX>
						</Extensions>
					</Trackpoint>
					<Trackpoint>
						<Time>2025-01-28T14:52:38.867Z</Time>
						<Position>
							<LatitudeDegrees>47.955500351</LatitudeDegrees>
							<LongitudeDegrees>7.798196011</LongitudeDegrees>
						</Position>
						<AltitudeMeters>502.16</AltitudeMeters>
						<DistanceMeters>4479.69</DistanceMeters>
						<HeartRateBpm>
							<Value>134</Value>
						</HeartRateBpm>
						<Extensions>
							<ns3:TPX>
								<ns3:Speed>3.19</ns3:Speed>
							</ns3:TPX>
						</Extensions>
					</Trackpoint>
					<Trackpoint>
						<Time>2025-01-28T14:52:41.871Z</Time>
						<Position>
							<LatitudeDegrees>47.954716265</LatitudeDegrees>
							<LongitudeDegrees>7.798071613</LongitudeDegrees>
						</Position>
						<AltitudeMeters>505.10</AltitudeMeters>
						<DistanceMeters>4567.36</DistanceMeters>
						<HeartRateBpm>
							<Value>133</Value>
						</HeartRateBpm>
						<Extensions>
							<ns3:TPX>
								<ns3:Speed>9.18</ns3:Speed>
							</ns3:TPX>
						</Extensions>
					</Trackpoint>
					<Trackpoint>
						<Time>2025-01-28T14:52:43.875Z</Time>
						<Position>
							<LatitudeDegrees>47.954535041</LatitudeDegrees>
							<LongitudeDegrees>7.798025694</LongitudeDegrees>
						</Position>
						<AltitudeMeters>503.48</AltitudeMeters>
						<DistanceMeters>4587.80</DistanceMeters>
						<HeartRateBpm>
							<Value>133</Value>
						</HeartRateBpm>
						<Extensions>
							<ns3:TPX>
								<ns3:Speed>8.47</ns3:Speed>
							</ns3:TPX>
						</Extensions>
					</Trackpoint>
					<Trackpoint>
						<Time>2025-01-28T14:52:45.872Z</Time>
						<Position>
							<LatitudeDegrees>47.954380241</LatitudeDegrees>
							<LongitudeDegrees>7.797995869</LongitudeDegrees>
						</Position>
						<AltitudeMeters>500.66</AltitudeMeters>
						<DistanceMeters>4605.16</DistanceMeters>
						<HeartRateBpm>
							<Value>132</Value>
						</HeartRateBpm>
						<Extensions>
							<ns3:TPX>
								<ns3:Speed>8.30</ns3:Speed>
							</ns3:TPX>
						</Extensions>
					</Trackpoint>
					<Trackpoint>
						<Time>2025-01-28T14:52:47.867Z</Time>
						<Position>
							<LatitudeDegrees>47.954220783</LatitudeDegrees>
							<LongitudeDegrees>7.798010113</LongitudeDegrees>
						</Position>
						<AltitudeMeters>497.02</AltitudeMeters>
						<DistanceMeters>4622.92</DistanceMeters>
						<HeartRateBpm>
							<Value>132</Value>
						</HeartRateBpm>
						<Extensions>
							<ns3:TPX>
								<ns3:Speed>6.93</ns3:Speed>
							</ns3:TPX>
						</Extensions>
					</Trackpoint>
					<Trackpoint>
						<Time>2025-01-28T14:52:49.870Z</Time>
						<Position>
							<LatitudeDegrees>47.954094636</LatitudeDegrees>
							<LongitudeDegrees>7.798092072</LongitudeDegrees>
						</Position>
						<AltitudeMeters>496.57</AltitudeMeters>
						<DistanceMeters>4638.22</DistanceMeters>
						<HeartRateBpm>
							<Value>132</Value>
						</HeartRateBpm>
						<Extensions>
							<ns3:TPX>
								<ns3:Speed>7.97</ns3:Speed>
							</ns3:TPX>
						</Extensions>
					</Trackpoint>
					<Trackpoint>
						<Time>2025-01-28T14:52:51.870Z</Time>
						<Position>
							<LatitudeDegrees>47.953971607</LatitudeDegrees>
							<LongitudeDegrees>7.798327328</LongitudeDegrees>
						</Position>
						<AltitudeMeters>492.70</AltitudeMeters>
						<DistanceMeters>4660.49</DistanceMeters>
						<HeartRateBpm>
							<Value>131</Value>
						</HeartRateBpm>
						<Extensions>
							<ns3:TPX>
								<ns3:Speed>9.68</ns3:Speed>
							</ns3:TPX>
						</Extensions>
					</Trackpoint>
					<Trackpoint>
						<Time>2025-01-28T14:52:53.870Z</Time>
						<Position>
							<LatitudeDegrees>47.953803391</LatitudeDegrees>
							<LongitudeDegrees>7.798511116</LongitudeDegrees>
						</Position>
						<AltitudeMeters>496.73</AltitudeMeters>
						<DistanceMeters>4683.69</DistanceMeters>
						<HeartRateBpm>
							<Value>131</Value>
						</HeartRateBpm>
						<Extensions>
							<ns3:TPX>
								<ns3:Speed>9.73</ns3:Speed>
							</ns3:TPX>
						</Extensions>
					</Trackpoint>
					<Trackpoint>
						<Time>2025-01-28T14:52:55.870Z</Time>
						<Position>
							<LatitudeDegrees>47.953625465</LatitudeDegrees>
							<LongitudeDegrees>7.798580220</LongitudeDegrees>
						</Position>
						<AltitudeMeters>500.48</AltitudeMeters>
						<DistanceMeters>4704.14</DistanceMeters>
						<HeartRateBpm>
							<Value>131</Value>
						</HeartRateBpm>
						<Extensions>
							<ns3:TPX>
								<ns3:Speed>10.17</ns3:Speed>
							</ns3:TPX>
						</Extensions>
					</Trackpoint>
					<Trackpoint>
						<Time>2025-01-28T14:52:57.872Z</Time>
						<Position>
							<LatitudeDegrees>47.953435817</LatitudeDegrees>
							<LongitudeDegrees>7.798429772</LongitudeDegrees>
						</Position>
						<AltitudeMeters>500.22</AltitudeMeters>
						<DistanceMeters>4728.03</DistanceMeters>
						<HeartRateBpm>
							<Value>131</Value>
						</HeartRateBpm>
						<Extensions>
							<ns3:TPX>
								<ns3:Speed>9.34</ns3:Speed>
							</ns3:TPX>
						</Extensions>
					</Trackpoint>
					<Trackpoint>
						<Time>2025-01-28T14:52:59.873Z</Time>
						<Position>
							<LatitudeDegrees>47.953368391</LatitudeDegrees>
							<LongitudeDegrees>7.798190631</LongitudeDegrees>
						</Position>
						<AltitudeMeters>498.71</AltitudeMeters>
						<DistanceMeters>4747.40</DistanceMeters>
						<HeartRateBpm>
							<Value>131</Value>
						</HeartRateBpm>
						<Extensions>
							<ns3:TPX>
								<ns3:Speed>9.77</ns3:Speed>
								<ns3:Watts>43</ns3:Watts>
							</ns3:TPX>
						</Extensions>
					</Trackpoint>
					<Trackpoint>
						<Time>2025-01-28T14:53:00.870Z</Time>
						<Position>
							<LatitudeDegrees>47.953317437</LatitudeDegrees>
							<LongitudeDegrees>7.798081491</LongitudeDegrees>
						</Position>
						<AltitudeMeters>497.24</AltitudeMeters>
						<DistanceMeters>4757.33</DistanceMeters>
						<HeartRateBpm>
							<Value>131</Value>
						</HeartRateBpm>
						<Extensions>
							<ns3:TPX>
								<ns3:Speed>9.63</ns3:Speed>
							</ns3:TPX>
						</Extensions>
					</Trackpoint>
					<Trackpoint>
						<Time>2025-01-28T14:53:01.869Z</Time>
						<Position>
							<LatitudeDegrees>47.953266852</LatitudeDegrees>
							<LongitudeDegrees>7.797980508</LongitudeDegrees>
						</Position>
						<AltitudeMeters>495.20</AltitudeMeters>
						<DistanceMeters>4766.74</DistanceMeters>
						<HeartRateBpm>
							<Value>131</Value>
						</HeartRateBpm>
						<Extensions>
							<ns3:TPX>
								<ns3:Speed>9.60</ns3:Speed>
							</ns3:TPX>
						</Extensions>
					</Trackpoint>
					<Trackpoint>
						<Time>2025-01-28T14:53:02.867Z</Time>
						<Position>
							<LatitudeDegrees>47.953219715</LatitudeDegrees>
							<LongitudeDegrees>7.797879761</LongitudeDegrees>
						</Position>
						<AltitudeMeters>495.38</AltitudeMeters>
						<DistanceMeters>4775.91</DistanceMeters>
						<HeartRateBpm>
							<Value>131</Value>
						</HeartRateBpm>
						<Extensions>
							<ns3:TPX>
								<ns3:Speed>9.46</ns3:Speed>
							</ns3:TPX>
						</Extensions>
					</Trackpoint>
					<Trackpoint>
						<Time>2025-01-28T14:53:03.870Z</Time>
						<Position>
							<LatitudeDegrees>47.953168790</LatitudeDegrees>
							<LongitudeDegrees>7.797778988</LongitudeDegrees>
						</Position>
						<AltitudeMeters>492.47</AltitudeMeters>
						<DistanceMeters>4785.33</DistanceMeters>
						<HeartRateBpm>
							<Value>131</Value>
						</HeartRateBpm>
						<Extensions>
							<ns3:TPX>
								<ns3:Speed>9.50</ns3:Speed>
							</ns3:TPX>
						</Extensions>
					</Trackpoint>
					<Trackpoint>
						<Time>2025-01-28T14:53:04.871Z</Time>
						<Position>
							<LatitudeDegrees>47.953127036</LatitudeDegrees>
							<LongitudeDegrees>7.797675565</LongitudeDegrees>
						</Position>
						<AltitudeMeters>492.23</AltitudeMeters>
						<DistanceMeters>4794.34</DistanceMeters>
						<HeartRateBpm>
							<Value>130</Value>
						</HeartRateBpm>
						<Extensions>
							<ns3:TPX>
								<ns3:Speed>9.89</ns3:Speed>
								<ns3:Watts>15</ns3:Watts>
							</ns3:TPX>
						</Extensions>
					</Trackpoint>
					<Trackpoint>
						<Time>2025-01-28T14:53:05.869Z</Time>
						<Position>
							<LatitudeDegrees>47.953085710</LatitudeDegrees>
							<LongitudeDegrees>7.797562418</LongitudeDegrees>
						</Position>
						<AltitudeMeters>490.21</AltitudeMeters>
						<DistanceMeters>4803.96</DistanceMeters>
						<HeartRateBpm>
							<Value>130</Value>
						</HeartRateBpm>
						<Extensions>
							<ns3:TPX>
								<ns3:Speed>10.03</ns3:Speed>
								<ns3:Watts>129</ns3:Watts>
							</ns3:TPX>
						</Extensions>
					</Trackpoint>
					<Trackpoint>
						<Time>2025-01-28T14:53:06.870Z</Time>
						<Position>
							<LatitudeDegrees>47.953019221</LatitudeDegrees>
							<LongitudeDegrees>7.797452040</LongitudeDegrees>
						</Position>
						<AltitudeMeters>488.07</AltitudeMeters>
						<DistanceMeters>4815.03</DistanceMeters>
						<HeartRateBpm>
							<Value>130</Value>
						</HeartRateBpm>
						<Extensions>
							<ns3:TPX>
								<ns3:Speed>10.36</ns3:Speed>
								<ns3:Watts>224</ns3:Watts>
							</ns3:TPX>
						</Extensions>
					</Trackpoint>
					<Trackpoint>
						<Time>2025-01-28T14:53:07.870Z</Time>
						<Position>
							<LatitudeDegrees>47.952970123</LatitudeDegrees>
							<LongitudeDegrees>7.797339672</LongitudeDegrees>
						</Position>
						<AltitudeMeters>485.73</AltitudeMeters>
						<DistanceMeters>4825.04</DistanceMeters>
						<HeartRateBpm>
							<Value>130</Value>
						</HeartRateBpm>
						<Extensions>
							<ns3:TPX>
								<ns3:Speed>10.67</ns3:Speed>
								<ns3:Watts>201</ns3:Watts>
							</ns3:TPX>
						</Extensions>
					</Trackpoint>
					<Trackpoint>
						<Time>2025-01-28T14:53:08.869Z</Time>
						<Position>
							<LatitudeDegrees>47.952905321</LatitudeDegrees>
							<LongitudeDegrees>7.797227661</LongitudeDegrees>
						</Position>
						<AltitudeMeters>484.98</AltitudeMeters>
						<DistanceMeters>4836.08</DistanceMeters>
						<HeartRateBpm>
							<Value>129</Value>
						</HeartRateBpm>
						<Extensions>
							<ns3:TPX>
								<ns3:Speed>11.09</ns3:Speed>
								<ns3:Watts>374</ns3:Watts>
							</ns3:TPX>
						</Extensions>
					</Trackpoint>
					<Trackpoint>
						<Time>2025-01-28T14:53:09.871Z</Time>
						<Position>
							<LatitudeDegrees>47.952838575</LatitudeDegrees>
							<LongitudeDegrees>7.797120998</LongitudeDegrees>
						</Position>
						<AltitudeMeters>483.01</AltitudeMeters>
						<DistanceMeters>4846.97</DistanceMeters>
						<HeartRateBpm>
							<Value>129</Value>
						</HeartRateBpm>
						<Extensions>
							<ns3:TPX>
								<ns3:Speed>10.87</ns3:Speed>
								<ns3:Watts>300</ns3:Watts>
							</ns3:TPX>
						</Extensions>
					</Trackpoint>
					<Trackpoint>
						<Time>2025-01-28T14:53:10.870Z</Time>
						<Position>
							<LatitudeDegrees>47.952770820</LatitudeDegrees>
							<LongitudeDegrees>7.796996659</LongitudeDegrees>
						</Position>
						<AltitudeMeters>481.62</AltitudeMeters>
						<DistanceMeters>4858.93</DistanceMeters>
						<HeartRateBpm>
							<Value>129</Value>
						</HeartRateBpm>
						<Extensions>
							<ns3:TPX>
								<ns3:Speed>11.56</ns3:Speed>
								<ns3:Watts>278</ns3:Watts>
							</ns3:TPX>
						</Extensions>
					</Trackpoint>
					<Trackpoint>
						<Time>2025-01-28T14:53:11.869Z</Time>
						<Position>
							<LatitudeDegrees>47.952719229</LatitudeDegrees>
							<LongitudeDegrees>7.796883199</LongitudeDegrees>
						</Position>
						<AltitudeMeters>481.30</AltitudeMeters>
						<DistanceMeters>4869.16</DistanceMeters>
						<HeartRateBpm>
							<Value>129</Value>
						</HeartRateBpm>
						<Extensions>
							<ns3:TPX>
								<ns3:Speed>11.57</ns3:Speed>
								<ns3:Watts>315</ns3:Watts>
							</ns3:TPX>
						</Extensions>
					</Trackpoint>
					<Trackpoint>
						<Time>2025-01-28T14:53:12.869Z</Time>
						<Position>
							<LatitudeDegrees>47.952659061</LatitudeDegrees>
							<LongitudeDegrees>7.796740692</LongitudeDegrees>
						</Position>
						<AltitudeMeters>481.14</AltitudeMeters>
						<DistanceMeters>4881.74</DistanceMeters>
						<HeartRateBpm>
							<Value>129</Value>
						</HeartRateBpm>
						<Extensions>
							<ns3:TPX>
								<ns3:Speed>11.72</ns3:Speed>
								<ns3:Watts>72</ns3:Watts>
							</ns3:TPX>
						</Extensions>
					</Trackpoint>
					<Trackpoint>
						<Time>2025-01-28T14:53:13.870Z</Time>
						<Position>
							<LatitudeDegrees>47.952604232</LatitudeDegrees>
							<LongitudeDegrees>7.796614167</LongitudeDegrees>
						</Position>
						<AltitudeMeters>479.87</AltitudeMeters>
						<DistanceMeters>4892.98</DistanceMeters>
						<HeartRateBpm>
							<Value>130</Value>
						</HeartRateBpm>
						<Extensions>
							<ns3:TPX>
								<ns3:Speed>11.67</ns3:Speed>
							</ns3:TPX>
						</Extensions>
					</Trackpoint>
					<Trackpoint>
						<Time>2025-01-28T14:53:14.871Z</Time>
						<Position>
							<LatitudeDegrees>47.952551792</LatitudeDegrees>
							<LongitudeDegrees>7.796474286</LongitudeDegrees>
						</Position>
						<AltitudeMeters>478.45</AltitudeMeters>
						<DistanceMeters>4904.95</DistanceMeters>
						<HeartRateBpm>
							<Value>130</Value>
						</HeartRateBpm>
						<Extensions>
							<ns3:TPX>
								<ns3:Speed>11.61</ns3:Speed>
							</ns3:TPX>
						</Extensions>
					</Trackpoint>
					<Trackpoint>
						<Time>2025-01-28T14:53:15.872Z</Time>
						<Position>
							<LatitudeDegrees>47.952506604</LatitudeDegrees>
							<LongitudeDegrees>7.796333277</LongitudeDegrees>
						</Position>
						<AltitudeMeters>477.62</AltitudeMeters>
						<DistanceMeters>4916.61</DistanceMeters>
						<HeartRateBpm>
							<Value>129</Value>
						</HeartRateBpm>
						<Extensions>
							<ns3:TPX>
								<ns3:Speed>11.53</ns3:Speed>
							</ns3:TPX>
						</Extensions>
					</Trackpoint>
					<Trackpoint>
						<Time>2025-01-28T14:53:16.870Z</Time>
						<Position>
							<LatitudeDegrees>47.952458493</LatitudeDegrees>
							<LongitudeDegrees>7.796195602</LongitudeDegrees>
						</Position>
						<AltitudeMeters>476.33</AltitudeMeters>
						<DistanceMeters>4928.21</DistanceMeters>
						<HeartRateBpm>
							<Value>130</Value>
						</HeartRateBpm>
						<Extensions>
							<ns3:TPX>
								<ns3:Speed>11.22</ns3:Speed>
							</ns3:TPX>
						</Extensions>
					</Trackpoint>
					<Trackpoint>
						<Time>2025-01-28T14:53:17.871Z</Time>
						<Position>
							<LatitudeDegrees>47.952401015</LatitudeDegrees>
							<LongitudeDegrees>7.796061055</LongitudeDegrees>
						</Position>
						<AltitudeMeters>476.10</AltitudeMeters>
						<DistanceMeters>4940.11</DistanceMeters>
						<HeartRateBpm>
							<Value>129</Value>
						</HeartRateBpm>
						<Extensions>
							<ns3:TPX>
								<ns3:Speed>11.12</ns3:Speed>
							</ns3:TPX>
						</Extensions>
					</Trackpoint>
					<Trackpoint>
						<Time>2025-01-28T14:53:18.869Z</Time>
						<Position>
							<LatitudeDegrees>47.952374187</LatitudeDegrees>
							<LongitudeDegrees>7.795918891</LongitudeDegrees>
						</Position>
						<AltitudeMeters>474.35</AltitudeMeters>
						<DistanceMeters>4951.14</DistanceMeters>
						<HeartRateBpm>
							<Value>129</Value>
						</HeartRateBpm>
						<Extensions>
							<ns3:TPX>
								<ns3:Speed>11.19</ns3:Speed>
							</ns3:TPX>
						</Extensions>
					</Trackpoint>
					<Trackpoint>
						<Time>2025-01-28T14:53:19.870Z</Time>
						<Position>
							<LatitudeDegrees>47.952328963</LatitudeDegrees>
							<LongitudeDegrees>7.795790246</LongitudeDegrees>
						</Position>
						<AltitudeMeters>472.80</AltitudeMeters>
						<DistanceMeters>4961.99</DistanceMeters>
						<HeartRateBpm>
							<Value>129</Value>
						</HeartRateBpm>
						<Extensions>
							<ns3:TPX>
								<ns3:Speed>11.20</ns3:Speed>
							</ns3:TPX>
						</Extensions>
					</Trackpoint>
					<Trackpoint>
						<Time>2025-01-28T14:53:20.869Z</Time>
						<Position>
							<LatitudeDegrees>47.952279973</LatitudeDegrees>
							<LongitudeDegrees>7.795655630</LongitudeDegrees>
						</Position>
						<AltitudeMeters>470.28</AltitudeMeters>
						<DistanceMeters>4973.42</DistanceMeters>
						<HeartRateBpm>
							<Value>129</Value>
						</HeartRateBpm>
						<Extensions>
							<ns3:TPX>
								<ns3:Speed>10.96</ns3:Speed>
							</ns3:TPX>
						</Extensions>
					</Trackpoint>
					<Trackpoint>
						<Time>2025-01-28T14:53:21.870Z</Time>
						<Position>
							<LatitudeDegrees>47.952228948</LatitudeDegrees>
							<LongitudeDegrees>7.795526821</LongitudeDegrees>
						</Position>
						<AltitudeMeters>468.21</AltitudeMeters>
						<DistanceMeters>4984.59</DistanceMeters>
						<HeartRateBpm>
							<Value>129</Value>
						</HeartRateBpm>
						<Extensions>
							<ns3:TPX>
								<ns3:Speed>11.11</ns3:Speed>
							</ns3:TPX>
						</Extensions>
					</Trackpoint>
					<Trackpoint>
						<Time>2025-01-28T14:53:22.870Z</Time>
						<Position>
							<LatitudeDegrees>47.952176829</LatitudeDegrees>
							<LongitudeDegrees>7.795405315</LongitudeDegrees>
						</Position>
						<AltitudeMeters>468.14</AltitudeMeters>
						<DistanceMeters>4995.36</DistanceMeters>
						<HeartRateBpm>
							<Value>128</Value>
						</HeartRateBpm>
						<Extensions>
							<ns3:TPX>
								<ns3:Speed>11.66</ns3:Speed>
							</ns3:TPX>
						</Extensions>
					</Trackpoint>
					<Trackpoint>
						<Time>2025-01-28T14:53:23.870Z</Time>
						<Position>
							<LatitudeDegrees>47.952137908</LatitudeDegrees>
							<LongitudeDegrees>7.795261226</LongitudeDegrees>
						</Position>
						<AltitudeMeters>467.51</AltitudeMeters>
						<DistanceMeters>5006.96</DistanceMeters>
						<HeartRateBpm>
							<Value>128</Value>
						</HeartRateBpm>
						<Extensions>
							<ns3:TPX>
								<ns3:Speed>11.25</ns3:Speed>
							</ns3:TPX>
						</Extensions>
					</Trackpoint>
					<Trackpoint>
						<Time>2025-01-28T14:53:24.866Z</Time>
						<Position>
							<LatitudeDegrees>47.952078336</LatitudeDegrees>
							<LongitudeDegrees>7.795108341</LongitudeDegrees>
						</Position>
						<AltitudeMeters>467.16</AltitudeMeters>
						<DistanceMeters>5020.16</DistanceMeters>
						<HeartRateBpm>
							<Value>128</Value>
						</HeartRateBpm>
						<Extensions>
							<ns3:TPX>
								<ns3:Speed>11.20</ns3:Speed>
							</ns3:TPX>
						</Extensions>
					</Trackpoint>
					<Trackpoint>
						<Time>2025-01-28T14:53:25.869Z</Time>
						<Position>
							<LatitudeDegrees>47.952063607</LatitudeDegrees>
							<LongitudeDegrees>7.794962093</LongitudeDegrees>
						</Position>
						<AltitudeMeters>465.25</AltitudeMeters>
						<DistanceMeters>5031.20</DistanceMeters>
						<HeartRateBpm>
							<Value>128</Value>
						</HeartRateBpm>
						<Extensions>
							<ns3:TPX>
								<ns3:Speed>11.50</ns3:Speed>
							</ns3:TPX>
						</Extensions>
					</Trackpoint>
					<Trackpoint>
						<Time>2025-01-28T14:53:26.871Z</Time>
						<Position>
							<LatitudeDegrees>47.952033582</LatitudeDegrees>
							<LongitudeDegrees>7.794817794</LongitudeDegrees>
						</Position>
						<AltitudeMeters>468.73</AltitudeMeters>
						<DistanceMeters>5042.49</DistanceMeters>
						<HeartRateBpm>
							<Value>128</Value>
						</HeartRateBpm>
						<Extensions>
							<ns3:TPX>
								<ns3:Speed>11.46</ns3:Speed>
							</ns3:TPX>
						</Extensions>
					</Trackpoint>
					<Trackpoint>
						<Time>2025-01-28T14:53:27.870Z</Time>
						<Position>
							<LatitudeDegrees>47.952008842</LatitudeDegrees>
							<LongitudeDegrees>7.794657174</LongitudeDegrees>
						</Position>
						<AltitudeMeters>468.22</AltitudeMeters>
						<DistanceMeters>5054.79</DistanceMeters>
						<HeartRateBpm>
							<Value>128</Value>
						</HeartRateBpm>
						<Extensions>
							<ns3:TPX>
								<ns3:Speed>11.63</ns3:Speed>
							</ns3:TPX>
						</Extensions>
					</Trackpoint>
					<Trackpoint>
						<Time>2025-01-28T14:53:28.870Z</Time>
						<Position>
							<LatitudeDegrees>47.952021986</LatitudeDegrees>
							<LongitudeDegrees>7.794495730</LongitudeDegrees>
						</Position>
						<AltitudeMeters>465.33</AltitudeMeters>
						<DistanceMeters>5066.94</DistanceMeters>
						<HeartRateBpm>
							<Value>127</Value>
						</HeartRateBpm>
						<Extensions>
							<ns3:TPX>
								<ns3:Speed>11.57</ns3:Speed>
							</ns3:TPX>
						</Extensions>
					</Trackpoint>
					<Trackpoint>
						<Time>2025-01-28T14:53:29.870Z</Time>
						<Position>
							<LatitudeDegrees>47.951992295</LatitudeDegrees>
							<LongitudeDegrees>7.794338191</LongitudeDegrees>
						</Position>
						<AltitudeMeters>464.31</AltitudeMeters>
						<DistanceMeters>5079.16</DistanceMeters>
						<HeartRateBpm>
							<Value>127</Value>
						</HeartRateBpm>
						<Extensions>
							<ns3:TPX>
								<ns3:Speed>11.40</ns3:Speed>
							</ns3:TPX>
						</Extensions>
					</Trackpoint>
					<Trackpoint>
						<Time>2025-01-28T14:53:30.870Z</Time>
						<Position>
							<LatitudeDegrees>47.951987984</LatitudeDegrees>
							<LongitudeDegrees>7.794181297</LongitudeDegrees>
						</Position>
						<AltitudeMeters>462.21</AltitudeMeters>
						<DistanceMeters>5090.89</DistanceMeters>
						<HeartRateBpm>
							<Value>127</Value>
						</HeartRateBpm>
						<Extensions>
							<ns3:TPX>
								<ns3:Speed>11.34</ns3:Speed>
							</ns3:TPX>
						</Extensions>
					</Trackpoint>
					<Trackpoint>
						<Time>2025-01-28T14:53:31.870Z</Time>
						<Position>
							<LatitudeDegrees>47.951966805</LatitudeDegrees>
							<LongitudeDegrees>7.794036283</LongitudeDegrees>
						</Position>
						<AltitudeMeters>462.85</AltitudeMeters>
						<DistanceMeters>5101.97</DistanceMeters>
						<HeartRateBpm>
							<Value>126</Value>
						</HeartRateBpm>
						<Extensions>
							<ns3:TPX>
								<ns3:Speed>11.46</ns3:Speed>
							</ns3:TPX>
						</Extensions>
					</Trackpoint>
					<Trackpoint>
						<Time>2025-01-28T14:53:32.870Z</Time>
						<Position>
							<LatitudeDegrees>47.951950316</LatitudeDegrees>
							<LongitudeDegrees>7.793886283</LongitudeDegrees>
						</Position>
						<AltitudeMeters>460.96</AltitudeMeters>
						<DistanceMeters>5113.33</DistanceMeters>
						<HeartRateBpm>
							<Value>126</Value>
						</HeartRateBpm>
						<Extensions>
							<ns3:TPX>
								<ns3:Speed>11.80</ns3:Speed>
							</ns3:TPX>
						</Extensions>
					</Trackpoint>
					<Trackpoint>
						<Time>2025-01-28T14:53:33.870Z</Time>
						<Position>
							<LatitudeDegrees>47.951938370</LatitudeDegrees>
							<LongitudeDegrees>7.793735610</LongitudeDegrees>
						</Position>
						<AltitudeMeters>459.94</AltitudeMeters>
						<DistanceMeters>5124.66</DistanceMeters>
						<HeartRateBpm>
							<Value>126</Value>
						</HeartRateBpm>
						<Extensions>
							<ns3:TPX>
								<ns3:Speed>11.64</ns3:Speed>
							</ns3:TPX>
						</Extensions>
					</Trackpoint>
					<Trackpoint>
						<Time>2025-01-28T14:53:34.870Z</Time>
						<Position>
							<LatitudeDegrees>47.951929665</LatitudeDegrees>
							<LongitudeDegrees>7.793570009</LongitudeDegrees>
						</Position>
						<AltitudeMeters>458.32</AltitudeMeters>
						<DistanceMeters>5137.06</DistanceMeters>
						<HeartRateBpm>
							<Value>126</Value>
						</HeartRateBpm>
						<Extensions>
							<ns3:TPX>
								<ns3:Speed>11.52</ns3:Speed>
							</ns3:TPX>
						</Extensions>
					</Trackpoint>
					<Trackpoint>
						<Time>2025-01-28T14:53:35.869Z</Time>
						<Position>
							<LatitudeDegrees>47.951904547</LatitudeDegrees>
							<LongitudeDegrees>7.793423191</LongitudeDegrees>
						</Position>
						<AltitudeMeters>459.10</AltitudeMeters>
						<DistanceMeters>5148.38</DistanceMeters>
						<HeartRateBpm>
							<Value>126</Value>
						</HeartRateBpm>
						<Extensions>
							<ns3:TPX>
								<ns3:Speed>11.34</ns3:Speed>
							</ns3:TPX>
						</Extensions>
					</Trackpoint>
					<Trackpoint>
						<Time>2025-01-28T14:53:36.869Z</Time>
						<Position>
							<LatitudeDegrees>47.951896495</LatitudeDegrees>
							<LongitudeDegrees>7.793268553</LongitudeDegrees>
						</Position>
						<AltitudeMeters>459.47</AltitudeMeters>
						<DistanceMeters>5159.96</DistanceMeters>
						<HeartRateBpm>
							<Value>125</Value>
						</HeartRateBpm>
						<Extensions>
							<ns3:TPX>
								<ns3:Speed>11.50</ns3:Speed>
							</ns3:TPX>
						</Extensions>
					</Trackpoint>
					<Trackpoint>
						<Time>2025-01-28T14:53:37.867Z</Time>
						<Position>
							<LatitudeDegrees>47.951891582</LatitudeDegrees>
							<LongitudeDegrees>7.793121157</LongitudeDegrees>
						</Position>
						<AltitudeMeters>458.04</AltitudeMeters>
						<DistanceMeters>5170.99</DistanceMeters>
						<HeartRateBpm>
							<Value>125</Value>
						</HeartRateBpm>
						<Extensions>
							<ns3:TPX>
								<ns3:Speed>11.39</ns3:Speed>
							</ns3:TPX>
						</Extensions>
					</Trackpoint>
					<Trackpoint>
						<Time>2025-01-28T14:53:38.870Z</Time>
						<Position>
							<LatitudeDegrees>47.951877907</LatitudeDegrees>
							<LongitudeDegrees>7.792964664</LongitudeDegrees>
						</Position>
						<AltitudeMeters>456.82</AltitudeMeters>
						<DistanceMeters>5182.77</DistanceMeters>
						<HeartRateBpm>
							<Value>125</Value>
						</HeartRateBpm>
						<Extensions>
							<ns3:TPX>
								<ns3:Speed>11.38</ns3:Speed>
							</ns3:TPX>
						</Extensions>
					</Trackpoint>
					<Trackpoint>
						<Time>2025-01-28T14:53:39.869Z</Time>
						<Position>
							<LatitudeDegrees>47.951885664</LatitudeDegrees>
							<LongitudeDegrees>7.792815223</LongitudeDegrees>
						</Position>
						<AltitudeMeters>455.55</AltitudeMeters>
						<DistanceMeters>5193.97</DistanceMeters>
						<HeartRateBpm>
							<Value>125</Value>
						</HeartRateBpm>
						<Extensions>
							<ns3:TPX>
								<ns3:Speed>11.28</ns3:Speed>
							</ns3:TPX>
						</Extensions>
					</Trackpoint>
					<Trackpoint>
						<Time>2025-01-28T14:53:40.871Z</Time>
						<Position>
							<LatitudeDegrees>47.951877875</LatitudeDegrees>
							<LongitudeDegrees>7.792665455</LongitudeDegrees>
						</Position>
						<AltitudeMeters>454.65</AltitudeMeters>
						<DistanceMeters>5205.19</DistanceMeters>
						<HeartRateBpm>
							<Value>125</Value>
						</HeartRateBpm>
						<Extensions>
							<ns3:TPX>
								<ns3:Speed>11.15</ns3:Speed>
							</ns3:TPX>
						</Extensions>
					</Trackpoint>
					<Trackpoint>
						<Time>2025-01-28T14:53:41.871Z</Time>
						<Position>
							<LatitudeDegrees>47.951875180</LatitudeDegrees>
							<LongitudeDegrees>7.792515934</LongitudeDegrees>
						</Position>
						<AltitudeMeters>453.60</AltitudeMeters>
						<DistanceMeters>5216.36</DistanceMeters>
						<HeartRateBpm>
							<Value>125</Value>
						</HeartRateBpm>
						<Extensions>
							<ns3:TPX>
								<ns3:Speed>10.93</ns3:Speed>
							</ns3:TPX>
						</Extensions>
					</Trackpoint>
					<Trackpoint>
						<Time>2025-01-28T14:53:42.871Z</Time>
						<Position>
							<LatitudeDegrees>47.951872358</LatitudeDegrees>
							<LongitudeDegrees>7.792368515</LongitudeDegrees>
						</Position>
						<AltitudeMeters>451.57</AltitudeMeters>
						<DistanceMeters>5227.37</DistanceMeters>
						<HeartRateBpm>
							<Value>125</Value>
						</HeartRateBpm>
						<Extensions>
							<ns3:TPX>
								<ns3:Speed>10.58</ns3:Speed>
							</ns3:TPX>
						</Extensions>
					</Trackpoint>
					<Trackpoint>
						<Time>2025-01-28T14:53:43.870Z</Time>
						<Position>
							<LatitudeDegrees>47.951870595</LatitudeDegrees>
							<LongitudeDegrees>7.792220301</LongitudeDegrees>
						</Position>
						<AltitudeMeters>450.75</AltitudeMeters>
						<DistanceMeters>5238.44</DistanceMeters>
						<HeartRateBpm>
							<Value>124</Value>
						</HeartRateBpm>
						<Extensions>
							<ns3:TPX>
								<ns3:Speed>9.66</ns3:Speed>
							</ns3:TPX>
						</Extensions>
					</Trackpoint>
					<Trackpoint>
						<Time>2025-01-28T14:53:44.868Z</Time>
						<Position>
							<LatitudeDegrees>47.951872056</LatitudeDegrees>
							<LongitudeDegrees>7.792083682</LongitudeDegrees>
						</Position>
						<AltitudeMeters>450.88</AltitudeMeters>
						<DistanceMeters>5248.65</DistanceMeters>
						<HeartRateBpm>
							<Value>124</Value>
						</HeartRateBpm>
						<Extensions>
							<ns3:TPX>
								<ns3:Speed>8.79</ns3:Speed>
							</ns3:TPX>
						</Extensions>
					</Trackpoint>
					<Trackpoint>
						<Time>2025-01-28T14:53:45.870Z</Time>
						<Position>
							<LatitudeDegrees>47.951860385</LatitudeDegrees>
							<LongitudeDegrees>7.791972272</LongitudeDegrees>
						</Position>
						<AltitudeMeters>450.09</AltitudeMeters>
						<DistanceMeters>5257.07</DistanceMeters>
						<HeartRateBpm>
							<Value>123</Value>
						</HeartRateBpm>
						<Extensions>
							<ns3:TPX>
								<ns3:Speed>8.53</ns3:Speed>
							</ns3:TPX>
						</Extensions>
					</Trackpoint>
					<Trackpoint>
						<Time>2025-01-28T14:53:46.870Z</Time>
						<Position>
							<LatitudeDegrees>47.951858896</LatitudeDegrees>
							<LongitudeDegrees>7.791865325</LongitudeDegrees>
						</Position>
						<AltitudeMeters>447.88</AltitudeMeters>
						<DistanceMeters>5265.06</DistanceMeters>
						<HeartRateBpm>
							<Value>123</Value>
						</HeartRateBpm>
						<Extensions>
							<ns3:TPX>
								<ns3:Speed>8.48</ns3:Speed>
							</ns3:TPX>
						</Extensions>
					</Trackpoint>
					<Trackpoint>
						<Time>2025-01-28T14:53:47.870Z</Time>
						<Position>
							<LatitudeDegrees>47.951849324</LatitudeDegrees>
							<LongitudeDegrees>7.791755524</LongitudeDegrees>
						</Position>
						<AltitudeMeters>446.01</AltitudeMeters>
						<DistanceMeters>5273.33</DistanceMeters>
						<HeartRateBpm>
							<Value>123</Value>
						</HeartRateBpm>
						<Extensions>
							<ns3:TPX>
								<ns3:Speed>8.17</ns3:Speed>
							</ns3:TPX>
						</Extensions>
					</Trackpoint>
					<Trackpoint>
						<Time>2025-01-28T14:53:48.870Z</Time>
						<Position>
							<LatitudeDegrees>47.951824219</LatitudeDegrees>
							<LongitudeDegrees>7.791636341</LongitudeDegrees>
						</Position>
						<AltitudeMeters>445.89</AltitudeMeters>
						<DistanceMeters>5282.66</DistanceMeters>
						<HeartRateBpm>
							<Value>123</Value>
						</HeartRateBpm>
						<Extensions>
							<ns3:TPX>
								<ns3:Speed>7.97</ns3:Speed>
							</ns3:TPX>
						</Extensions>
					</Trackpoint>
					<Trackpoint>
						<Time>2025-01-28T14:53:49.870Z</Time>
						<Position>
							<LatitudeDegrees>47.951822315</LatitudeDegrees>
							<LongitudeDegrees>7.791524879</LongitudeDegrees>
						</Position>
						<AltitudeMeters>444.53</AltitudeMeters>
						<DistanceMeters>5290.99</DistanceMeters>
						<HeartRateBpm>
							<Value>124</Value>
						</HeartRateBpm>
						<Extensions>
							<ns3:TPX>
								<ns3:Speed>6.79</ns3:Speed>
							</ns3:TPX>
						</Extensions>
					</Trackpoint>
					<Trackpoint>
						<Time>2025-01-28T14:53:50.870Z</Time>
						<Position>
							<LatitudeDegrees>47.951792004</LatitudeDegrees>
							<LongitudeDegrees>7.791416116</LongitudeDegrees>
						</Position>
						<AltitudeMeters>443.19</AltitudeMeters>
						<DistanceMeters>5299.78</DistanceMeters>
						<HeartRateBpm>
							<Value>124</Value>
						</HeartRateBpm>
						<Extensions>
							<ns3:TPX>
								<ns3:Speed>6.05</ns3:Speed>
							</ns3:TPX>
						</Extensions>
					</Trackpoint>
					<Trackpoint>
						<Time>2025-01-28T14:53:51.868Z</Time>
						<Position>
							<LatitudeDegrees>47.951748805</LatitudeDegrees>
							<LongitudeDegrees>7.791363819</LongitudeDegrees>
						</Position>
						<AltitudeMeters>443.13</AltitudeMeters>
						<DistanceMeters>5305.97</DistanceMeters>
						<HeartRateBpm>
							<Value>124</Value>
						</HeartRateBpm>
						<Extensions>
							<ns3:TPX>
								<ns3:Speed>5.77</ns3:Speed>
							</ns3:TPX>
						</Extensions>
					</Trackpoint>
					<Trackpoint>
						<Time>2025-01-28T14:53:52.869Z</Time>
						<Position>
							<LatitudeDegrees>47.951705318</LatitudeDegrees>
							<LongitudeDegrees>7.791322265</LongitudeDegrees>
						</Position>
						<AltitudeMeters>443.03</AltitudeMeters>
						<DistanceMeters>5311.72</DistanceMeters>
						<HeartRateBpm>
							<Value>124</Value>
						</HeartRateBpm>
						<Extensions>
							<ns3:TPX>
								<ns3:Speed>5.82</ns3:Speed>
							</ns3:TPX>
						</Extensions>
					</Trackpoint>
					<Trackpoint>
						<Time>2025-01-28T14:53:53.870Z</Time>
						<Position>
							<LatitudeDegrees>47.951662286</LatitudeDegrees>
							<LongitudeDegrees>7.791272078</LongitudeDegrees>
						</Position>
						<AltitudeMeters>443.23</AltitudeMeters>
						<DistanceMeters>5317.80</DistanceMeters>
						<HeartRateBpm>
							<Value>124</Value>
						</HeartRateBpm>
						<Extensions>
							<ns3:TPX>
								<ns3:Speed>6.75</ns3:Speed>
							</ns3:TPX>
						</Extensions>
					</Trackpoint>
					<Trackpoint>
						<Time>2025-01-28T14:53:54.865Z</Time>
						<Position>
							<LatitudeDegrees>47.951631982</LatitudeDegrees>
							<LongitudeDegrees>7.791204208</LongitudeDegrees>
						</Position>
						<AltitudeMeters>445.09</AltitudeMeters>
						<DistanceMeters>5323.88</DistanceMeters>
						<HeartRateBpm>
							<Value>124</Value>
						</HeartRateBpm>
						<Extensions>
							<ns3:TPX>
								<ns3:Speed>7.34</ns3:Speed>
							</ns3:TPX>
						</Extensions>
					</Trackpoint>
					<Trackpoint>
						<Time>2025-01-28T14:53:55.870Z</Time>
						<Position>
							<LatitudeDegrees>47.951614694</LatitudeDegrees>
							<LongitudeDegrees>7.791095096</LongitudeDegrees>
						</Position>
						<AltitudeMeters>445.15</AltitudeMeters>
						<DistanceMeters>5332.26</DistanceMeters>
						<HeartRateBpm>
							<Value>124</Value>
						</HeartRateBpm>
						<Extensions>
							<ns3:TPX>
								<ns3:Speed>7.64</ns3:Speed>
							</ns3:TPX>
						</Extensions>
					</Trackpoint>
					<Trackpoint>
						<Time>2025-01-28T14:53:56.871Z</Time>
						<Position>
							<LatitudeDegrees>47.951594027</LatitudeDegrees>
							<LongitudeDegrees>7.790992442</LongitudeDegrees>
						</Position>
						<AltitudeMeters>444.85</AltitudeMeters>
						<DistanceMeters>5340.26</DistanceMeters>
						<HeartRateBpm>
							<Value>124</Value>
						</HeartRateBpm>
						<Extensions>
							<ns3:TPX>
								<ns3:Speed>7.38</ns3:Speed>
							</ns3:TPX>
						</Extensions>
					</Trackpoint>
					<Trackpoint>
						<Time>2025-01-28T14:53:57.870Z</Time>
						<Position>
							<LatitudeDegrees>47.951566659</LatitudeDegrees>
							<LongitudeDegrees>7.790893069</LongitudeDegrees>
						</Position>
						<AltitudeMeters>445.11</AltitudeMeters>
						<DistanceMeters>5348.28</DistanceMeters>
						<HeartRateBpm>
							<Value>124</Value>
						</HeartRateBpm>
						<Extensions>
							<ns3:TPX>
								<ns3:Speed>7.08</ns3:Speed>
							</ns3:TPX>
						</Extensions>
					</Trackpoint>
					<Trackpoint>
						<Time>2025-01-28T14:53:58.868Z</Time>
						<Position>
							<LatitudeDegrees>47.951538862</LatitudeDegrees>
							<LongitudeDegrees>7.790807557</LongitudeDegrees>
						</Position>
						<AltitudeMeters>444.71</AltitudeMeters>
						<DistanceMeters>5355.38</DistanceMeters>
						<HeartRateBpm>
							<Value>124</Value>
						</HeartRateBpm>
						<Extensions>
							<ns3:TPX>
								<ns3:Speed>6.95</ns3:Speed>
							</ns3:TPX>
						</Extensions>
					</Trackpoint>
					<Trackpoint>
						<Time>2025-01-28T14:53:59.869Z</Time>
						<Position>
							<LatitudeDegrees>47.951513660</LatitudeDegrees>
							<LongitudeDegrees>7.790728166</LongitudeDegrees>
						</Position>
						<AltitudeMeters>442.99</AltitudeMeters>
						<DistanceMeters>5361.93</DistanceMeters>
						<HeartRateBpm>
							<Value>124</Value>
						</HeartRateBpm>
						<Extensions>
							<ns3:TPX>
								<ns3:Speed>6.30</ns3:Speed>
							</ns3:TPX>
						</Extensions>
					</Trackpoint>
					<Trackpoint>
						<Time>2025-01-28T14:54:00.869Z</Time>
						<Position>
							<LatitudeDegrees>47.951487425</LatitudeDegrees>
							<LongitudeDegrees>7.790640489</LongitudeDegrees>
						</Position>
						<AltitudeMeters>443.02</AltitudeMeters>
						<DistanceMeters>5369.10</DistanceMeters>
						<HeartRateBpm>
							<Value>125</Value>
						</HeartRateBpm>
						<Extensions>
							<ns3:TPX>
								<ns3:Speed>5.39</ns3:Speed>
							</ns3:TPX>
						</Extensions>
					</Trackpoint>
					<Trackpoint>
						<Time>2025-01-28T14:54:01.870Z</Time>
						<Position>
							<LatitudeDegrees>47.951467618</LatitudeDegrees>
							<LongitudeDegrees>7.790562912</LongitudeDegrees>
						</Position>
						<AltitudeMeters>443.63</AltitudeMeters>
						<DistanceMeters>5375.30</DistanceMeters>
						<HeartRateBpm>
							<Value>125</Value>
						</HeartRateBpm>
						<Extensions>
							<ns3:TPX>
								<ns3:Speed>4.08</ns3:Speed>
							</ns3:TPX>
						</Extensions>
					</Trackpoint>
					<Trackpoint>
						<Time>2025-01-28T14:54:02.869Z</Time>
						<Position>
							<LatitudeDegrees>47.951449865</LatitudeDegrees>
							<LongitudeDegrees>7.790488781</LongitudeDegrees>
						</Position>
						<AltitudeMeters>443.15</AltitudeMeters>
						<DistanceMeters>5381.18</DistanceMeters>
						<HeartRateBpm>
							<Value>125</Value>
						</HeartRateBpm>
						<Extensions>
							<ns3:TPX>
								<ns3:Speed>2.93</ns3:Speed>
							</ns3:TPX>
						</Extensions>
					</Trackpoint>
					<Trackpoint>
						<Time>2025-01-28T14:54:04.869Z</Time>
						<Position>
							<LatitudeDegrees>47.951445660</LatitudeDegrees>
							<LongitudeDegrees>7.790403566</LongitudeDegrees>
						</Position>
						<AltitudeMeters>441.41</AltitudeMeters>
						<DistanceMeters>5387.56</DistanceMeters>
						<HeartRateBpm>
							<Value>125</Value>
						</HeartRateBpm>
						<Extensions>
							<ns3:TPX>
								<ns3:Speed>2.60</ns3:Speed>
							</ns3:TPX>
						</Extensions>
					</Trackpoint>
					<Trackpoint>
						<Time>2025-01-28T14:54:08.869Z</Time>
						<Position>
							<LatitudeDegrees>47.951384700</LatitudeDegrees>
							<LongitudeDegrees>7.790423837</LongitudeDegrees>
						</Position>
						<AltitudeMeters>442.89</AltitudeMeters>
						<DistanceMeters>5394.51</DistanceMeters>
						<HeartRateBpm>
							<Value>125</Value>
						</HeartRateBpm>
						<Extensions>
							<ns3:TPX>
								<ns3:Speed>1.88</ns3:Speed>
								<ns3:Watts>9</ns3:Watts>
							</ns3:TPX>
						</Extensions>
					</Trackpoint>
					<Trackpoint>
						<Time>2025-01-28T14:54:11.866Z</Time>
						<Position>
							<LatitudeDegrees>47.951355954</LatitudeDegrees>
							<LongitudeDegrees>7.790476737</LongitudeDegrees>
						</Position>
						<AltitudeMeters>443.43</AltitudeMeters>
						<DistanceMeters>5399.59</DistanceMeters>
						<HeartRateBpm>
							<Value>125</Value>
						</HeartRateBpm>
						<Extensions>
							<ns3:TPX>
								<ns3:Speed>2.11</ns3:Speed>
								<ns3:Watts>129</ns3:Watts>
							</ns3:TPX>
						</Extensions>
					</Trackpoint>
					<Trackpoint>
						<Time>2025-01-28T14:54:14.867Z</Time>
						<Position>
							<LatitudeDegrees>47.951349260</LatitudeDegrees>
							<LongitudeDegrees>7.790570932</LongitudeDegrees>
						</Position>
						<AltitudeMeters>444.56</AltitudeMeters>
						<DistanceMeters>5406.66</DistanceMeters>
						<HeartRateBpm>
							<Value>126</Value>
						</HeartRateBpm>
						<Extensions>
							<ns3:TPX>
								<ns3:Speed>2.67</ns3:Speed>
								<ns3:Watts>83</ns3:Watts>
							</ns3:TPX>
						</Extensions>
					</Trackpoint>
					<Trackpoint>
						<Time>2025-01-28T14:54:16.868Z</Time>
						<Position>
							<LatitudeDegrees>47.951333246</LatitudeDegrees>
							<LongitudeDegrees>7.790645095</LongitudeDegrees>
						</Position>
						<AltitudeMeters>445.84</AltitudeMeters>
						<DistanceMeters>5412.48</DistanceMeters>
						<HeartRateBpm>
							<Value>126</Value>
						</HeartRateBpm>
						<Extensions>
							<ns3:TPX>
								<ns3:Speed>2.31</ns3:Speed>
								<ns3:Watts>37</ns3:Watts>
							</ns3:TPX>
						</Extensions>
					</Trackpoint>
					<Trackpoint>
						<Time>2025-01-28T14:54:19.866Z</Time>
						<Position>
							<LatitudeDegrees>47.951283923</LatitudeDegrees>
							<LongitudeDegrees>7.790700244</LongitudeDegrees>
						</Position>
						<AltitudeMeters>444.36</AltitudeMeters>
						<DistanceMeters>5419.34</DistanceMeters>
						<HeartRateBpm>
							<Value>126</Value>
						</HeartRateBpm>
						<Extensions>
							<ns3:TPX>
								<ns3:Speed>2.47</ns3:Speed>
								<ns3:Watts>107</ns3:Watts>
							</ns3:TPX>
						</Extensions>
					</Trackpoint>
					<Trackpoint>
						<Time>2025-01-28T14:54:21.867Z</Time>
						<Position>
							<LatitudeDegrees>47.951245164</LatitudeDegrees>
							<LongitudeDegrees>7.790755759</LongitudeDegrees>
						</Position>
						<AltitudeMeters>444.68</AltitudeMeters>
						<DistanceMeters>5425.32</DistanceMeters>
						<HeartRateBpm>
							<Value>126</Value>
						</HeartRateBpm>
						<Extensions>
							<ns3:TPX>
								<ns3:Speed>2.95</ns3:Speed>
								<ns3:Watts>113</ns3:Watts>
							</ns3:TPX>
						</Extensions>
					</Trackpoint>
					<Trackpoint>
						<Time>2025-01-28T14:54:23.865Z</Time>
						<Position>
							<LatitudeDegrees>47.951207032</LatitudeDegrees>
							<LongitudeDegrees>7.790813337</LongitudeDegrees>
						</Position>
						<AltitudeMeters>444.88</AltitudeMeters>
						<DistanceMeters>5431.36</DistanceMeters>
						<HeartRateBpm>
							<Value>126</Value>
						</HeartRateBpm>
						<Extensions>
							<ns3:TPX>
								<ns3:Speed>2.67</ns3:Speed>
								<ns3:Watts>113</ns3:Watts>
							</ns3:TPX>
						</Extensions>
					</Trackpoint>
					<Trackpoint>
						<Time>2025-01-28T14:54:25.865Z</Time>
						<Position>
							<LatitudeDegrees>47.951174311</LatitudeDegrees>
							<LongitudeDegrees>7.790865307</LongitudeDegrees>
						</Position>
						<AltitudeMeters>446.71</AltitudeMeters>
						<DistanceMeters>5436.68</DistanceMeters>
						<HeartRateBpm>
							<Value>126</Value>
						</HeartRateBpm>
						<Extensions>
							<ns3:TPX>
								<ns3:Speed>2.15</ns3:Speed>
								<ns3:Watts>137</ns3:Watts>
							</ns3:TPX>
						</Extensions>
					</Trackpoint>
					<Trackpoint>
						<Time>2025-01-28T14:54:28.860Z</Time>
						<Position>
							<LatitudeDegrees>47.951145518</LatitudeDegrees>
							<LongitudeDegrees>7.790917875</LongitudeDegrees>
						</Position>
						<AltitudeMeters>445.34</AltitudeMeters>
						<DistanceMeters>5441.75</DistanceMeters>
						<HeartRateBpm>
							<Value>128</Value>
						</HeartRateBpm>
						<Extensions>
							<ns3:TPX>
								<ns3:Speed>1.54</ns3:Speed>
								<ns3:Watts>117</ns3:Watts>
							</ns3:TPX>
						</Extensions>
					</Trackpoint>
					<Trackpoint>
						<Time>2025-01-28T14:54:31.865Z</Time>
						<Position>
							<LatitudeDegrees>47.951120477</LatitudeDegrees>
							<LongitudeDegrees>7.790980702</LongitudeDegrees>
						</Position>
						<AltitudeMeters>446.37</AltitudeMeters>
						<DistanceMeters>5447.20</DistanceMeters>
						<HeartRateBpm>
							<Value>129</Value>
						</HeartRateBpm>
						<Extensions>
							<ns3:TPX>
								<ns3:Speed>1.47</ns3:Speed>
								<ns3:Watts>123</ns3:Watts>
							</ns3:TPX>
						</Extensions>
					</Trackpoint>
					<Trackpoint>
						<Time>2025-01-28T14:54:34.860Z</Time>
						<Position>
							<LatitudeDegrees>47.951091311</LatitudeDegrees>
							<LongitudeDegrees>7.791040198</LongitudeDegrees>
						</Position>
						<AltitudeMeters>446.97</AltitudeMeters>
						<DistanceMeters>5452.70</DistanceMeters>
						<HeartRateBpm>
							<Value>132</Value>
						</HeartRateBpm>
						<Extensions>
							<ns3:TPX>
								<ns3:Speed>1.14</ns3:Speed>
								<ns3:Watts>31</ns3:Watts>
							</ns3:TPX>
						</Extensions>
					</Trackpoint>
					<Trackpoint>
						<Time>2025-01-28T14:54:39.869Z</Time>
						<Position>
							<LatitudeDegrees>47.951078557</LatitudeDegrees>
							<LongitudeDegrees>7.791108365</LongitudeDegrees>
						</Position>
						<AltitudeMeters>446.74</AltitudeMeters>
						<DistanceMeters>5457.99</DistanceMeters>
						<HeartRateBpm>
							<Value>135</Value>
						</HeartRateBpm>
						<Extensions>
							<ns3:TPX>
								<ns3:Speed>0.54</ns3:Speed>
								<ns3:Watts>1</ns3:Watts>
							</ns3:TPX>
						</Extensions>
					</Trackpoint>
					<Trackpoint>
						<Time>2025-01-28T14:54:44.867Z</Time>
						<Position>
							<LatitudeDegrees>47.951078557</LatitudeDegrees>
							<LongitudeDegrees>7.791108365</LongitudeDegrees>
						</Position>
						<AltitudeMeters>446.74</AltitudeMeters>
						<DistanceMeters>5457.99</DistanceMeters>
						<HeartRateBpm>
							<Value>138</Value>
						</HeartRateBpm>
						<Extensions>
							<ns3:TPX>
								<ns3:Speed>1.36</ns3:Speed>
							</ns3:TPX>
						</Extensions>
					</Trackpoint>
					<Trackpoint>
						<Time>2025-01-28T14:54:54.867Z</Time>
						<Position>
							<LatitudeDegrees>47.951078557</LatitudeDegrees>
							<LongitudeDegrees>7.791108365</LongitudeDegrees>
						</Position>
						<AltitudeMeters>446.74</AltitudeMeters>
						<DistanceMeters>5457.99</DistanceMeters>
						<HeartRateBpm>
							<Value>143</Value>
						</HeartRateBpm>
						<Extensions>
							<ns3:TPX>
								<ns3:Speed>0.00</ns3:Speed>
							</ns3:TPX>
						</Extensions>
					</Trackpoint>
					<Trackpoint>
						<Time>2025-01-28T14:55:04.868Z</Time>
						<Position>
							<LatitudeDegrees>47.951078557</LatitudeDegrees>
							<LongitudeDegrees>7.791108365</LongitudeDegrees>
						</Position>
						<AltitudeMeters>446.74</AltitudeMeters>
						<DistanceMeters>5457.99</DistanceMeters>
						<HeartRateBpm>
							<Value>146</Value>
						</HeartRateBpm>
						<Extensions>
							<ns3:TPX>
								<ns3:Speed>0.00</ns3:Speed>
							</ns3:TPX>
						</Extensions>
					</Trackpoint>
					<Trackpoint>
						<Time>2025-01-28T14:55:15.865Z</Time>
						<Position>
							<LatitudeDegrees>47.951078557</LatitudeDegrees>
							<LongitudeDegrees>7.791108365</LongitudeDegrees>
						</Position>
						<AltitudeMeters>446.74</AltitudeMeters>
						<DistanceMeters>5457.99</DistanceMeters>
						<HeartRateBpm>
							<Value>145</Value>
						</HeartRateBpm>
						<Extensions>
							<ns3:TPX>
								<ns3:Speed>0.00</ns3:Speed>
							</ns3:TPX>
						</Extensions>
					</Trackpoint>
					<Trackpoint>
						<Time>2025-01-28T14:55:26.866Z</Time>
						<Position>
							<LatitudeDegrees>47.951078557</LatitudeDegrees>
							<LongitudeDegrees>7.791108365</LongitudeDegrees>
						</Position>
						<AltitudeMeters>446.74</AltitudeMeters>
						<DistanceMeters>5457.99</DistanceMeters>
						<HeartRateBpm>
							<Value>138</Value>
						</HeartRateBpm>
						<Extensions>
							<ns3:TPX>
								<ns3:Speed>0.00</ns3:Speed>
							</ns3:TPX>
						</Extensions>
					</Trackpoint>
					<Trackpoint>
						<Time>2025-01-28T14:55:36.864Z</Time>
						<Position>
							<LatitudeDegrees>47.951078557</LatitudeDegrees>
							<LongitudeDegrees>7.791108365</LongitudeDegrees>
						</Position>
						<AltitudeMeters>446.74</AltitudeMeters>
						<DistanceMeters>5457.99</DistanceMeters>
						<HeartRateBpm>
							<Value>132</Value>
						</HeartRateBpm>
						<Extensions>
							<ns3:TPX>
								<ns3:Speed>0.00</ns3:Speed>
							</ns3:TPX>
						</Extensions>
					</Trackpoint>
					<Trackpoint>
						<Time>2025-01-28T14:55:46.869Z</Time>
						<Position>
							<LatitudeDegrees>47.951078557</LatitudeDegrees>
							<LongitudeDegrees>7.791108365</LongitudeDegrees>
						</Position>
						<AltitudeMeters>446.74</AltitudeMeters>
						<DistanceMeters>5457.99</DistanceMeters>
						<HeartRateBpm>
							<Value>135</Value>
						</HeartRateBpm>
						<Extensions>
							<ns3:TPX>
								<ns3:Speed>0.00</ns3:Speed>
							</ns3:TPX>
						</Extensions>
					</Trackpoint>
					<Trackpoint>
						<Time>2025-01-28T14:55:56.865Z</Time>
						<Position>
							<LatitudeDegrees>47.951078557</LatitudeDegrees>
							<LongitudeDegrees>7.791108365</LongitudeDegrees>
						</Position>
						<AltitudeMeters>446.74</AltitudeMeters>
						<DistanceMeters>5457.99</DistanceMeters>
						<HeartRateBpm>
							<Value>137</Value>
						</HeartRateBpm>
						<Extensions>
							<ns3:TPX>
								<ns3:Speed>0.00</ns3:Speed>
							</ns3:TPX>
						</Extensions>
					</Trackpoint>
					<Trackpoint>
						<Time>2025-01-28T14:56:07.869Z</Time>
						<Position>
							<LatitudeDegrees>47.951078557</LatitudeDegrees>
							<LongitudeDegrees>7.791108365</LongitudeDegrees>
						</Position>
						<AltitudeMeters>446.74</AltitudeMeters>
						<DistanceMeters>5457.99</DistanceMeters>
						<HeartRateBpm>
							<Value>138</Value>
						</HeartRateBpm>
						<Extensions>
							<ns3:TPX>
								<ns3:Speed>0.00</ns3:Speed>
							</ns3:TPX>
						</Extensions>
					</Trackpoint>
					<Trackpoint>
						<Time>2025-01-28T14:56:15.868Z</Time>
						<Position>
							<LatitudeDegrees>47.951055319</LatitudeDegrees>
							<LongitudeDegrees>7.791198271</LongitudeDegrees>
						</Position>
						<AltitudeMeters>449.00</AltitudeMeters>
						<DistanceMeters>5465.18</DistanceMeters>
						<HeartRateBpm>
							<Value>140</Value>
						</HeartRateBpm>
						<Extensions>
							<ns3:TPX>
								<ns3:Speed>1.38</ns3:Speed>
								<ns3:Watts>186</ns3:Watts>
							</ns3:TPX>
						</Extensions>
					</Trackpoint>
					<Trackpoint>
						<Time>2025-01-28T14:56:19.867Z</Time>
						<Position>
							<LatitudeDegrees>47.950893646</LatitudeDegrees>
							<LongitudeDegrees>7.791609403</LongitudeDegrees>
						</Position>
						<AltitudeMeters>451.85</AltitudeMeters>
						<DistanceMeters>5501.80</DistanceMeters>
						<HeartRateBpm>
							<Value>141</Value>
						</HeartRateBpm>
						<Extensions>
							<ns3:TPX>
								<ns3:Speed>1.20</ns3:Speed>
								<ns3:Watts>121</ns3:Watts>
							</ns3:TPX>
						</Extensions>
					</Trackpoint>
					<Trackpoint>
						<Time>2025-01-28T14:56:24.866Z</Time>
						<Position>
							<LatitudeDegrees>47.950847084</LatitudeDegrees>
							<LongitudeDegrees>7.791648705</LongitudeDegrees>
						</Position>
						<AltitudeMeters>451.74</AltitudeMeters>
						<DistanceMeters>5507.76</DistanceMeters>
						<HeartRateBpm>
							<Value>143</Value>
						</HeartRateBpm>
						<Extensions>
							<ns3:TPX>
								<ns3:Speed>1.23</ns3:Speed>
								<ns3:Watts>105</ns3:Watts>
							</ns3:TPX>
						</Extensions>
					</Trackpoint>
					<Trackpoint>
						<Time>2025-01-28T14:56:29.870Z</Time>
						<Position>
							<LatitudeDegrees>47.950813968</LatitudeDegrees>
							<LongitudeDegrees>7.791723251</LongitudeDegrees>
						</Position>
						<AltitudeMeters>453.32</AltitudeMeters>
						<DistanceMeters>5514.43</DistanceMeters>
						<HeartRateBpm>
							<Value>145</Value>
						</HeartRateBpm>
						<Extensions>
							<ns3:TPX>
								<ns3:Speed>1.51</ns3:Speed>
								<ns3:Watts>275</ns3:Watts>
							</ns3:TPX>
						</Extensions>
					</Trackpoint>
					<Trackpoint>
						<Time>2025-01-28T14:56:33.868Z</Time>
						<Position>
							<LatitudeDegrees>47.950774763</LatitudeDegrees>
							<LongitudeDegrees>7.791780987</LongitudeDegrees>
						</Position>
						<AltitudeMeters>453.07</AltitudeMeters>
						<DistanceMeters>5520.56</DistanceMeters>
						<HeartRateBpm>
							<Value>146</Value>
						</HeartRateBpm>
						<Extensions>
							<ns3:TPX>
								<ns3:Speed>1.52</ns3:Speed>
								<ns3:Watts>51</ns3:Watts>
							</ns3:TPX>
						</Extensions>
					</Trackpoint>
					<Trackpoint>
						<Time>2025-01-28T14:56:37.865Z</Time>
						<Position>
							<LatitudeDegrees>47.950733932</LatitudeDegrees>
							<LongitudeDegrees>7.791840249</LongitudeDegrees>
						</Position>
						<AltitudeMeters>453.53</AltitudeMeters>
						<DistanceMeters>5526.90</DistanceMeters>
						<HeartRateBpm>
							<Value>148</Value>
						</HeartRateBpm>
						<Extensions>
							<ns3:TPX>
								<ns3:Speed>1.35</ns3:Speed>
								<ns3:Watts>10</ns3:Watts>
							</ns3:TPX>
						</Extensions>
					</Trackpoint>
					<Trackpoint>
						<Time>2025-01-28T14:56:42.862Z</Time>
						<Position>
							<LatitudeDegrees>47.950696165</LatitudeDegrees>
							<LongitudeDegrees>7.791896146</LongitudeDegrees>
						</Position>
						<AltitudeMeters>453.79</AltitudeMeters>
						<DistanceMeters>5532.83</DistanceMeters>
						<HeartRateBpm>
							<Value>149</Value>
						</HeartRateBpm>
						<Extensions>
							<ns3:TPX>
								<ns3:Speed>1.28</ns3:Speed>
								<ns3:Watts>106</ns3:Watts>
							</ns3:TPX>
						</Extensions>
					</Trackpoint>
					<Trackpoint>
						<Time>2025-01-28T14:56:46.869Z</Time>
						<Position>
							<LatitudeDegrees>47.950667324</LatitudeDegrees>
							<LongitudeDegrees>7.791964366</LongitudeDegrees>
						</Position>
						<AltitudeMeters>453.42</AltitudeMeters>
						<DistanceMeters>5538.85</DistanceMeters>
						<HeartRateBpm>
							<Value>149</Value>
						</HeartRateBpm>
						<Extensions>
							<ns3:TPX>
								<ns3:Speed>1.39</ns3:Speed>
								<ns3:Watts>56</ns3:Watts>
							</ns3:TPX>
						</Extensions>
					</Trackpoint>
					<Trackpoint>
						<Time>2025-01-28T14:56:50.866Z</Time>
						<Position>
							<LatitudeDegrees>47.950638270</LatitudeDegrees>
							<LongitudeDegrees>7.792015890</LongitudeDegrees>
						</Position>
						<AltitudeMeters>454.87</AltitudeMeters>
						<DistanceMeters>5543.87</DistanceMeters>
						<HeartRateBpm>
							<Value>150</Value>
						</HeartRateBpm>
						<Extensions>
							<ns3:TPX>
								<ns3:Speed>1.58</ns3:Speed>
							</ns3:TPX>
						</Extensions>
					</Trackpoint>
					<Trackpoint>
						<Time>2025-01-28T14:56:55.867Z</Time>
						<Position>
							<LatitudeDegrees>47.950588165</LatitudeDegrees>
							<LongitudeDegrees>7.792087637</LongitudeDegrees>
						</Position>
						<AltitudeMeters>454.94</AltitudeMeters>
						<DistanceMeters>5551.60</DistanceMeters>
						<HeartRateBpm>
							<Value>149</Value>
						</HeartRateBpm>
						<Extensions>
							<ns3:TPX>
								<ns3:Speed>1.58</ns3:Speed>
							</ns3:TPX>
						</Extensions>
					</Trackpoint>
					<Trackpoint>
						<Time>2025-01-28T14:56:59.867Z</Time>
						<Position>
							<LatitudeDegrees>47.950575571</LatitudeDegrees>
							<LongitudeDegrees>7.792158891</LongitudeDegrees>
						</Position>
						<AltitudeMeters>455.60</AltitudeMeters>
						<DistanceMeters>5557.10</DistanceMeters>
						<HeartRateBpm>
							<Value>150</Value>
						</HeartRateBpm>
						<Extensions>
							<ns3:TPX>
								<ns3:Speed>1.57</ns3:Speed>
								<ns3:Watts>34</ns3:Watts>
							</ns3:TPX>
						</Extensions>
					</Trackpoint>
					<Trackpoint>
						<Time>2025-01-28T14:57:03.869Z</Time>
						<Position>
							<LatitudeDegrees>47.950547835</LatitudeDegrees>
							<LongitudeDegrees>7.792242843</LongitudeDegrees>
						</Position>
						<AltitudeMeters>457.07</AltitudeMeters>
						<DistanceMeters>5564.09</DistanceMeters>
						<HeartRateBpm>
							<Value>149</Value>
						</HeartRateBpm>
						<Extensions>
							<ns3:TPX>
								<ns3:Speed>1.53</ns3:Speed>
								<ns3:Watts>50</ns3:Watts>
							</ns3:TPX>
						</Extensions>
					</Trackpoint>
					<Trackpoint>
						<Time>2025-01-28T14:57:08.867Z</Time>
						<Position>
							<LatitudeDegrees>47.950509216</LatitudeDegrees>
							<LongitudeDegrees>7.792294478</LongitudeDegrees>
						</Position>
						<AltitudeMeters>457.47</AltitudeMeters>
						<DistanceMeters>5569.86</DistanceMeters>
						<HeartRateBpm>
							<Value>149</Value>
						</HeartRateBpm>
						<Extensions>
							<ns3:TPX>
								<ns3:Speed>1.06</ns3:Speed>
								<ns3:Watts>85</ns3:Watts>
							</ns3:TPX>
						</Extensions>
					</Trackpoint>
					<Trackpoint>
						<Time>2025-01-28T14:57:13.864Z</Time>
						<Position>
							<LatitudeDegrees>47.950478061</LatitudeDegrees>
							<LongitudeDegrees>7.792360916</LongitudeDegrees>
						</Position>
						<AltitudeMeters>457.58</AltitudeMeters>
						<DistanceMeters>5575.91</DistanceMeters>
						<HeartRateBpm>
							<Value>147</Value>
						</HeartRateBpm>
						<Extensions>
							<ns3:TPX>
								<ns3:Speed>0.91</ns3:Speed>
								<ns3:Watts>120</ns3:Watts>
							</ns3:TPX>
						</Extensions>
					</Trackpoint>
					<Trackpoint>
						<Time>2025-01-28T14:57:18.868Z</Time>
						<Position>
							<LatitudeDegrees>47.950439946</LatitudeDegrees>
							<LongitudeDegrees>7.792404480</LongitudeDegrees>
						</Position>
						<AltitudeMeters>459.26</AltitudeMeters>
						<DistanceMeters>5581.26</DistanceMeters>
						<HeartRateBpm>
							<Value>146</Value>
						</HeartRateBpm>
						<Extensions>
							<ns3:TPX>
								<ns3:Speed>1.04</ns3:Speed>
								<ns3:Watts>102</ns3:Watts>
							</ns3:TPX>
						</Extensions>
					</Trackpoint>
					<Trackpoint>
						<Time>2025-01-28T14:57:23.867Z</Time>
						<Position>
							<LatitudeDegrees>47.950422094</LatitudeDegrees>
							<LongitudeDegrees>7.792477865</LongitudeDegrees>
						</Position>
						<AltitudeMeters>459.00</AltitudeMeters>
						<DistanceMeters>5587.09</DistanceMeters>
						<HeartRateBpm>
							<Value>144</Value>
						</HeartRateBpm>
						<Extensions>
							<ns3:TPX>
								<ns3:Speed>1.23</ns3:Speed>
								<ns3:Watts>195</ns3:Watts>
							</ns3:TPX>
						</Extensions>
					</Trackpoint>
					<Trackpoint>
						<Time>2025-01-28T14:57:27.867Z</Time>
						<Position>
							<LatitudeDegrees>47.950393742</LatitudeDegrees>
							<LongitudeDegrees>7.792531915</LongitudeDegrees>
						</Position>
						<AltitudeMeters>460.48</AltitudeMeters>
						<DistanceMeters>5592.21</DistanceMeters>
						<HeartRateBpm>
							<Value>145</Value>
						</HeartRateBpm>
						<Extensions>
							<ns3:TPX>
								<ns3:Speed>1.14</ns3:Speed>
								<ns3:Watts>166</ns3:Watts>
							</ns3:TPX>
						</Extensions>
					</Trackpoint>
					<Trackpoint>
						<Time>2025-01-28T14:57:30.867Z</Time>
						<Position>
							<LatitudeDegrees>47.950348374</LatitudeDegrees>
							<LongitudeDegrees>7.792556014</LongitudeDegrees>
						</Position>
						<AltitudeMeters>461.29</AltitudeMeters>
						<DistanceMeters>5597.57</DistanceMeters>
						<HeartRateBpm>
							<Value>145</Value>
						</HeartRateBpm>
						<Extensions>
							<ns3:TPX>
								<ns3:Speed>1.16</ns3:Speed>
								<ns3:Watts>169</ns3:Watts>
							</ns3:TPX>
						</Extensions>
					</Trackpoint>
					<Trackpoint>
						<Time>2025-01-28T14:57:34.868Z</Time>
						<Position>
							<LatitudeDegrees>47.950338219</LatitudeDegrees>
							<LongitudeDegrees>7.792627656</LongitudeDegrees>
						</Position>
						<AltitudeMeters>460.23</AltitudeMeters>
						<DistanceMeters>5603.03</DistanceMeters>
						<HeartRateBpm>
							<Value>146</Value>
						</HeartRateBpm>
						<Extensions>
							<ns3:TPX>
								<ns3:Speed>1.41</ns3:Speed>
								<ns3:Watts>146</ns3:Watts>
							</ns3:TPX>
						</Extensions>
					</Trackpoint>
					<Trackpoint>
						<Time>2025-01-28T14:57:37.867Z</Time>
						<Position>
							<LatitudeDegrees>47.950304320</LatitudeDegrees>
							<LongitudeDegrees>7.792677880</LongitudeDegrees>
						</Position>
						<AltitudeMeters>462.51</AltitudeMeters>
						<DistanceMeters>5608.35</DistanceMeters>
						<HeartRateBpm>
							<Value>147</Value>
						</HeartRateBpm>
						<Extensions>
							<ns3:TPX>
								<ns3:Speed>1.76</ns3:Speed>
								<ns3:Watts>85</ns3:Watts>
							</ns3:TPX>
						</Extensions>
					</Trackpoint>
					<Trackpoint>
						<Time>2025-01-28T14:57:40.866Z</Time>
						<Position>
							<LatitudeDegrees>47.950259519</LatitudeDegrees>
							<LongitudeDegrees>7.792709161</LongitudeDegrees>
						</Position>
						<AltitudeMeters>460.80</AltitudeMeters>
						<DistanceMeters>5613.85</DistanceMeters>
						<HeartRateBpm>
							<Value>147</Value>
						</HeartRateBpm>
						<Extensions>
							<ns3:TPX>
								<ns3:Speed>1.59</ns3:Speed>
								<ns3:Watts>26</ns3:Watts>
							</ns3:TPX>
						</Extensions>
					</Trackpoint>
					<Trackpoint>
						<Time>2025-01-28T14:57:44.866Z</Time>
						<Position>
							<LatitudeDegrees>47.950231506</LatitudeDegrees>
							<LongitudeDegrees>7.792775942</LongitudeDegrees>
						</Position>
						<AltitudeMeters>461.48</AltitudeMeters>
						<DistanceMeters>5619.73</DistanceMeters>
						<HeartRateBpm>
							<Value>148</Value>
						</HeartRateBpm>
						<Extensions>
							<ns3:TPX>
								<ns3:Speed>1.44</ns3:Speed>
								<ns3:Watts>17</ns3:Watts>
							</ns3:TPX>
						</Extensions>
					</Trackpoint>
					<Trackpoint>
						<Time>2025-01-28T14:57:48.867Z</Time>
						<Position>
							<LatitudeDegrees>47.950185087</LatitudeDegrees>
							<LongitudeDegrees>7.792830136</LongitudeDegrees>
						</Position>
						<AltitudeMeters>462.18</AltitudeMeters>
						<DistanceMeters>5626.29</DistanceMeters>
						<HeartRateBpm>
							<Value>148</Value>
						</HeartRateBpm>
						<Extensions>
							<ns3:TPX>
								<ns3:Speed>1.59</ns3:Speed>
								<ns3:Watts>52</ns3:Watts>
							</ns3:TPX>
						</Extensions>
					</Trackpoint>
					<Trackpoint>
						<Time>2025-01-28T14:57:52.866Z</Time>
						<Position>
							<LatitudeDegrees>47.950144232</LatitudeDegrees>
							<LongitudeDegrees>7.792882464</LongitudeDegrees>
						</Position>
						<AltitudeMeters>462.05</AltitudeMeters>
						<DistanceMeters>5632.29</DistanceMeters>
						<HeartRateBpm>
							<Value>147</Value>
						</HeartRateBpm>
						<Extensions>
							<ns3:TPX>
								<ns3:Speed>1.63</ns3:Speed>
								<ns3:Watts>94</ns3:Watts>
							</ns3:TPX>
						</Extensions>
					</Trackpoint>
					<Trackpoint>
						<Time>2025-01-28T14:57:55.866Z</Time>
						<Position>
							<LatitudeDegrees>47.950107049</LatitudeDegrees>
							<LongitudeDegrees>7.792926513</LongitudeDegrees>
						</Position>
						<AltitudeMeters>462.12</AltitudeMeters>
						<DistanceMeters>5637.57</DistanceMeters>
						<HeartRateBpm>
							<Value>147</Value>
						</HeartRateBpm>
						<Extensions>
							<ns3:TPX>
								<ns3:Speed>1.54</ns3:Speed>
								<ns3:Watts>97</ns3:Watts>
							</ns3:TPX>
						</Extensions>
					</Trackpoint>
					<Trackpoint>
						<Time>2025-01-28T14:57:58.866Z</Time>
						<Position>
							<LatitudeDegrees>47.950084548</LatitudeDegrees>
							<LongitudeDegrees>7.792984653</LongitudeDegrees>
						</Position>
						<AltitudeMeters>462.73</AltitudeMeters>
						<DistanceMeters>5642.58</DistanceMeters>
						<HeartRateBpm>
							<Value>147</Value>
						</HeartRateBpm>
						<Extensions>
							<ns3:TPX>
								<ns3:Speed>1.46</ns3:Speed>
								<ns3:Watts>127</ns3:Watts>
							</ns3:TPX>
						</Extensions>
					</Trackpoint>
					<Trackpoint>
						<Time>2025-01-28T14:58:02.867Z</Time>
						<Position>
							<LatitudeDegrees>47.950046111</LatitudeDegrees>
							<LongitudeDegrees>7.793036207</LongitudeDegrees>
						</Position>
						<AltitudeMeters>463.73</AltitudeMeters>
						<DistanceMeters>5648.33</DistanceMeters>
						<HeartRateBpm>
							<Value>148</Value>
						</HeartRateBpm>
						<Extensions>
							<ns3:TPX>
								<ns3:Speed>1.41</ns3:Speed>
								<ns3:Watts>145</ns3:Watts>
							</ns3:TPX>
						</Extensions>
					</Trackpoint>
					<Trackpoint>
						<Time>2025-01-28T14:58:06.862Z</Time>
						<Position>
							<LatitudeDegrees>47.950015388</LatitudeDegrees>
							<LongitudeDegrees>7.793101253</LongitudeDegrees>
						</Position>
						<AltitudeMeters>464.62</AltitudeMeters>
						<DistanceMeters>5654.27</DistanceMeters>
						<HeartRateBpm>
							<Value>148</Value>
						</HeartRateBpm>
						<Extensions>
							<ns3:TPX>
								<ns3:Speed>1.39</ns3:Speed>
								<ns3:Watts>126</ns3:Watts>
							</ns3:TPX>
						</Extensions>
					</Trackpoint>
					<Trackpoint>
						<Time>2025-01-28T14:58:11.864Z</Time>
						<Position>
							<LatitudeDegrees>47.949995060</LatitudeDegrees>
							<LongitudeDegrees>7.793187842</LongitudeDegrees>
						</Position>
						<AltitudeMeters>465.37</AltitudeMeters>
						<DistanceMeters>5661.13</DistanceMeters>
						<HeartRateBpm>
							<Value>148</Value>
						</HeartRateBpm>
						<Extensions>
							<ns3:TPX>
								<ns3:Speed>1.44</ns3:Speed>
								<ns3:Watts>165</ns3:Watts>
							</ns3:TPX>
						</Extensions>
					</Trackpoint>
					<Trackpoint>
						<Time>2025-01-28T14:58:15.866Z</Time>
						<Position>
							<LatitudeDegrees>47.949954690</LatitudeDegrees>
							<LongitudeDegrees>7.793242321</LongitudeDegrees>
						</Position>
						<AltitudeMeters>466.20</AltitudeMeters>
						<DistanceMeters>5667.18</DistanceMeters>
						<HeartRateBpm>
							<Value>148</Value>
						</HeartRateBpm>
						<Extensions>
							<ns3:TPX>
								<ns3:Speed>1.72</ns3:Speed>
								<ns3:Watts>153</ns3:Watts>
							</ns3:TPX>
						</Extensions>
					</Trackpoint>
					<Trackpoint>
						<Time>2025-01-28T14:58:19.866Z</Time>
						<Position>
							<LatitudeDegrees>47.949906794</LatitudeDegrees>
							<LongitudeDegrees>7.793293667</LongitudeDegrees>
						</Position>
						<AltitudeMeters>466.02</AltitudeMeters>
						<DistanceMeters>5673.75</DistanceMeters>
						<HeartRateBpm>
							<Value>149</Value>
						</HeartRateBpm>
						<Extensions>
							<ns3:TPX>
								<ns3:Speed>1.83</ns3:Speed>
								<ns3:Watts>49</ns3:Watts>
							</ns3:TPX>
						</Extensions>
					</Trackpoint>
					<Trackpoint>
						<Time>2025-01-28T14:58:24.866Z</Time>
						<Position>
							<LatitudeDegrees>47.949906794</LatitudeDegrees>
							<LongitudeDegrees>7.793293667</LongitudeDegrees>
						</Position>
						<AltitudeMeters>466.02</AltitudeMeters>
						<DistanceMeters>5673.75</DistanceMeters>
						<HeartRateBpm>
							<Value>150</Value>
						</HeartRateBpm>
						<Extensions>
							<ns3:TPX>
								<ns3:Speed>1.54</ns3:Speed>
							</ns3:TPX>
						</Extensions>
					</Trackpoint>
					<Trackpoint>
						<Time>2025-01-28T14:58:31.862Z</Time>
						<Position>
							<LatitudeDegrees>47.949905938</LatitudeDegrees>
							<LongitudeDegrees>7.793375334</LongitudeDegrees>
						</Position>
						<AltitudeMeters>467.86</AltitudeMeters>
						<DistanceMeters>5679.85</DistanceMeters>
						<HeartRateBpm>
							<Value>151</Value>
						</HeartRateBpm>
						<Extensions>
							<ns3:TPX>
								<ns3:Speed>1.32</ns3:Speed>
								<ns3:Watts>129</ns3:Watts>
							</ns3:TPX>
						</Extensions>
					</Trackpoint>
					<Trackpoint>
						<Time>2025-01-28T14:58:36.868Z</Time>
						<Position>
							<LatitudeDegrees>47.949881811</LatitudeDegrees>
							<LongitudeDegrees>7.793435454</LongitudeDegrees>
						</Position>
						<AltitudeMeters>468.45</AltitudeMeters>
						<DistanceMeters>5685.08</DistanceMeters>
						<HeartRateBpm>
							<Value>152</Value>
						</HeartRateBpm>
						<Extensions>
							<ns3:TPX>
								<ns3:Speed>1.35</ns3:Speed>
								<ns3:Watts>92</ns3:Watts>
							</ns3:TPX>
						</Extensions>
					</Trackpoint>
					<Trackpoint>
						<Time>2025-01-28T14:58:40.869Z</Time>
						<Position>
							<LatitudeDegrees>47.949852566</LatitudeDegrees>
							<LongitudeDegrees>7.793505425</LongitudeDegrees>
						</Position>
						<AltitudeMeters>468.88</AltitudeMeters>
						<DistanceMeters>5691.24</DistanceMeters>
						<HeartRateBpm>
							<Value>152</Value>
						</HeartRateBpm>
						<Extensions>
							<ns3:TPX>
								<ns3:Speed>1.48</ns3:Speed>
								<ns3:Watts>64</ns3:Watts>
							</ns3:TPX>
						</Extensions>
					</Trackpoint>
					<Trackpoint>
						<Time>2025-01-28T14:58:44.863Z</Time>
						<Position>
							<LatitudeDegrees>47.949832041</LatitudeDegrees>
							<LongitudeDegrees>7.793578609</LongitudeDegrees>
						</Position>
						<AltitudeMeters>469.70</AltitudeMeters>
						<DistanceMeters>5697.16</DistanceMeters>
						<HeartRateBpm>
							<Value>153</Value>
						</HeartRateBpm>
						<Extensions>
							<ns3:TPX>
								<ns3:Speed>1.36</ns3:Speed>
								<ns3:Watts>59</ns3:Watts>
							</ns3:TPX>
						</Extensions>
					</Trackpoint>
					<Trackpoint>
						<Time>2025-01-28T14:58:48.862Z</Time>
						<Position>
							<LatitudeDegrees>47.949794958</LatitudeDegrees>
							<LongitudeDegrees>7.793626696</LongitudeDegrees>
						</Position>
						<AltitudeMeters>469.87</AltitudeMeters>
						<DistanceMeters>5702.63</DistanceMeters>
						<HeartRateBpm>
							<Value>154</Value>
						</HeartRateBpm>
						<Extensions>
							<ns3:TPX>
								<ns3:Speed>1.23</ns3:Speed>
								<ns3:Watts>66</ns3:Watts>
							</ns3:TPX>
						</Extensions>
					</Trackpoint>
					<Trackpoint>
						<Time>2025-01-28T14:58:52.865Z</Time>
						<Position>
							<LatitudeDegrees>47.949757648</LatitudeDegrees>
							<LongitudeDegrees>7.793680346</LongitudeDegrees>
						</Position>
						<AltitudeMeters>471.75</AltitudeMeters>
						<DistanceMeters>5708.40</DistanceMeters>
						<HeartRateBpm>
							<Value>155</Value>
						</HeartRateBpm>
						<Extensions>
							<ns3:TPX>
								<ns3:Speed>1.25</ns3:Speed>
								<ns3:Watts>200</ns3:Watts>
							</ns3:TPX>
						</Extensions>
					</Trackpoint>
					<Trackpoint>
						<Time>2025-01-28T14:58:55.862Z</Time>
						<Position>
							<LatitudeDegrees>47.949723018</LatitudeDegrees>
							<LongitudeDegrees>7.793740705</LongitudeDegrees>
						</Position>
						<AltitudeMeters>471.83</AltitudeMeters>
						<DistanceMeters>5714.32</DistanceMeters>
						<HeartRateBpm>
							<Value>156</Value>
						</HeartRateBpm>
						<Extensions>
							<ns3:TPX>
								<ns3:Speed>1.50</ns3:Speed>
								<ns3:Watts>196</ns3:Watts>
							</ns3:TPX>
						</Extensions>
					</Trackpoint>
					<Trackpoint>
						<Time>2025-01-28T14:58:58.863Z</Time>
						<Position>
							<LatitudeDegrees>47.949681728</LatitudeDegrees>
							<LongitudeDegrees>7.793780678</LongitudeDegrees>
						</Position>
						<AltitudeMeters>472.56</AltitudeMeters>
						<DistanceMeters>5719.80</DistanceMeters>
						<HeartRateBpm>
							<Value>156</Value>
						</HeartRateBpm>
						<Extensions>
							<ns3:TPX>
								<ns3:Speed>1.58</ns3:Speed>
								<ns3:Watts>129</ns3:Watts>
							</ns3:TPX>
						</Extensions>
					</Trackpoint>
					<Trackpoint>
						<Time>2025-01-28T14:59:02.863Z</Time>
						<Position>
							<LatitudeDegrees>47.949632400</LatitudeDegrees>
							<LongitudeDegrees>7.793816639</LongitudeDegrees>
						</Position>
						<AltitudeMeters>473.49</AltitudeMeters>
						<DistanceMeters>5725.91</DistanceMeters>
						<HeartRateBpm>
							<Value>157</Value>
						</HeartRateBpm>
						<Extensions>
							<ns3:TPX>
								<ns3:Speed>1.35</ns3:Speed>
								<ns3:Watts>123</ns3:Watts>
							</ns3:TPX>
						</Extensions>
					</Trackpoint>
					<Trackpoint>
						<Time>2025-01-28T14:59:06.861Z</Time>
						<Position>
							<LatitudeDegrees>47.949606249</LatitudeDegrees>
							<LongitudeDegrees>7.793874312</LongitudeDegrees>
						</Position>
						<AltitudeMeters>472.52</AltitudeMeters>
						<DistanceMeters>5731.11</DistanceMeters>
						<HeartRateBpm>
							<Value>158</Value>
						</HeartRateBpm>
						<Extensions>
							<ns3:TPX>
								<ns3:Speed>1.63</ns3:Speed>
								<ns3:Watts>205</ns3:Watts>
							</ns3:TPX>
						</Extensions>
					</Trackpoint>
					<Trackpoint>
						<Time>2025-01-28T14:59:09.863Z</Time>
						<Position>
							<LatitudeDegrees>47.949563025</LatitudeDegrees>
							<LongitudeDegrees>7.793902982</LongitudeDegrees>
						</Position>
						<AltitudeMeters>473.74</AltitudeMeters>
						<DistanceMeters>5736.37</DistanceMeters>
						<HeartRateBpm>
							<Value>158</Value>
						</HeartRateBpm>
						<Extensions>
							<ns3:TPX>
								<ns3:Speed>1.72</ns3:Speed>
								<ns3:Watts>135</ns3:Watts>
							</ns3:TPX>
						</Extensions>
					</Trackpoint>
					<Trackpoint>
						<Time>2025-01-28T14:59:13.864Z</Time>
						<Position>
							<LatitudeDegrees>47.949516683</LatitudeDegrees>
							<LongitudeDegrees>7.793947628</LongitudeDegrees>
						</Position>
						<AltitudeMeters>474.56</AltitudeMeters>
						<DistanceMeters>5742.51</DistanceMeters>
						<HeartRateBpm>
							<Value>158</Value>
						</HeartRateBpm>
						<Extensions>
							<ns3:TPX>
								<ns3:Speed>1.59</ns3:Speed>
								<ns3:Watts>89</ns3:Watts>
							</ns3:TPX>
						</Extensions>
					</Trackpoint>
					<Trackpoint>
						<Time>2025-01-28T14:59:17.863Z</Time>
						<Position>
							<LatitudeDegrees>47.949477057</LatitudeDegrees>
							<LongitudeDegrees>7.794007808</LongitudeDegrees>
						</Position>
						<AltitudeMeters>474.29</AltitudeMeters>
						<DistanceMeters>5748.80</DistanceMeters>
						<HeartRateBpm>
							<Value>158</Value>
						</HeartRateBpm>
						<Extensions>
							<ns3:TPX>
								<ns3:Speed>1.44</ns3:Speed>
								<ns3:Watts>62</ns3:Watts>
							</ns3:TPX>
						</Extensions>
					</Trackpoint>
					<Trackpoint>
						<Time>2025-01-28T14:59:22.865Z</Time>
						<Position>
							<LatitudeDegrees>47.949433511</LatitudeDegrees>
							<LongitudeDegrees>7.794049869</LongitudeDegrees>
						</Position>
						<AltitudeMeters>474.36</AltitudeMeters>
						<DistanceMeters>5754.57</DistanceMeters>
						<HeartRateBpm>
							<Value>157</Value>
						</HeartRateBpm>
						<Extensions>
							<ns3:TPX>
								<ns3:Speed>1.39</ns3:Speed>
								<ns3:Watts>59</ns3:Watts>
							</ns3:TPX>
						</Extensions>
					</Trackpoint>
					<Trackpoint>
						<Time>2025-01-28T14:59:26.863Z</Time>
						<Position>
							<LatitudeDegrees>47.949391023</LatitudeDegrees>
							<LongitudeDegrees>7.794091139</LongitudeDegrees>
						</Position>
						<AltitudeMeters>473.82</AltitudeMeters>
						<DistanceMeters>5760.21</DistanceMeters>
						<HeartRateBpm>
							<Value>157</Value>
						</HeartRateBpm>
						<Extensions>
							<ns3:TPX>
								<ns3:Speed>1.46</ns3:Speed>
								<ns3:Watts>60</ns3:Watts>
							</ns3:TPX>
						</Extensions>
					</Trackpoint>
					<Trackpoint>
						<Time>2025-01-28T14:59:30.863Z</Time>
						<Position>
							<LatitudeDegrees>47.949356666</LatitudeDegrees>
							<LongitudeDegrees>7.794145464</LongitudeDegrees>
						</Position>
						<AltitudeMeters>475.13</AltitudeMeters>
						<DistanceMeters>5765.79</DistanceMeters>
						<HeartRateBpm>
							<Value>157</Value>
						</HeartRateBpm>
						<Extensions>
							<ns3:TPX>
								<ns3:Speed>1.51</ns3:Speed>
								<ns3:Watts>105</ns3:Watts>
							</ns3:TPX>
						</Extensions>
					</Trackpoint>
					<Trackpoint>
						<Time>2025-01-28T14:59:34.864Z</Time>
						<Position>
							<LatitudeDegrees>47.949306248</LatitudeDegrees>
							<LongitudeDegrees>7.794181956</LongitudeDegrees>
						</Position>
						<AltitudeMeters>474.72</AltitudeMeters>
						<DistanceMeters>5772.02</DistanceMeters>
						<HeartRateBpm>
							<Value>157</Value>
						</HeartRateBpm>
						<Extensions>
							<ns3:TPX>
								<ns3:Speed>1.58</ns3:Speed>
								<ns3:Watts>115</ns3:Watts>
							</ns3:TPX>
						</Extensions>
					</Trackpoint>
					<Trackpoint>
						<Time>2025-01-28T14:59:38.864Z</Time>
						<Position>
							<LatitudeDegrees>47.949257814</LatitudeDegrees>
							<LongitudeDegrees>7.794220391</LongitudeDegrees>
						</Position>
						<AltitudeMeters>475.33</AltitudeMeters>
						<DistanceMeters>5778.12</DistanceMeters>
						<HeartRateBpm>
							<Value>158</Value>
						</HeartRateBpm>
						<Extensions>
							<ns3:TPX>
								<ns3:Speed>1.58</ns3:Speed>
								<ns3:Watts>127</ns3:Watts>
							</ns3:TPX>
						</Extensions>
					</Trackpoint>
					<Trackpoint>
						<Time>2025-01-28T14:59:42.865Z</Time>
						<Position>
							<LatitudeDegrees>47.949219015</LatitudeDegrees>
							<LongitudeDegrees>7.794273881</LongitudeDegrees>
						</Position>
						<AltitudeMeters>475.79</AltitudeMeters>
						<DistanceMeters>5784.00</DistanceMeters>
						<HeartRateBpm>
							<Value>157</Value>
						</HeartRateBpm>
						<Extensions>
							<ns3:TPX>
								<ns3:Speed>1.61</ns3:Speed>
								<ns3:Watts>151</ns3:Watts>
							</ns3:TPX>
						</Extensions>
					</Trackpoint>
					<Trackpoint>
						<Time>2025-01-28T14:59:46.865Z</Time>
						<Position>
							<LatitudeDegrees>47.949178252</LatitudeDegrees>
							<LongitudeDegrees>7.794329792</LongitudeDegrees>
						</Position>
						<AltitudeMeters>475.55</AltitudeMeters>
						<DistanceMeters>5790.17</DistanceMeters>
						<HeartRateBpm>
							<Value>158</Value>
						</HeartRateBpm>
						<Extensions>
							<ns3:TPX>
								<ns3:Speed>1.59</ns3:Speed>
								<ns3:Watts>125</ns3:Watts>
							</ns3:TPX>
						</Extensions>
					</Trackpoint>
					<Trackpoint>
						<Time>2025-01-28T14:59:50.861Z</Time>
						<Position>
							<LatitudeDegrees>47.949132023</LatitudeDegrees>
							<LongitudeDegrees>7.794370736</LongitudeDegrees>
						</Position>
						<AltitudeMeters>475.99</AltitudeMeters>
						<DistanceMeters>5796.15</DistanceMeters>
						<HeartRateBpm>
							<Value>157</Value>
						</HeartRateBpm>
						<Extensions>
							<ns3:TPX>
								<ns3:Speed>1.61</ns3:Speed>
								<ns3:Watts>104</ns3:Watts>
							</ns3:TPX>
						</Extensions>
					</Trackpoint>
					<Trackpoint>
						<Time>2025-01-28T14:59:54.864Z</Time>
						<Position>
							<LatitudeDegrees>47.949084250</LatitudeDegrees>
							<LongitudeDegrees>7.794419029</LongitudeDegrees>
						</Position>
						<AltitudeMeters>475.04</AltitudeMeters>
						<DistanceMeters>5802.57</DistanceMeters>
						<HeartRateBpm>
							<Value>157</Value>
						</HeartRateBpm>
						<Extensions>
							<ns3:TPX>
								<ns3:Speed>1.61</ns3:Speed>
								<ns3:Watts>210</ns3:Watts>
							</ns3:TPX>
						</Extensions>
					</Trackpoint>
					<Trackpoint>
						<Time>2025-01-28T14:59:58.865Z</Time>
						<Position>
							<LatitudeDegrees>47.949044224</LatitudeDegrees>
							<LongitudeDegrees>7.794472559</LongitudeDegrees>
						</Position>
						<AltitudeMeters>476.04</AltitudeMeters>
						<DistanceMeters>5808.55</DistanceMeters>
						<HeartRateBpm>
							<Value>157</Value>
						</HeartRateBpm>
						<Extensions>
							<ns3:TPX>
								<ns3:Speed>1.64</ns3:Speed>
								<ns3:Watts>203</ns3:Watts>
							</ns3:TPX>
						</Extensions>
					</Trackpoint>
					<Trackpoint>
						<Time>2025-01-28T15:00:01.861Z</Time>
						<Position>
							<LatitudeDegrees>47.949005195</LatitudeDegrees>
							<LongitudeDegrees>7.794511785</LongitudeDegrees>
						</Position>
						<AltitudeMeters>474.72</AltitudeMeters>
						<DistanceMeters>5813.79</DistanceMeters>
						<HeartRateBpm>
							<Value>157</Value>
						</HeartRateBpm>
						<Extensions>
							<ns3:TPX>
								<ns3:Speed>1.58</ns3:Speed>
								<ns3:Watts>82</ns3:Watts>
							</ns3:TPX>
						</Extensions>
					</Trackpoint>
					<Trackpoint>
						<Time>2025-01-28T15:00:04.865Z</Time>
						<Position>
							<LatitudeDegrees>47.948973854</LatitudeDegrees>
							<LongitudeDegrees>7.794580997</LongitudeDegrees>
						</Position>
						<AltitudeMeters>477.74</AltitudeMeters>
						<DistanceMeters>5820.02</DistanceMeters>
						<HeartRateBpm>
							<Value>157</Value>
						</HeartRateBpm>
						<Extensions>
							<ns3:TPX>
								<ns3:Speed>1.68</ns3:Speed>
							</ns3:TPX>
						</Extensions>
					</Trackpoint>
					<Trackpoint>
						<Time>2025-01-28T15:00:06.863Z</Time>
						<Position>
							<LatitudeDegrees>47.948954414</LatitudeDegrees>
							<LongitudeDegrees>7.794645349</LongitudeDegrees>
						</Position>
						<AltitudeMeters>476.90</AltitudeMeters>
						<DistanceMeters>5825.29</DistanceMeters>
						<HeartRateBpm>
							<Value>157</Value>
						</HeartRateBpm>
						<Extensions>
							<ns3:TPX>
								<ns3:Speed>1.67</ns3:Speed>
							</ns3:TPX>
						</Extensions>
					</Trackpoint>
					<Trackpoint>
						<Time>2025-01-28T15:00:09.864Z</Time>
						<Position>
							<LatitudeDegrees>47.948918999</LatitudeDegrees>
							<LongitudeDegrees>7.794710732</LongitudeDegrees>
						</Position>
						<AltitudeMeters>475.93</AltitudeMeters>
						<DistanceMeters>5831.57</DistanceMeters>
						<HeartRateBpm>
							<Value>156</Value>
						</HeartRateBpm>
						<Extensions>
							<ns3:TPX>
								<ns3:Speed>1.66</ns3:Speed>
							</ns3:TPX>
						</Extensions>
					</Trackpoint>
					<Trackpoint>
						<Time>2025-01-28T15:00:12.859Z</Time>
						<Position>
							<LatitudeDegrees>47.948894373</LatitudeDegrees>
							<LongitudeDegrees>7.794776635</LongitudeDegrees>
						</Position>
						<AltitudeMeters>476.46</AltitudeMeters>
						<DistanceMeters>5837.20</DistanceMeters>
						<HeartRateBpm>
							<Value>155</Value>
						</HeartRateBpm>
						<Extensions>
							<ns3:TPX>
								<ns3:Speed>1.66</ns3:Speed>
							</ns3:TPX>
						</Extensions>
					</Trackpoint>
					<Trackpoint>
						<Time>2025-01-28T15:00:15.862Z</Time>
						<Position>
							<LatitudeDegrees>47.948860992</LatitudeDegrees>
							<LongitudeDegrees>7.794837270</LongitudeDegrees>
						</Position>
						<AltitudeMeters>476.95</AltitudeMeters>
						<DistanceMeters>5843.05</DistanceMeters>
						<HeartRateBpm>
							<Value>154</Value>
						</HeartRateBpm>
						<Extensions>
							<ns3:TPX>
								<ns3:Speed>1.63</ns3:Speed>
								<ns3:Watts>16</ns3:Watts>
							</ns3:TPX>
						</Extensions>
					</Trackpoint>
					<Trackpoint>
						<Time>2025-01-28T15:00:18.864Z</Time>
						<Position>
							<LatitudeDegrees>47.948843484</LatitudeDegrees>
							<LongitudeDegrees>7.794905025</LongitudeDegrees>
						</Position>
						<AltitudeMeters>477.78</AltitudeMeters>
						<DistanceMeters>5848.48</DistanceMeters>
						<HeartRateBpm>
							<Value>153</Value>
						</HeartRateBpm>
						<Extensions>
							<ns3:TPX>
								<ns3:Speed>1.64</ns3:Speed>
								<ns3:Watts>87</ns3:Watts>
							</ns3:TPX>
						</Extensions>
					</Trackpoint>
					<Trackpoint>
						<Time>2025-01-28T15:00:22.866Z</Time>
						<Position>
							<LatitudeDegrees>47.948810059</LatitudeDegrees>
							<LongitudeDegrees>7.794981184</LongitudeDegrees>
						</Position>
						<AltitudeMeters>478.59</AltitudeMeters>
						<DistanceMeters>5855.27</DistanceMeters>
						<HeartRateBpm>
							<Value>151</Value>
						</HeartRateBpm>
						<Extensions>
							<ns3:TPX>
								<ns3:Speed>1.64</ns3:Speed>
								<ns3:Watts>121</ns3:Watts>
							</ns3:TPX>
						</Extensions>
					</Trackpoint>
					<Trackpoint>
						<Time>2025-01-28T15:00:25.863Z</Time>
						<Position>
							<LatitudeDegrees>47.948795385</LatitudeDegrees>
							<LongitudeDegrees>7.795046535</LongitudeDegrees>
						</Position>
						<AltitudeMeters>478.65</AltitudeMeters>
						<DistanceMeters>5860.42</DistanceMeters>
						<HeartRateBpm>
							<Value>150</Value>
						</HeartRateBpm>
						<Extensions>
							<ns3:TPX>
								<ns3:Speed>1.56</ns3:Speed>
								<ns3:Watts>116</ns3:Watts>
							</ns3:TPX>
						</Extensions>
					</Trackpoint>
					<Trackpoint>
						<Time>2025-01-28T15:00:28.864Z</Time>
						<Position>
							<LatitudeDegrees>47.948793632</LatitudeDegrees>
							<LongitudeDegrees>7.795118588</LongitudeDegrees>
						</Position>
						<AltitudeMeters>479.37</AltitudeMeters>
						<DistanceMeters>5865.81</DistanceMeters>
						<HeartRateBpm>
							<Value>149</Value>
						</HeartRateBpm>
						<Extensions>
							<ns3:TPX>
								<ns3:Speed>1.45</ns3:Speed>
								<ns3:Watts>96</ns3:Watts>
							</ns3:TPX>
						</Extensions>
					</Trackpoint>
					<Trackpoint>
						<Time>2025-01-28T15:00:31.865Z</Time>
						<Position>
							<LatitudeDegrees>47.948785937</LatitudeDegrees>
							<LongitudeDegrees>7.795184653</LongitudeDegrees>
						</Position>
						<AltitudeMeters>480.80</AltitudeMeters>
						<DistanceMeters>5870.81</DistanceMeters>
						<HeartRateBpm>
							<Value>148</Value>
						</HeartRateBpm>
						<Extensions>
							<ns3:TPX>
								<ns3:Speed>1.33</ns3:Speed>
								<ns3:Watts>97</ns3:Watts>
							</ns3:TPX>
						</Extensions>
					</Trackpoint>
					<Trackpoint>
						<Time>2025-01-28T15:00:35.866Z</Time>
						<Position>
							<LatitudeDegrees>47.948758453</LatitudeDegrees>
							<LongitudeDegrees>7.795241148</LongitudeDegrees>
						</Position>
						<AltitudeMeters>481.71</AltitudeMeters>
						<DistanceMeters>5876.02</DistanceMeters>
						<HeartRateBpm>
							<Value>147</Value>
						</HeartRateBpm>
						<Extensions>
							<ns3:TPX>
								<ns3:Speed>0.99</ns3:Speed>
								<ns3:Watts>24</ns3:Watts>
							</ns3:TPX>
						</Extensions>
					</Trackpoint>
					<Trackpoint>
						<Time>2025-01-28T15:00:40.857Z</Time>
						<Position>
							<LatitudeDegrees>47.948758453</LatitudeDegrees>
							<LongitudeDegrees>7.795241148</LongitudeDegrees>
						</Position>
						<AltitudeMeters>481.71</AltitudeMeters>
						<DistanceMeters>5876.02</DistanceMeters>
						<HeartRateBpm>
							<Value>148</Value>
						</HeartRateBpm>
						<Extensions>
							<ns3:TPX>
								<ns3:Speed>1.50</ns3:Speed>
							</ns3:TPX>
						</Extensions>
					</Trackpoint>
					<Trackpoint>
						<Time>2025-01-28T15:00:42.859Z</Time>
						<Position>
							<LatitudeDegrees>47.948733204</LatitudeDegrees>
							<LongitudeDegrees>7.795299705</LongitudeDegrees>
						</Position>
						<AltitudeMeters>482.57</AltitudeMeters>
						<DistanceMeters>5881.22</DistanceMeters>
						<HeartRateBpm>
							<Value>149</Value>
						</HeartRateBpm>
						<Extensions>
							<ns3:TPX>
								<ns3:Speed>0.57</ns3:Speed>
								<ns3:Watts>11</ns3:Watts>
							</ns3:TPX>
						</Extensions>
					</Trackpoint>
					<Trackpoint>
						<Time>2025-01-28T15:00:50.865Z</Time>
						<Position>
							<LatitudeDegrees>47.948733204</LatitudeDegrees>
							<LongitudeDegrees>7.795299705</LongitudeDegrees>
						</Position>
						<AltitudeMeters>482.57</AltitudeMeters>
						<DistanceMeters>5881.22</DistanceMeters>
						<HeartRateBpm>
							<Value>150</Value>
						</HeartRateBpm>
						<Extensions>
							<ns3:TPX>
								<ns3:Speed>1.15</ns3:Speed>
							</ns3:TPX>
						</Extensions>
					</Trackpoint>
					<Trackpoint>
						<Time>2025-01-28T15:00:51.868Z</Time>
						<Position>
							<LatitudeDegrees>47.948700930</LatitudeDegrees>
							<LongitudeDegrees>7.795348713</LongitudeDegrees>
						</Position>
						<AltitudeMeters>483.53</AltitudeMeters>
						<DistanceMeters>5886.35</DistanceMeters>
						<HeartRateBpm>
							<Value>150</Value>
						</HeartRateBpm>
						<Extensions>
							<ns3:TPX>
								<ns3:Speed>1.35</ns3:Speed>
								<ns3:Watts>116</ns3:Watts>
							</ns3:TPX>
						</Extensions>
					</Trackpoint>
					<Trackpoint>
						<Time>2025-01-28T15:00:56.864Z</Time>
						<Position>
							<LatitudeDegrees>47.948656778</LatitudeDegrees>
							<LongitudeDegrees>7.795393884</LongitudeDegrees>
						</Position>
						<AltitudeMeters>485.90</AltitudeMeters>
						<DistanceMeters>5892.30</DistanceMeters>
						<HeartRateBpm>
							<Value>152</Value>
						</HeartRateBpm>
						<Extensions>
							<ns3:TPX>
								<ns3:Speed>1.53</ns3:Speed>
								<ns3:Watts>73</ns3:Watts>
							</ns3:TPX>
						</Extensions>
					</Trackpoint>
					<Trackpoint>
						<Time>2025-01-28T15:01:00.863Z</Time>
						<Position>
							<LatitudeDegrees>47.948595464</LatitudeDegrees>
							<LongitudeDegrees>7.795405896</LongitudeDegrees>
						</Position>
						<AltitudeMeters>486.08</AltitudeMeters>
						<DistanceMeters>5899.18</DistanceMeters>
						<HeartRateBpm>
							<Value>152</Value>
						</HeartRateBpm>
						<Extensions>
							<ns3:TPX>
								<ns3:Speed>1.26</ns3:Speed>
								<ns3:Watts>117</ns3:Watts>
							</ns3:TPX>
						</Extensions>
					</Trackpoint>
					<Trackpoint>
						<Time>2025-01-28T15:01:04.862Z</Time>
						<Position>
							<LatitudeDegrees>47.948540272</LatitudeDegrees>
							<LongitudeDegrees>7.795407303</LongitudeDegrees>
						</Position>
						<AltitudeMeters>484.68</AltitudeMeters>
						<DistanceMeters>5905.32</DistanceMeters>
						<HeartRateBpm>
							<Value>152</Value>
						</HeartRateBpm>
						<Extensions>
							<ns3:TPX>
								<ns3:Speed>1.43</ns3:Speed>
								<ns3:Watts>172</ns3:Watts>
							</ns3:TPX>
						</Extensions>
					</Trackpoint>
					<Trackpoint>
						<Time>2025-01-28T15:01:08.863Z</Time>
						<Position>
							<LatitudeDegrees>47.948493346</LatitudeDegrees>
							<LongitudeDegrees>7.795453990</LongitudeDegrees>
						</Position>
						<AltitudeMeters>482.23</AltitudeMeters>
						<DistanceMeters>5911.59</DistanceMeters>
						<HeartRateBpm>
							<Value>153</Value>
						</HeartRateBpm>
						<Extensions>
							<ns3:TPX>
								<ns3:Speed>1.90</ns3:Speed>
								<ns3:Watts>77</ns3:Watts>
							</ns3:TPX>
						</Extensions>
					</Trackpoint>
					<Trackpoint>
						<Time>2025-01-28T15:01:11.864Z</Time>
						<Position>
							<LatitudeDegrees>47.948452561</LatitudeDegrees>
							<LongitudeDegrees>7.795511747</LongitudeDegrees>
						</Position>
						<AltitudeMeters>481.78</AltitudeMeters>
						<DistanceMeters>5917.85</DistanceMeters>
						<HeartRateBpm>
							<Value>152</Value>
						</HeartRateBpm>
						<Extensions>
							<ns3:TPX>
								<ns3:Speed>1.56</ns3:Speed>
								<ns3:Watts>71</ns3:Watts>
							</ns3:TPX>
						</Extensions>
					</Trackpoint>
					<Trackpoint>
						<Time>2025-01-28T15:01:16.864Z</Time>
						<Position>
							<LatitudeDegrees>47.948452561</LatitudeDegrees>
							<LongitudeDegrees>7.795511747</LongitudeDegrees>
						</Position>
						<AltitudeMeters>481.78</AltitudeMeters>
						<DistanceMeters>5917.85</DistanceMeters>
						<HeartRateBpm>
							<Value>152</Value>
						</HeartRateBpm>
						<Extensions>
							<ns3:TPX>
								<ns3:Speed>1.34</ns3:Speed>
							</ns3:TPX>
						</Extensions>
					</Trackpoint>
					<Trackpoint>
						<Time>2025-01-28T15:01:19.863Z</Time>
						<Position>
							<LatitudeDegrees>47.948412095</LatitudeDegrees>
							<LongitudeDegrees>7.795565007</LongitudeDegrees>
						</Position>
						<AltitudeMeters>481.62</AltitudeMeters>
						<DistanceMeters>5923.86</DistanceMeters>
						<HeartRateBpm>
							<Value>152</Value>
						</HeartRateBpm>
						<Extensions>
							<ns3:TPX>
								<ns3:Speed>0.77</ns3:Speed>
								<ns3:Watts>95</ns3:Watts>
							</ns3:TPX>
						</Extensions>
					</Trackpoint>
					<Trackpoint>
						<Time>2025-01-28T15:01:23.860Z</Time>
						<Position>
							<LatitudeDegrees>47.948370599</LatitudeDegrees>
							<LongitudeDegrees>7.795612505</LongitudeDegrees>
						</Position>
						<AltitudeMeters>481.03</AltitudeMeters>
						<DistanceMeters>5929.68</DistanceMeters>
						<HeartRateBpm>
							<Value>152</Value>
						</HeartRateBpm>
						<Extensions>
							<ns3:TPX>
								<ns3:Speed>1.30</ns3:Speed>
								<ns3:Watts>49</ns3:Watts>
							</ns3:TPX>
						</Extensions>
					</Trackpoint>
					<Trackpoint>
						<Time>2025-01-28T15:01:27.865Z</Time>
						<Position>
							<LatitudeDegrees>47.948335634</LatitudeDegrees>
							<LongitudeDegrees>7.795687127</LongitudeDegrees>
						</Position>
						<AltitudeMeters>481.78</AltitudeMeters>
						<DistanceMeters>5936.47</DistanceMeters>
						<HeartRateBpm>
							<Value>153</Value>
						</HeartRateBpm>
						<Extensions>
							<ns3:TPX>
								<ns3:Speed>1.46</ns3:Speed>
								<ns3:Watts>26</ns3:Watts>
							</ns3:TPX>
						</Extensions>
					</Trackpoint>
					<Trackpoint>
						<Time>2025-01-28T15:01:30.860Z</Time>
						<Position>
							<LatitudeDegrees>47.948312302</LatitudeDegrees>
							<LongitudeDegrees>7.795747654</LongitudeDegrees>
						</Position>
						<AltitudeMeters>482.00</AltitudeMeters>
						<DistanceMeters>5941.69</DistanceMeters>
						<HeartRateBpm>
							<Value>153</Value>
						</HeartRateBpm>
						<Extensions>
							<ns3:TPX>
								<ns3:Speed>1.60</ns3:Speed>
								<ns3:Watts>34</ns3:Watts>
							</ns3:TPX>
						</Extensions>
					</Trackpoint>
					<Trackpoint>
						<Time>2025-01-28T15:01:33.863Z</Time>
						<Position>
							<LatitudeDegrees>47.948307188</LatitudeDegrees>
							<LongitudeDegrees>7.795829392</LongitudeDegrees>
						</Position>
						<AltitudeMeters>482.59</AltitudeMeters>
						<DistanceMeters>5947.82</DistanceMeters>
						<HeartRateBpm>
							<Value>154</Value>
						</HeartRateBpm>
						<Extensions>
							<ns3:TPX>
								<ns3:Speed>1.44</ns3:Speed>
								<ns3:Watts>67</ns3:Watts>
							</ns3:TPX>
						</Extensions>
					</Trackpoint>
					<Trackpoint>
						<Time>2025-01-28T15:01:36.865Z</Time>
						<Position>
							<LatitudeDegrees>47.948276572</LatitudeDegrees>
							<LongitudeDegrees>7.795879430</LongitudeDegrees>
						</Position>
						<AltitudeMeters>484.86</AltitudeMeters>
						<DistanceMeters>5952.87</DistanceMeters>
						<HeartRateBpm>
							<Value>154</Value>
						</HeartRateBpm>
						<Extensions>
							<ns3:TPX>
								<ns3:Speed>1.46</ns3:Speed>
								<ns3:Watts>147</ns3:Watts>
							</ns3:TPX>
						</Extensions>
					</Trackpoint>
					<Trackpoint>
						<Time>2025-01-28T15:01:39.857Z</Time>
						<Position>
							<LatitudeDegrees>47.948255243</LatitudeDegrees>
							<LongitudeDegrees>7.795955641</LongitudeDegrees>
						</Position>
						<AltitudeMeters>484.65</AltitudeMeters>
						<DistanceMeters>5959.04</DistanceMeters>
						<HeartRateBpm>
							<Value>154</Value>
						</HeartRateBpm>
						<Extensions>
							<ns3:TPX>
								<ns3:Speed>1.73</ns3:Speed>
								<ns3:Watts>162</ns3:Watts>
							</ns3:TPX>
						</Extensions>
					</Trackpoint>
					<Trackpoint>
						<Time>2025-01-28T15:01:42.863Z</Time>
						<Position>
							<LatitudeDegrees>47.948224178</LatitudeDegrees>
							<LongitudeDegrees>7.796015133</LongitudeDegrees>
						</Position>
						<AltitudeMeters>485.09</AltitudeMeters>
						<DistanceMeters>5964.67</DistanceMeters>
						<HeartRateBpm>
							<Value>154</Value>
						</HeartRateBpm>
						<Extensions>
							<ns3:TPX>
								<ns3:Speed>1.51</ns3:Speed>
								<ns3:Watts>136</ns3:Watts>
							</ns3:TPX>
						</Extensions>
					</Trackpoint>
					<Trackpoint>
						<Time>2025-01-28T15:01:46.865Z</Time>
						<Position>
							<LatitudeDegrees>47.948200099</LatitudeDegrees>
							<LongitudeDegrees>7.796087089</LongitudeDegrees>
						</Position>
						<AltitudeMeters>488.25</AltitudeMeters>
						<DistanceMeters>5970.67</DistanceMeters>
						<HeartRateBpm>
							<Value>154</Value>
						</HeartRateBpm>
						<Extensions>
							<ns3:TPX>
								<ns3:Speed>1.50</ns3:Speed>
								<ns3:Watts>140</ns3:Watts>
							</ns3:TPX>
						</Extensions>
					</Trackpoint>
					<Trackpoint>
						<Time>2025-01-28T15:01:49.864Z</Time>
						<Position>
							<LatitudeDegrees>47.948170527</LatitudeDegrees>
							<LongitudeDegrees>7.796147984</LongitudeDegrees>
						</Position>
						<AltitudeMeters>488.15</AltitudeMeters>
						<DistanceMeters>5976.29</DistanceMeters>
						<HeartRateBpm>
							<Value>153</Value>
						</HeartRateBpm>
						<Extensions>
							<ns3:TPX>
								<ns3:Speed>1.39</ns3:Speed>
								<ns3:Watts>27</ns3:Watts>
							</ns3:TPX>
						</Extensions>
					</Trackpoint>
					<Trackpoint>
						<Time>2025-01-28T15:01:52.864Z</Time>
						<Position>
							<LatitudeDegrees>47.948126075</LatitudeDegrees>
							<LongitudeDegrees>7.796191163</LongitudeDegrees>
						</Position>
						<AltitudeMeters>485.85</AltitudeMeters>
						<DistanceMeters>5982.19</DistanceMeters>
						<HeartRateBpm>
							<Value>154</Value>
						</HeartRateBpm>
						<Extensions>
							<ns3:TPX>
								<ns3:Speed>1.45</ns3:Speed>
							</ns3:TPX>
						</Extensions>
					</Trackpoint>
					<Trackpoint>
						<Time>2025-01-28T15:01:55.864Z</Time>
						<Position>
							<LatitudeDegrees>47.948070514</LatitudeDegrees>
							<LongitudeDegrees>7.796229999</LongitudeDegrees>
						</Position>
						<AltitudeMeters>486.98</AltitudeMeters>
						<DistanceMeters>5989.01</DistanceMeters>
						<HeartRateBpm>
							<Value>154</Value>
						</HeartRateBpm>
						<Extensions>
							<ns3:TPX>
								<ns3:Speed>1.48</ns3:Speed>
								<ns3:Watts>3</ns3:Watts>
							</ns3:TPX>
						</Extensions>
					</Trackpoint>
					<Trackpoint>
						<Time>2025-01-28T15:01:58.864Z</Time>
						<Position>
							<LatitudeDegrees>47.948026106</LatitudeDegrees>
							<LongitudeDegrees>7.796289790</LongitudeDegrees>
						</Position>
						<AltitudeMeters>486.23</AltitudeMeters>
						<DistanceMeters>5995.67</DistanceMeters>
						<HeartRateBpm>
							<Value>154</Value>
						</HeartRateBpm>
						<Extensions>
							<ns3:TPX>
								<ns3:Speed>1.68</ns3:Speed>
								<ns3:Watts>44</ns3:Watts>
							</ns3:TPX>
						</Extensions>
					</Trackpoint>
					<Trackpoint>
						<Time>2025-01-28T15:02:00.865Z</Time>
						<Position>
							<LatitudeDegrees>47.947978033</LatitudeDegrees>
							<LongitudeDegrees>7.796303454</LongitudeDegrees>
						</Position>
						<AltitudeMeters>487.00</AltitudeMeters>
						<DistanceMeters>6001.11</DistanceMeters>
						<HeartRateBpm>
							<Value>154</Value>
						</HeartRateBpm>
						<Extensions>
							<ns3:TPX>
								<ns3:Speed>1.81</ns3:Speed>
								<ns3:Watts>81</ns3:Watts>
							</ns3:TPX>
						</Extensions>
					</Trackpoint>
					<Trackpoint>
						<Time>2025-01-28T15:02:03.863Z</Time>
						<Position>
							<LatitudeDegrees>47.947931509</LatitudeDegrees>
							<LongitudeDegrees>7.796369145</LongitudeDegrees>
						</Position>
						<AltitudeMeters>486.12</AltitudeMeters>
						<DistanceMeters>6008.24</DistanceMeters>
						<HeartRateBpm>
							<Value>155</Value>
						</HeartRateBpm>
						<Extensions>
							<ns3:TPX>
								<ns3:Speed>1.35</ns3:Speed>
								<ns3:Watts>154</ns3:Watts>
							</ns3:TPX>
						</Extensions>
					</Trackpoint>
					<Trackpoint>
						<Time>2025-01-28T15:02:06.863Z</Time>
						<Position>
							<LatitudeDegrees>47.947893646</LatitudeDegrees>
							<LongitudeDegrees>7.796420870</LongitudeDegrees>
						</Position>
						<AltitudeMeters>489.40</AltitudeMeters>
						<DistanceMeters>6013.96</DistanceMeters>
						<HeartRateBpm>
							<Value>155</Value>
						</HeartRateBpm>
						<Extensions>
							<ns3:TPX>
								<ns3:Speed>1.41</ns3:Speed>
								<ns3:Watts>200</ns3:Watts>
							</ns3:TPX>
						</Extensions>
					</Trackpoint>
					<Trackpoint>
						<Time>2025-01-28T15:02:09.864Z</Time>
						<Position>
							<LatitudeDegrees>47.947852404</LatitudeDegrees>
							<LongitudeDegrees>7.796467364</LongitudeDegrees>
						</Position>
						<AltitudeMeters>487.82</AltitudeMeters>
						<DistanceMeters>6019.71</DistanceMeters>
						<HeartRateBpm>
							<Value>155</Value>
						</HeartRateBpm>
						<Extensions>
							<ns3:TPX>
								<ns3:Speed>1.53</ns3:Speed>
								<ns3:Watts>186</ns3:Watts>
							</ns3:TPX>
						</Extensions>
					</Trackpoint>
					<Trackpoint>
						<Time>2025-01-28T15:02:12.863Z</Time>
						<Position>
							<LatitudeDegrees>47.947802339</LatitudeDegrees>
							<LongitudeDegrees>7.796500390</LongitudeDegrees>
						</Position>
						<AltitudeMeters>487.50</AltitudeMeters>
						<DistanceMeters>6025.80</DistanceMeters>
						<HeartRateBpm>
							<Value>154</Value>
						</HeartRateBpm>
						<Extensions>
							<ns3:TPX>
								<ns3:Speed>1.54</ns3:Speed>
								<ns3:Watts>235</ns3:Watts>
							</ns3:TPX>
						</Extensions>
					</Trackpoint>
					<Trackpoint>
						<Time>2025-01-28T15:02:15.858Z</Time>
						<Position>
							<LatitudeDegrees>47.947755366</LatitudeDegrees>
							<LongitudeDegrees>7.796544271</LongitudeDegrees>
						</Position>
						<AltitudeMeters>488.38</AltitudeMeters>
						<DistanceMeters>6031.96</DistanceMeters>
						<HeartRateBpm>
							<Value>155</Value>
						</HeartRateBpm>
						<Extensions>
							<ns3:TPX>
								<ns3:Speed>1.83</ns3:Speed>
								<ns3:Watts>268</ns3:Watts>
							</ns3:TPX>
						</Extensions>
					</Trackpoint>
					<Trackpoint>
						<Time>2025-01-28T15:02:18.864Z</Time>
						<Position>
							<LatitudeDegrees>47.947715686</LatitudeDegrees>
							<LongitudeDegrees>7.796609975</LongitudeDegrees>
						</Position>
						<AltitudeMeters>488.35</AltitudeMeters>
						<DistanceMeters>6038.56</DistanceMeters>
						<HeartRateBpm>
							<Value>156</Value>
						</HeartRateBpm>
						<Extensions>
							<ns3:TPX>
								<ns3:Speed>1.85</ns3:Speed>
								<ns3:Watts>218</ns3:Watts>
							</ns3:TPX>
						</Extensions>
					</Trackpoint>
					<Trackpoint>
						<Time>2025-01-28T15:02:21.858Z</Time>
						<Position>
							<LatitudeDegrees>47.947703676</LatitudeDegrees>
							<LongitudeDegrees>7.796684430</LongitudeDegrees>
						</Position>
						<AltitudeMeters>488.89</AltitudeMeters>
						<DistanceMeters>6044.28</DistanceMeters>
						<HeartRateBpm>
							<Value>156</Value>
						</HeartRateBpm>
						<Extensions>
							<ns3:TPX>
								<ns3:Speed>1.71</ns3:Speed>
								<ns3:Watts>181</ns3:Watts>
							</ns3:TPX>
						</Extensions>
					</Trackpoint>
					<Trackpoint>
						<Time>2025-01-28T15:02:24.864Z</Time>
						<Position>
							<LatitudeDegrees>47.947732072</LatitudeDegrees>
							<LongitudeDegrees>7.796747672</LongitudeDegrees>
						</Position>
						<AltitudeMeters>489.63</AltitudeMeters>
						<DistanceMeters>6049.97</DistanceMeters>
						<HeartRateBpm>
							<Value>157</Value>
						</HeartRateBpm>
						<Extensions>
							<ns3:TPX>
								<ns3:Speed>1.44</ns3:Speed>
								<ns3:Watts>145</ns3:Watts>
							</ns3:TPX>
						</Extensions>
					</Trackpoint>
					<Trackpoint>
						<Time>2025-01-28T15:02:28.866Z</Time>
						<Position>
							<LatitudeDegrees>47.947678255</LatitudeDegrees>
							<LongitudeDegrees>7.796764787</LongitudeDegrees>
						</Position>
						<AltitudeMeters>490.26</AltitudeMeters>
						<DistanceMeters>6056.09</DistanceMeters>
						<HeartRateBpm>
							<Value>158</Value>
						</HeartRateBpm>
						<Extensions>
							<ns3:TPX>
								<ns3:Speed>1.30</ns3:Speed>
								<ns3:Watts>112</ns3:Watts>
							</ns3:TPX>
						</Extensions>
					</Trackpoint>
					<Trackpoint>
						<Time>2025-01-28T15:02:32.863Z</Time>
						<Position>
							<LatitudeDegrees>47.947637168</LatitudeDegrees>
							<LongitudeDegrees>7.796812253</LongitudeDegrees>
						</Position>
						<AltitudeMeters>489.65</AltitudeMeters>
						<DistanceMeters>6061.87</DistanceMeters>
						<HeartRateBpm>
							<Value>159</Value>
						</HeartRateBpm>
						<Extensions>
							<ns3:TPX>
								<ns3:Speed>1.45</ns3:Speed>
								<ns3:Watts>97</ns3:Watts>
							</ns3:TPX>
						</Extensions>
					</Trackpoint>
					<Trackpoint>
						<Time>2025-01-28T15:02:37.863Z</Time>
						<Position>
							<LatitudeDegrees>47.947602800</LatitudeDegrees>
							<LongitudeDegrees>7.796881714</LongitudeDegrees>
						</Position>
						<AltitudeMeters>490.60</AltitudeMeters>
						<DistanceMeters>6068.31</DistanceMeters>
						<HeartRateBpm>
							<Value>160</Value>
						</HeartRateBpm>
						<Extensions>
							<ns3:TPX>
								<ns3:Speed>1.73</ns3:Speed>
								<ns3:Watts>160</ns3:Watts>
							</ns3:TPX>
						</Extensions>
					</Trackpoint>
					<Trackpoint>
						<Time>2025-01-28T15:02:41.859Z</Time>
						<Position>
							<LatitudeDegrees>47.947568214</LatitudeDegrees>
							<LongitudeDegrees>7.796944690</LongitudeDegrees>
						</Position>
						<AltitudeMeters>489.79</AltitudeMeters>
						<DistanceMeters>6074.39</DistanceMeters>
						<HeartRateBpm>
							<Value>160</Value>
						</HeartRateBpm>
						<Extensions>
							<ns3:TPX>
								<ns3:Speed>1.81</ns3:Speed>
								<ns3:Watts>98</ns3:Watts>
							</ns3:TPX>
						</Extensions>
					</Trackpoint>
					<Trackpoint>
						<Time>2025-01-28T15:02:45.863Z</Time>
						<Position>
							<LatitudeDegrees>47.947535351</LatitudeDegrees>
							<LongitudeDegrees>7.797001415</LongitudeDegrees>
						</Position>
						<AltitudeMeters>489.36</AltitudeMeters>
						<DistanceMeters>6079.98</DistanceMeters>
						<HeartRateBpm>
							<Value>161</Value>
						</HeartRateBpm>
						<Extensions>
							<ns3:TPX>
								<ns3:Speed>1.84</ns3:Speed>
								<ns3:Watts>3</ns3:Watts>
							</ns3:TPX>
						</Extensions>
					</Trackpoint>
					<Trackpoint>
						<Time>2025-01-28T15:02:48.859Z</Time>
						<Position>
							<LatitudeDegrees>47.947506567</LatitudeDegrees>
							<LongitudeDegrees>7.797055623</LongitudeDegrees>
						</Position>
						<AltitudeMeters>488.91</AltitudeMeters>
						<DistanceMeters>6085.15</DistanceMeters>
						<HeartRateBpm>
							<Value>161</Value>
						</HeartRateBpm>
						<Extensions>
							<ns3:TPX>
								<ns3:Speed>1.82</ns3:Speed>
							</ns3:TPX>
						</Extensions>
					</Trackpoint>
					<Trackpoint>
						<Time>2025-01-28T15:02:52.860Z</Time>
						<Position>
							<LatitudeDegrees>47.947467120</LatitudeDegrees>
							<LongitudeDegrees>7.797119510</LongitudeDegrees>
						</Position>
						<AltitudeMeters>489.87</AltitudeMeters>
						<DistanceMeters>6091.63</DistanceMeters>
						<HeartRateBpm>
							<Value>162</Value>
						</HeartRateBpm>
						<Extensions>
							<ns3:TPX>
								<ns3:Speed>1.76</ns3:Speed>
								<ns3:Watts>47</ns3:Watts>
							</ns3:TPX>
						</Extensions>
					</Trackpoint>
					<Trackpoint>
						<Time>2025-01-28T15:02:55.860Z</Time>
						<Position>
							<LatitudeDegrees>47.947455763</LatitudeDegrees>
							<LongitudeDegrees>7.797200417</LongitudeDegrees>
						</Position>
						<AltitudeMeters>487.46</AltitudeMeters>
						<DistanceMeters>6097.80</DistanceMeters>
						<HeartRateBpm>
							<Value>162</Value>
						</HeartRateBpm>
						<Extensions>
							<ns3:TPX>
								<ns3:Speed>1.76</ns3:Speed>
								<ns3:Watts>106</ns3:Watts>
							</ns3:TPX>
						</Extensions>
					</Trackpoint>
					<Trackpoint>
						<Time>2025-01-28T15:02:58.858Z</Time>
						<Position>
							<LatitudeDegrees>47.947426279</LatitudeDegrees>
							<LongitudeDegrees>7.797268799</LongitudeDegrees>
						</Position>
						<AltitudeMeters>488.93</AltitudeMeters>
						<DistanceMeters>6103.87</DistanceMeters>
						<HeartRateBpm>
							<Value>162</Value>
						</HeartRateBpm>
						<Extensions>
							<ns3:TPX>
								<ns3:Speed>1.74</ns3:Speed>
								<ns3:Watts>156</ns3:Watts>
							</ns3:TPX>
						</Extensions>
					</Trackpoint>
					<Trackpoint>
						<Time>2025-01-28T15:03:01.859Z</Time>
						<Position>
							<LatitudeDegrees>47.947424508</LatitudeDegrees>
							<LongitudeDegrees>7.797345151</LongitudeDegrees>
						</Position>
						<AltitudeMeters>490.10</AltitudeMeters>
						<DistanceMeters>6109.58</DistanceMeters>
						<HeartRateBpm>
							<Value>162</Value>
						</HeartRateBpm>
						<Extensions>
							<ns3:TPX>
								<ns3:Speed>1.72</ns3:Speed>
								<ns3:Watts>108</ns3:Watts>
							</ns3:TPX>
						</Extensions>
					</Trackpoint>
					<Trackpoint>
						<Time>2025-01-28T15:03:04.859Z</Time>
						<Position>
							<LatitudeDegrees>47.947398444</LatitudeDegrees>
							<LongitudeDegrees>7.797400913</LongitudeDegrees>
						</Position>
						<AltitudeMeters>489.25</AltitudeMeters>
						<DistanceMeters>6114.65</DistanceMeters>
						<HeartRateBpm>
							<Value>162</Value>
						</HeartRateBpm>
						<Extensions>
							<ns3:TPX>
								<ns3:Speed>1.71</ns3:Speed>
								<ns3:Watts>66</ns3:Watts>
							</ns3:TPX>
						</Extensions>
					</Trackpoint>
					<Trackpoint>
						<Time>2025-01-28T15:03:08.861Z</Time>
						<Position>
							<LatitudeDegrees>47.947368150</LatitudeDegrees>
							<LongitudeDegrees>7.797475296</LongitudeDegrees>
						</Position>
						<AltitudeMeters>489.92</AltitudeMeters>
						<DistanceMeters>6121.15</DistanceMeters>
						<HeartRateBpm>
							<Value>162</Value>
						</HeartRateBpm>
						<Extensions>
							<ns3:TPX>
								<ns3:Speed>1.74</ns3:Speed>
								<ns3:Watts>108</ns3:Watts>
							</ns3:TPX>
						</Extensions>
					</Trackpoint>
					<Trackpoint>
						<Time>2025-01-28T15:03:12.861Z</Time>
						<Position>
							<LatitudeDegrees>47.947359981</LatitudeDegrees>
							<LongitudeDegrees>7.797563334</LongitudeDegrees>
						</Position>
						<AltitudeMeters>490.42</AltitudeMeters>
						<DistanceMeters>6127.79</DistanceMeters>
						<HeartRateBpm>
							<Value>162</Value>
						</HeartRateBpm>
						<Extensions>
							<ns3:TPX>
								<ns3:Speed>1.75</ns3:Speed>
							</ns3:TPX>
						</Extensions>
					</Trackpoint>
					<Trackpoint>
						<Time>2025-01-28T15:03:15.863Z</Time>
						<Position>
							<LatitudeDegrees>47.947306528</LatitudeDegrees>
							<LongitudeDegrees>7.797580068</LongitudeDegrees>
						</Position>
						<AltitudeMeters>489.74</AltitudeMeters>
						<DistanceMeters>6133.86</DistanceMeters>
						<HeartRateBpm>
							<Value>162</Value>
						</HeartRateBpm>
						<Extensions>
							<ns3:TPX>
								<ns3:Speed>1.96</ns3:Speed>
							</ns3:TPX>
						</Extensions>
					</Trackpoint>
					<Trackpoint>
						<Time>2025-01-28T15:03:18.861Z</Time>
						<Position>
							<LatitudeDegrees>47.947254548</LatitudeDegrees>
							<LongitudeDegrees>7.797510667</LongitudeDegrees>
						</Position>
						<AltitudeMeters>488.95</AltitudeMeters>
						<DistanceMeters>6141.63</DistanceMeters>
						<HeartRateBpm>
							<Value>163</Value>
						</HeartRateBpm>
						<Extensions>
							<ns3:TPX>
								<ns3:Speed>1.91</ns3:Speed>
							</ns3:TPX>
						</Extensions>
					</Trackpoint>
					<Trackpoint>
						<Time>2025-01-28T15:03:20.860Z</Time>
						<Position>
							<LatitudeDegrees>47.947220386</LatitudeDegrees>
							<LongitudeDegrees>7.797456369</LongitudeDegrees>
						</Position>
						<AltitudeMeters>487.12</AltitudeMeters>
						<DistanceMeters>6147.18</DistanceMeters>
						<HeartRateBpm>
							<Value>162</Value>
						</HeartRateBpm>
						<Extensions>
							<ns3:TPX>
								<ns3:Speed>6.61</ns3:Speed>
							</ns3:TPX>
						</Extensions>
					</Trackpoint>
					<Trackpoint>
						<Time>2025-01-28T15:03:22.861Z</Time>
						<Position>
							<LatitudeDegrees>47.947084450</LatitudeDegrees>
							<LongitudeDegrees>7.797298208</LongitudeDegrees>
						</Position>
						<AltitudeMeters>481.26</AltitudeMeters>
						<DistanceMeters>6166.37</DistanceMeters>
						<HeartRateBpm>
							<Value>163</Value>
						</HeartRateBpm>
						<Extensions>
							<ns3:TPX>
								<ns3:Speed>6.81</ns3:Speed>
							</ns3:TPX>
						</Extensions>
					</Trackpoint>
					<Trackpoint>
						<Time>2025-01-28T15:03:24.862Z</Time>
						<Position>
							<LatitudeDegrees>47.946994841</LatitudeDegrees>
							<LongitudeDegrees>7.797144054</LongitudeDegrees>
						</Position>
						<AltitudeMeters>478.61</AltitudeMeters>
						<DistanceMeters>6181.60</DistanceMeters>
						<HeartRateBpm>
							<Value>162</Value>
						</HeartRateBpm>
						<Extensions>
							<ns3:TPX>
								<ns3:Speed>7.23</ns3:Speed>
							</ns3:TPX>
						</Extensions>
					</Trackpoint>
					<Trackpoint>
						<Time>2025-01-28T15:03:26.860Z</Time>
						<Position>
							<LatitudeDegrees>47.946906687</LatitudeDegrees>
							<LongitudeDegrees>7.796976533</LongitudeDegrees>
						</Position>
						<AltitudeMeters>476.10</AltitudeMeters>
						<DistanceMeters>6197.49</DistanceMeters>
						<HeartRateBpm>
							<Value>162</Value>
						</HeartRateBpm>
						<Extensions>
							<ns3:TPX>
								<ns3:Speed>7.69</ns3:Speed>
							</ns3:TPX>
						</Extensions>
					</Trackpoint>
					<Trackpoint>
						<Time>2025-01-28T15:03:28.863Z</Time>
						<Position>
							<LatitudeDegrees>47.946809984</LatitudeDegrees>
							<LongitudeDegrees>7.796764521</LongitudeDegrees>
						</Position>
						<AltitudeMeters>471.53</AltitudeMeters>
						<DistanceMeters>6216.63</DistanceMeters>
						<HeartRateBpm>
							<Value>161</Value>
						</HeartRateBpm>
						<Extensions>
							<ns3:TPX>
								<ns3:Speed>7.68</ns3:Speed>
							</ns3:TPX>
						</Extensions>
					</Trackpoint>
					<Trackpoint>
						<Time>2025-01-28T15:03:29.861Z</Time>
						<Position>
							<LatitudeDegrees>47.946764128</LatitudeDegrees>
							<LongitudeDegrees>7.796674602</LongitudeDegrees>
						</Position>
						<AltitudeMeters>469.74</AltitudeMeters>
						<DistanceMeters>6225.07</DistanceMeters>
						<HeartRateBpm>
							<Value>161</Value>
						</HeartRateBpm>
						<Extensions>
							<ns3:TPX>
								<ns3:Speed>7.53</ns3:Speed>
							</ns3:TPX>
						</Extensions>
					</Trackpoint>
					<Trackpoint>
						<Time>2025-01-28T15:03:30.863Z</Time>
						<Position>
							<LatitudeDegrees>47.946710483</LatitudeDegrees>
							<LongitudeDegrees>7.796614889</LongitudeDegrees>
						</Position>
						<AltitudeMeters>468.85</AltitudeMeters>
						<DistanceMeters>6232.51</DistanceMeters>
						<HeartRateBpm>
							<Value>161</Value>
						</HeartRateBpm>
						<Extensions>
							<ns3:TPX>
								<ns3:Speed>7.10</ns3:Speed>
							</ns3:TPX>
						</Extensions>
					</Trackpoint>
					<Trackpoint>
						<Time>2025-01-28T15:03:31.857Z</Time>
						<Position>
							<LatitudeDegrees>47.946666891</LatitudeDegrees>
							<LongitudeDegrees>7.796550432</LongitudeDegrees>
						</Position>
						<AltitudeMeters>468.12</AltitudeMeters>
						<DistanceMeters>6239.35</DistanceMeters>
						<HeartRateBpm>
							<Value>161</Value>
						</HeartRateBpm>
						<Extensions>
							<ns3:TPX>
								<ns3:Speed>7.10</ns3:Speed>
							</ns3:TPX>
						</Extensions>
					</Trackpoint>
					<Trackpoint>
						<Time>2025-01-28T15:03:32.858Z</Time>
						<Position>
							<LatitudeDegrees>47.946629183</LatitudeDegrees>
							<LongitudeDegrees>7.796478778</LongitudeDegrees>
						</Position>
						<AltitudeMeters>466.81</AltitudeMeters>
						<DistanceMeters>6246.15</DistanceMeters>
						<HeartRateBpm>
							<Value>161</Value>
						</HeartRateBpm>
						<Extensions>
							<ns3:TPX>
								<ns3:Speed>7.18</ns3:Speed>
							</ns3:TPX>
						</Extensions>
					</Trackpoint>
					<Trackpoint>
						<Time>2025-01-28T15:03:33.862Z</Time>
						<Position>
							<LatitudeDegrees>47.946572665</LatitudeDegrees>
							<LongitudeDegrees>7.796433697</LongitudeDegrees>
						</Position>
						<AltitudeMeters>466.49</AltitudeMeters>
						<DistanceMeters>6253.28</DistanceMeters>
						<HeartRateBpm>
							<Value>161</Value>
						</HeartRateBpm>
						<Extensions>
							<ns3:TPX>
								<ns3:Speed>7.72</ns3:Speed>
							</ns3:TPX>
						</Extensions>
					</Trackpoint>
					<Trackpoint>
						<Time>2025-01-28T15:03:34.863Z</Time>
						<Position>
							<LatitudeDegrees>47.946535467</LatitudeDegrees>
							<LongitudeDegrees>7.796345280</LongitudeDegrees>
						</Position>
						<AltitudeMeters>466.05</AltitudeMeters>
						<DistanceMeters>6261.07</DistanceMeters>
						<HeartRateBpm>
							<Value>161</Value>
						</HeartRateBpm>
						<Extensions>
							<ns3:TPX>
								<ns3:Speed>8.20</ns3:Speed>
							</ns3:TPX>
						</Extensions>
					</Trackpoint>
					<Trackpoint>
						<Time>2025-01-28T15:03:35.863Z</Time>
						<Position>
							<LatitudeDegrees>47.946477380</LatitudeDegrees>
							<LongitudeDegrees>7.796265414</LongitudeDegrees>
						</Position>
						<AltitudeMeters>465.43</AltitudeMeters>
						<DistanceMeters>6269.86</DistanceMeters>
						<HeartRateBpm>
							<Value>160</Value>
						</HeartRateBpm>
						<Extensions>
							<ns3:TPX>
								<ns3:Speed>8.71</ns3:Speed>
							</ns3:TPX>
						</Extensions>
					</Trackpoint>
					<Trackpoint>
						<Time>2025-01-28T15:03:36.863Z</Time>
						<Position>
							<LatitudeDegrees>47.946422179</LatitudeDegrees>
							<LongitudeDegrees>7.796184307</LongitudeDegrees>
						</Position>
						<AltitudeMeters>463.51</AltitudeMeters>
						<DistanceMeters>6278.49</DistanceMeters>
						<HeartRateBpm>
							<Value>160</Value>
						</HeartRateBpm>
						<Extensions>
							<ns3:TPX>
								<ns3:Speed>8.98</ns3:Speed>
							</ns3:TPX>
						</Extensions>
					</Trackpoint>
					<Trackpoint>
						<Time>2025-01-28T15:03:37.857Z</Time>
						<Position>
							<LatitudeDegrees>47.946367812</LatitudeDegrees>
							<LongitudeDegrees>7.796097766</LongitudeDegrees>
						</Position>
						<AltitudeMeters>461.49</AltitudeMeters>
						<DistanceMeters>6287.34</DistanceMeters>
						<HeartRateBpm>
							<Value>160</Value>
						</HeartRateBpm>
						<Extensions>
							<ns3:TPX>
								<ns3:Speed>8.96</ns3:Speed>
							</ns3:TPX>
						</Extensions>
					</Trackpoint>
					<Trackpoint>
						<Time>2025-01-28T15:03:38.863Z</Time>
						<Position>
							<LatitudeDegrees>47.946311438</LatitudeDegrees>
							<LongitudeDegrees>7.796011711</LongitudeDegrees>
						</Position>
						<AltitudeMeters>460.46</AltitudeMeters>
						<DistanceMeters>6296.31</DistanceMeters>
						<HeartRateBpm>
							<Value>160</Value>
						</HeartRateBpm>
						<Extensions>
							<ns3:TPX>
								<ns3:Speed>9.03</ns3:Speed>
							</ns3:TPX>
						</Extensions>
					</Trackpoint>
					<Trackpoint>
						<Time>2025-01-28T15:03:39.859Z</Time>
						<Position>
							<LatitudeDegrees>47.946250142</LatitudeDegrees>
							<LongitudeDegrees>7.795934130</LongitudeDegrees>
						</Position>
						<AltitudeMeters>459.41</AltitudeMeters>
						<DistanceMeters>6305.26</DistanceMeters>
						<HeartRateBpm>
							<Value>160</Value>
						</HeartRateBpm>
						<Extensions>
							<ns3:TPX>
								<ns3:Speed>9.35</ns3:Speed>
							</ns3:TPX>
						</Extensions>
					</Trackpoint>
					<Trackpoint>
						<Time>2025-01-28T15:03:40.862Z</Time>
						<Position>
							<LatitudeDegrees>47.946200816</LatitudeDegrees>
							<LongitudeDegrees>7.795841638</LongitudeDegrees>
						</Position>
						<AltitudeMeters>457.34</AltitudeMeters>
						<DistanceMeters>6314.08</DistanceMeters>
						<HeartRateBpm>
							<Value>160</Value>
						</HeartRateBpm>
						<Extensions>
							<ns3:TPX>
								<ns3:Speed>9.57</ns3:Speed>
							</ns3:TPX>
						</Extensions>
					</Trackpoint>
					<Trackpoint>
						<Time>2025-01-28T15:03:41.864Z</Time>
						<Position>
							<LatitudeDegrees>47.946144620</LatitudeDegrees>
							<LongitudeDegrees>7.795761702</LongitudeDegrees>
						</Position>
						<AltitudeMeters>455.58</AltitudeMeters>
						<DistanceMeters>6322.72</DistanceMeters>
						<HeartRateBpm>
							<Value>160</Value>
						</HeartRateBpm>
						<Extensions>
							<ns3:TPX>
								<ns3:Speed>9.50</ns3:Speed>
							</ns3:TPX>
						</Extensions>
					</Trackpoint>
					<Trackpoint>
						<Time>2025-01-28T15:03:42.863Z</Time>
						<Position>
							<LatitudeDegrees>47.946086543</LatitudeDegrees>
							<LongitudeDegrees>7.795662765</LongitudeDegrees>
						</Position>
						<AltitudeMeters>453.60</AltitudeMeters>
						<DistanceMeters>6332.54</DistanceMeters>
						<HeartRateBpm>
							<Value>159</Value>
						</HeartRateBpm>
						<Extensions>
							<ns3:TPX>
								<ns3:Speed>9.50</ns3:Speed>
							</ns3:TPX>
						</Extensions>
					</Trackpoint>
					<Trackpoint>
						<Time>2025-01-28T15:03:43.864Z</Time>
						<Position>
							<LatitudeDegrees>47.946028142</LatitudeDegrees>
							<LongitudeDegrees>7.795564953</LongitudeDegrees>
						</Position>
						<AltitudeMeters>452.72</AltitudeMeters>
						<DistanceMeters>6342.31</DistanceMeters>
						<HeartRateBpm>
							<Value>159</Value>
						</HeartRateBpm>
						<Extensions>
							<ns3:TPX>
								<ns3:Speed>8.81</ns3:Speed>
							</ns3:TPX>
						</Extensions>
					</Trackpoint>
					<Trackpoint>
						<Time>2025-01-28T15:03:44.862Z</Time>
						<Position>
							<LatitudeDegrees>47.945979952</LatitudeDegrees>
							<LongitudeDegrees>7.795453212</LongitudeDegrees>
						</Position>
						<AltitudeMeters>451.51</AltitudeMeters>
						<DistanceMeters>6352.23</DistanceMeters>
						<HeartRateBpm>
							<Value>159</Value>
						</HeartRateBpm>
						<Extensions>
							<ns3:TPX>
								<ns3:Speed>7.61</ns3:Speed>
							</ns3:TPX>
						</Extensions>
					</Trackpoint>
					<Trackpoint>
						<Time>2025-01-28T15:03:45.859Z</Time>
						<Position>
							<LatitudeDegrees>47.945926720</LatitudeDegrees>
							<LongitudeDegrees>7.795373383</LongitudeDegrees>
						</Position>
						<AltitudeMeters>450.16</AltitudeMeters>
						<DistanceMeters>6360.63</DistanceMeters>
						<HeartRateBpm>
							<Value>158</Value>
						</HeartRateBpm>
						<Extensions>
							<ns3:TPX>
								<ns3:Speed>6.49</ns3:Speed>
							</ns3:TPX>
						</Extensions>
					</Trackpoint>
					<Trackpoint>
						<Time>2025-01-28T15:03:46.860Z</Time>
						<Position>
							<LatitudeDegrees>47.945875575</LatitudeDegrees>
							<LongitudeDegrees>7.795326358</LongitudeDegrees>
						</Position>
						<AltitudeMeters>449.05</AltitudeMeters>
						<DistanceMeters>6367.32</DistanceMeters>
						<HeartRateBpm>
							<Value>158</Value>
						</HeartRateBpm>
						<Extensions>
							<ns3:TPX>
								<ns3:Speed>6.38</ns3:Speed>
							</ns3:TPX>
						</Extensions>
					</Trackpoint>
					<Trackpoint>
						<Time>2025-01-28T15:03:47.861Z</Time>
						<Position>
							<LatitudeDegrees>47.945844326</LatitudeDegrees>
							<LongitudeDegrees>7.795268212</LongitudeDegrees>
						</Position>
						<AltitudeMeters>447.91</AltitudeMeters>
						<DistanceMeters>6372.88</DistanceMeters>
						<HeartRateBpm>
							<Value>158</Value>
						</HeartRateBpm>
						<Extensions>
							<ns3:TPX>
								<ns3:Speed>6.72</ns3:Speed>
							</ns3:TPX>
						</Extensions>
					</Trackpoint>
					<Trackpoint>
						<Time>2025-01-28T15:03:48.863Z</Time>
						<Position>
							<LatitudeDegrees>47.945809177</LatitudeDegrees>
							<LongitudeDegrees>7.795202570</LongitudeDegrees>
						</Position>
						<AltitudeMeters>446.84</AltitudeMeters>
						<DistanceMeters>6379.15</DistanceMeters>
						<HeartRateBpm>
							<Value>158</Value>
						</HeartRateBpm>
						<Extensions>
							<ns3:TPX>
								<ns3:Speed>6.57</ns3:Speed>
							</ns3:TPX>
						</Extensions>
					</Trackpoint>
					<Trackpoint>
						<Time>2025-01-28T15:03:49.862Z</Time>
						<Position>
							<LatitudeDegrees>47.945772887</LatitudeDegrees>
							<LongitudeDegrees>7.795123768</LongitudeDegrees>
						</Position>
						<AltitudeMeters>445.33</AltitudeMeters>
						<DistanceMeters>6386.29</DistanceMeters>
						<HeartRateBpm>
							<Value>157</Value>
						</HeartRateBpm>
						<Extensions>
							<ns3:TPX>
								<ns3:Speed>6.52</ns3:Speed>
							</ns3:TPX>
						</Extensions>
					</Trackpoint>
					<Trackpoint>
						<Time>2025-01-28T15:03:50.863Z</Time>
						<Position>
							<LatitudeDegrees>47.945726360</LatitudeDegrees>
							<LongitudeDegrees>7.795069598</LongitudeDegrees>
						</Position>
						<AltitudeMeters>444.99</AltitudeMeters>
						<DistanceMeters>6392.86</DistanceMeters>
						<HeartRateBpm>
							<Value>157</Value>
						</HeartRateBpm>
						<Extensions>
							<ns3:TPX>
								<ns3:Speed>6.94</ns3:Speed>
							</ns3:TPX>
						</Extensions>
					</Trackpoint>
					<Trackpoint>
						<Time>2025-01-28T15:03:51.862Z</Time>
						<Position>
							<LatitudeDegrees>47.945686495</LatitudeDegrees>
							<LongitudeDegrees>7.795007678</LongitudeDegrees>
						</Position>
						<AltitudeMeters>444.47</AltitudeMeters>
						<DistanceMeters>6399.26</DistanceMeters>
						<HeartRateBpm>
							<Value>157</Value>
						</HeartRateBpm>
						<Extensions>
							<ns3:TPX>
								<ns3:Speed>7.34</ns3:Speed>
							</ns3:TPX>
						</Extensions>
					</Trackpoint>
					<Trackpoint>
						<Time>2025-01-28T15:03:52.860Z</Time>
						<Position>
							<LatitudeDegrees>47.945637008</LatitudeDegrees>
							<LongitudeDegrees>7.794944088</LongitudeDegrees>
						</Position>
						<AltitudeMeters>443.58</AltitudeMeters>
						<DistanceMeters>6406.53</DistanceMeters>
						<HeartRateBpm>
							<Value>157</Value>
						</HeartRateBpm>
						<Extensions>
							<ns3:TPX>
								<ns3:Speed>7.68</ns3:Speed>
							</ns3:TPX>
						</Extensions>
					</Trackpoint>
					<Trackpoint>
						<Time>2025-01-28T15:03:53.863Z</Time>
						<Position>
							<LatitudeDegrees>47.945582978</LatitudeDegrees>
							<LongitudeDegrees>7.794880470</LongitudeDegrees>
						</Position>
						<AltitudeMeters>443.24</AltitudeMeters>
						<DistanceMeters>6414.19</DistanceMeters>
						<HeartRateBpm>
							<Value>157</Value>
						</HeartRateBpm>
						<Extensions>
							<ns3:TPX>
								<ns3:Speed>8.27</ns3:Speed>
							</ns3:TPX>
						</Extensions>
					</Trackpoint>
					<Trackpoint>
						<Time>2025-01-28T15:03:54.860Z</Time>
						<Position>
							<LatitudeDegrees>47.945534147</LatitudeDegrees>
							<LongitudeDegrees>7.794807048</LongitudeDegrees>
						</Position>
						<AltitudeMeters>442.35</AltitudeMeters>
						<DistanceMeters>6421.91</DistanceMeters>
						<HeartRateBpm>
							<Value>156</Value>
						</HeartRateBpm>
						<Extensions>
							<ns3:TPX>
								<ns3:Speed>8.11</ns3:Speed>
							</ns3:TPX>
						</Extensions>
					</Trackpoint>
					<Trackpoint>
						<Time>2025-01-28T15:03:55.862Z</Time>
						<Position>
							<LatitudeDegrees>47.945494181</LatitudeDegrees>
							<LongitudeDegrees>7.794698780</LongitudeDegrees>
						</Position>
						<AltitudeMeters>441.77</AltitudeMeters>
						<DistanceMeters>6431.14</DistanceMeters>
						<HeartRateBpm>
							<Value>156</Value>
						</HeartRateBpm>
						<Extensions>
							<ns3:TPX>
								<ns3:Speed>8.83</ns3:Speed>
							</ns3:TPX>
						</Extensions>
					</Trackpoint>
					<Trackpoint>
						<Time>2025-01-28T15:03:56.865Z</Time>
						<Position>
							<LatitudeDegrees>47.945450567</LatitudeDegrees>
							<LongitudeDegrees>7.794623603</LongitudeDegrees>
						</Position>
						<AltitudeMeters>440.80</AltitudeMeters>
						<DistanceMeters>6438.56</DistanceMeters>
						<HeartRateBpm>
							<Value>156</Value>
						</HeartRateBpm>
						<Extensions>
							<ns3:TPX>
								<ns3:Speed>8.89</ns3:Speed>
							</ns3:TPX>
						</Extensions>
					</Trackpoint>
					<Trackpoint>
						<Time>2025-01-28T15:03:57.864Z</Time>
						<Position>
							<LatitudeDegrees>47.945398087</LatitudeDegrees>
							<LongitudeDegrees>7.794517872</LongitudeDegrees>
						</Position>
						<AltitudeMeters>439.59</AltitudeMeters>
						<DistanceMeters>6448.38</DistanceMeters>
						<HeartRateBpm>
							<Value>155</Value>
						</HeartRateBpm>
						<Extensions>
							<ns3:TPX>
								<ns3:Speed>8.58</ns3:Speed>
							</ns3:TPX>
						</Extensions>
					</Trackpoint>
					<Trackpoint>
						<Time>2025-01-28T15:03:58.858Z</Time>
						<Position>
							<LatitudeDegrees>47.945350048</LatitudeDegrees>
							<LongitudeDegrees>7.794417989</LongitudeDegrees>
						</Position>
						<AltitudeMeters>438.57</AltitudeMeters>
						<DistanceMeters>6457.55</DistanceMeters>
						<HeartRateBpm>
							<Value>155</Value>
						</HeartRateBpm>
						<Extensions>
							<ns3:TPX>
								<ns3:Speed>7.82</ns3:Speed>
							</ns3:TPX>
						</Extensions>
					</Trackpoint>
					<Trackpoint>
						<Time>2025-01-28T15:03:59.862Z</Time>
						<Position>
							<LatitudeDegrees>47.945299638</LatitudeDegrees>
							<LongitudeDegrees>7.794329850</LongitudeDegrees>
						</Position>
						<AltitudeMeters>437.15</AltitudeMeters>
						<DistanceMeters>6466.20</DistanceMeters>
						<HeartRateBpm>
							<Value>155</Value>
						</HeartRateBpm>
						<Extensions>
							<ns3:TPX>
								<ns3:Speed>6.38</ns3:Speed>
							</ns3:TPX>
						</Extensions>
					</Trackpoint>
					<Trackpoint>
						<Time>2025-01-28T15:04:00.863Z</Time>
						<Position>
							<LatitudeDegrees>47.945253668</LatitudeDegrees>
							<LongitudeDegrees>7.794253188</LongitudeDegrees>
						</Position>
						<AltitudeMeters>435.73</AltitudeMeters>
						<DistanceMeters>6473.88</DistanceMeters>
						<HeartRateBpm>
							<Value>154</Value>
						</HeartRateBpm>
						<Extensions>
							<ns3:TPX>
								<ns3:Speed>5.38</ns3:Speed>
							</ns3:TPX>
						</Extensions>
					</Trackpoint>
					<Trackpoint>
						<Time>2025-01-28T15:04:01.862Z</Time>
						<Position>
							<LatitudeDegrees>47.945218043</LatitudeDegrees>
							<LongitudeDegrees>7.794203723</LongitudeDegrees>
						</Position>
						<AltitudeMeters>434.26</AltitudeMeters>
						<DistanceMeters>6479.29</DistanceMeters>
						<HeartRateBpm>
							<Value>154</Value>
						</HeartRateBpm>
						<Extensions>
							<ns3:TPX>
								<ns3:Speed>4.57</ns3:Speed>
							</ns3:TPX>
						</Extensions>
					</Trackpoint>
					<Trackpoint>
						<Time>2025-01-28T15:04:03.862Z</Time>
						<Position>
							<LatitudeDegrees>47.945186869</LatitudeDegrees>
							<LongitudeDegrees>7.794105080</LongitudeDegrees>
						</Position>
						<AltitudeMeters>434.12</AltitudeMeters>
						<DistanceMeters>6487.44</DistanceMeters>
						<HeartRateBpm>
							<Value>153</Value>
						</HeartRateBpm>
						<Extensions>
							<ns3:TPX>
								<ns3:Speed>5.19</ns3:Speed>
							</ns3:TPX>
						</Extensions>
					</Trackpoint>
					<Trackpoint>
						<Time>2025-01-28T15:04:05.860Z</Time>
						<Position>
							<LatitudeDegrees>47.945123301</LatitudeDegrees>
							<LongitudeDegrees>7.794002404</LongitudeDegrees>
						</Position>
						<AltitudeMeters>432.82</AltitudeMeters>
						<DistanceMeters>6497.87</DistanceMeters>
						<HeartRateBpm>
							<Value>153</Value>
						</HeartRateBpm>
						<Extensions>
							<ns3:TPX>
								<ns3:Speed>4.11</ns3:Speed>
							</ns3:TPX>
						</Extensions>
					</Trackpoint>
					<Trackpoint>
						<Time>2025-01-28T15:04:06.858Z</Time>
						<Position>
							<LatitudeDegrees>47.945097214</LatitudeDegrees>
							<LongitudeDegrees>7.793945704</LongitudeDegrees>
						</Position>
						<AltitudeMeters>431.94</AltitudeMeters>
						<DistanceMeters>6503.00</DistanceMeters>
						<HeartRateBpm>
							<Value>153</Value>
						</HeartRateBpm>
						<Extensions>
							<ns3:TPX>
								<ns3:Speed>3.34</ns3:Speed>
							</ns3:TPX>
						</Extensions>
					</Trackpoint>
					<Trackpoint>
						<Time>2025-01-28T15:04:08.860Z</Time>
						<Position>
							<LatitudeDegrees>47.945073488</LatitudeDegrees>
							<LongitudeDegrees>7.793866670</LongitudeDegrees>
						</Position>
						<AltitudeMeters>430.08</AltitudeMeters>
						<DistanceMeters>6509.47</DistanceMeters>
						<HeartRateBpm>
							<Value>153</Value>
						</HeartRateBpm>
						<Extensions>
							<ns3:TPX>
								<ns3:Speed>2.69</ns3:Speed>
							</ns3:TPX>
						</Extensions>
					</Trackpoint>
					<Trackpoint>
						<Time>2025-01-28T15:04:10.864Z</Time>
						<Position>
							<LatitudeDegrees>47.945038258</LatitudeDegrees>
							<LongitudeDegrees>7.793818595</LongitudeDegrees>
						</Position>
						<AltitudeMeters>429.35</AltitudeMeters>
						<DistanceMeters>6514.78</DistanceMeters>
						<HeartRateBpm>
							<Value>152</Value>
						</HeartRateBpm>
						<Extensions>
							<ns3:TPX>
								<ns3:Speed>2.43</ns3:Speed>
							</ns3:TPX>
						</Extensions>
					</Trackpoint>
					<Trackpoint>
						<Time>2025-01-28T15:04:13.861Z</Time>
						<Position>
							<LatitudeDegrees>47.945012815</LatitudeDegrees>
							<LongitudeDegrees>7.793742687</LongitudeDegrees>
						</Position>
						<AltitudeMeters>426.14</AltitudeMeters>
						<DistanceMeters>6521.12</DistanceMeters>
						<HeartRateBpm>
							<Value>152</Value>
						</HeartRateBpm>
						<Extensions>
							<ns3:TPX>
								<ns3:Speed>2.08</ns3:Speed>
							</ns3:TPX>
						</Extensions>
					</Trackpoint>
					<Trackpoint>
						<Time>2025-01-28T15:04:16.862Z</Time>
						<Position>
							<LatitudeDegrees>47.944990778</LatitudeDegrees>
							<LongitudeDegrees>7.793669964</LongitudeDegrees>
						</Position>
						<AltitudeMeters>424.06</AltitudeMeters>
						<DistanceMeters>6527.08</DistanceMeters>
						<HeartRateBpm>
							<Value>151</Value>
						</HeartRateBpm>
						<Extensions>
							<ns3:TPX>
								<ns3:Speed>3.82</ns3:Speed>
							</ns3:TPX>
						</Extensions>
					</Trackpoint>
					<Trackpoint>
						<Time>2025-01-28T15:04:18.860Z</Time>
						<Position>
							<LatitudeDegrees>47.945010423</LatitudeDegrees>
							<LongitudeDegrees>7.793557837</LongitudeDegrees>
						</Position>
						<AltitudeMeters>424.83</AltitudeMeters>
						<DistanceMeters>6535.73</DistanceMeters>
						<HeartRateBpm>
							<Value>150</Value>
						</HeartRateBpm>
						<Extensions>
							<ns3:TPX>
								<ns3:Speed>4.31</ns3:Speed>
							</ns3:TPX>
						</Extensions>
					</Trackpoint>
					<Trackpoint>
						<Time>2025-01-28T15:04:20.857Z</Time>
						<Position>
							<LatitudeDegrees>47.945076058</LatitudeDegrees>
							<LongitudeDegrees>7.793500788</LongitudeDegrees>
						</Position>
						<AltitudeMeters>424.20</AltitudeMeters>
						<DistanceMeters>6544.18</DistanceMeters>
						<HeartRateBpm>
							<Value>150</Value>
						</HeartRateBpm>
						<Extensions>
							<ns3:TPX>
								<ns3:Speed>5.21</ns3:Speed>
								<ns3:Watts>89</ns3:Watts>
							</ns3:TPX>
						</Extensions>
					</Trackpoint>
					<Trackpoint>
						<Time>2025-01-28T15:04:21.863Z</Time>
						<Position>
							<LatitudeDegrees>47.945116968</LatitudeDegrees>
							<LongitudeDegrees>7.793472613</LongitudeDegrees>
						</Position>
						<AltitudeMeters>423.64</AltitudeMeters>
						<DistanceMeters>6549.20</DistanceMeters>
						<HeartRateBpm>
							<Value>150</Value>
						</HeartRateBpm>
						<Extensions>
							<ns3:TPX>
								<ns3:Speed>5.55</ns3:Speed>
								<ns3:Watts>66</ns3:Watts>
							</ns3:TPX>
						</Extensions>
					</Trackpoint>
					<Trackpoint>
						<Time>2025-01-28T15:04:22.860Z</Time>
						<Position>
							<LatitudeDegrees>47.945155597</LatitudeDegrees>
							<LongitudeDegrees>7.793430531</LongitudeDegrees>
						</Position>
						<AltitudeMeters>423.77</AltitudeMeters>
						<DistanceMeters>6554.52</DistanceMeters>
						<HeartRateBpm>
							<Value>149</Value>
						</HeartRateBpm>
						<Extensions>
							<ns3:TPX>
								<ns3:Speed>6.09</ns3:Speed>
								<ns3:Watts>89</ns3:Watts>
							</ns3:TPX>
						</Extensions>
					</Trackpoint>
					<Trackpoint>
						<Time>2025-01-28T15:04:23.863Z</Time>
						<Position>
							<LatitudeDegrees>47.945193783</LatitudeDegrees>
							<LongitudeDegrees>7.793384771</LongitudeDegrees>
						</Position>
						<AltitudeMeters>424.48</AltitudeMeters>
						<DistanceMeters>6559.97</DistanceMeters>
						<HeartRateBpm>
							<Value>149</Value>
						</HeartRateBpm>
						<Extensions>
							<ns3:TPX>
								<ns3:Speed>6.39</ns3:Speed>
								<ns3:Watts>120</ns3:Watts>
							</ns3:TPX>
						</Extensions>
					</Trackpoint>
					<Trackpoint>
						<Time>2025-01-28T15:04:24.863Z</Time>
						<Position>
							<LatitudeDegrees>47.945252306</LatitudeDegrees>
							<LongitudeDegrees>7.793357044</LongitudeDegrees>
						</Position>
						<AltitudeMeters>422.42</AltitudeMeters>
						<DistanceMeters>6566.80</DistanceMeters>
						<HeartRateBpm>
							<Value>149</Value>
						</HeartRateBpm>
						<Extensions>
							<ns3:TPX>
								<ns3:Speed>6.78</ns3:Speed>
								<ns3:Watts>189</ns3:Watts>
							</ns3:TPX>
						</Extensions>
					</Trackpoint>
					<Trackpoint>
						<Time>2025-01-28T15:04:25.863Z</Time>
						<Position>
							<LatitudeDegrees>47.945304248</LatitudeDegrees>
							<LongitudeDegrees>7.793317066</LongitudeDegrees>
						</Position>
						<AltitudeMeters>421.62</AltitudeMeters>
						<DistanceMeters>6573.30</DistanceMeters>
						<HeartRateBpm>
							<Value>149</Value>
						</HeartRateBpm>
						<Extensions>
							<ns3:TPX>
								<ns3:Speed>7.11</ns3:Speed>
								<ns3:Watts>263</ns3:Watts>
							</ns3:TPX>
						</Extensions>
					</Trackpoint>
					<Trackpoint>
						<Time>2025-01-28T15:04:26.864Z</Time>
						<Position>
							<LatitudeDegrees>47.945362558</LatitudeDegrees>
							<LongitudeDegrees>7.793279531</LongitudeDegrees>
						</Position>
						<AltitudeMeters>421.07</AltitudeMeters>
						<DistanceMeters>6580.36</DistanceMeters>
						<HeartRateBpm>
							<Value>149</Value>
						</HeartRateBpm>
						<Extensions>
							<ns3:TPX>
								<ns3:Speed>7.62</ns3:Speed>
								<ns3:Watts>333</ns3:Watts>
							</ns3:TPX>
						</Extensions>
					</Trackpoint>
					<Trackpoint>
						<Time>2025-01-28T15:04:27.858Z</Time>
						<Position>
							<LatitudeDegrees>47.945422137</LatitudeDegrees>
							<LongitudeDegrees>7.793245274</LongitudeDegrees>
						</Position>
						<AltitudeMeters>422.94</AltitudeMeters>
						<DistanceMeters>6587.47</DistanceMeters>
						<HeartRateBpm>
							<Value>149</Value>
						</HeartRateBpm>
						<Extensions>
							<ns3:TPX>
								<ns3:Speed>7.91</ns3:Speed>
								<ns3:Watts>323</ns3:Watts>
							</ns3:TPX>
						</Extensions>
					</Trackpoint>
					<Trackpoint>
						<Time>2025-01-28T15:04:28.861Z</Time>
						<Position>
							<LatitudeDegrees>47.945496957</LatitudeDegrees>
							<LongitudeDegrees>7.793238908</LongitudeDegrees>
						</Position>
						<AltitudeMeters>420.92</AltitudeMeters>
						<DistanceMeters>6595.80</DistanceMeters>
						<HeartRateBpm>
							<Value>149</Value>
						</HeartRateBpm>
						<Extensions>
							<ns3:TPX>
								<ns3:Speed>8.18</ns3:Speed>
								<ns3:Watts>254</ns3:Watts>
							</ns3:TPX>
						</Extensions>
					</Trackpoint>
					<Trackpoint>
						<Time>2025-01-28T15:04:29.862Z</Time>
						<Position>
							<LatitudeDegrees>47.945566195</LatitudeDegrees>
							<LongitudeDegrees>7.793222801</LongitudeDegrees>
						</Position>
						<AltitudeMeters>420.28</AltitudeMeters>
						<DistanceMeters>6603.59</DistanceMeters>
						<HeartRateBpm>
							<Value>149</Value>
						</HeartRateBpm>
						<Extensions>
							<ns3:TPX>
								<ns3:Speed>8.19</ns3:Speed>
								<ns3:Watts>240</ns3:Watts>
							</ns3:TPX>
						</Extensions>
					</Trackpoint>
					<Trackpoint>
						<Time>2025-01-28T15:04:30.861Z</Time>
						<Position>
							<LatitudeDegrees>47.945639455</LatitudeDegrees>
							<LongitudeDegrees>7.793212407</LongitudeDegrees>
						</Position>
						<AltitudeMeters>419.94</AltitudeMeters>
						<DistanceMeters>6611.77</DistanceMeters>
						<HeartRateBpm>
							<Value>149</Value>
						</HeartRateBpm>
						<Extensions>
							<ns3:TPX>
								<ns3:Speed>8.23</ns3:Speed>
								<ns3:Watts>137</ns3:Watts>
							</ns3:TPX>
						</Extensions>
					</Trackpoint>
					<Trackpoint>
						<Time>2025-01-28T15:04:31.857Z</Time>
						<Position>
							<LatitudeDegrees>47.945711539</LatitudeDegrees>
							<LongitudeDegrees>7.793200763</LongitudeDegrees>
						</Position>
						<AltitudeMeters>420.54</AltitudeMeters>
						<DistanceMeters>6619.84</DistanceMeters>
						<HeartRateBpm>
							<Value>149</Value>
						</HeartRateBpm>
						<Extensions>
							<ns3:TPX>
								<ns3:Speed>8.54</ns3:Speed>
								<ns3:Watts>189</ns3:Watts>
							</ns3:TPX>
						</Extensions>
					</Trackpoint>
					<Trackpoint>
						<Time>2025-01-28T15:04:32.858Z</Time>
						<Position>
							<LatitudeDegrees>47.945783793</LatitudeDegrees>
							<LongitudeDegrees>7.793197166</LongitudeDegrees>
						</Position>
						<AltitudeMeters>419.85</AltitudeMeters>
						<DistanceMeters>6627.87</DistanceMeters>
						<HeartRateBpm>
							<Value>148</Value>
						</HeartRateBpm>
						<Extensions>
							<ns3:TPX>
								<ns3:Speed>8.52</ns3:Speed>
							</ns3:TPX>
						</Extensions>
					</Trackpoint>
					<Trackpoint>
						<Time>2025-01-28T15:04:33.858Z</Time>
						<Position>
							<LatitudeDegrees>47.945862739</LatitudeDegrees>
							<LongitudeDegrees>7.793186241</LongitudeDegrees>
						</Position>
						<AltitudeMeters>419.07</AltitudeMeters>
						<DistanceMeters>6636.69</DistanceMeters>
						<HeartRateBpm>
							<Value>148</Value>
						</HeartRateBpm>
						<Extensions>
							<ns3:TPX>
								<ns3:Speed>9.33</ns3:Speed>
							</ns3:TPX>
						</Extensions>
					</Trackpoint>
					<Trackpoint>
						<Time>2025-01-28T15:04:34.861Z</Time>
						<Position>
							<LatitudeDegrees>47.945935288</LatitudeDegrees>
							<LongitudeDegrees>7.793180568</LongitudeDegrees>
						</Position>
						<AltitudeMeters>418.39</AltitudeMeters>
						<DistanceMeters>6644.77</DistanceMeters>
						<HeartRateBpm>
							<Value>148</Value>
						</HeartRateBpm>
						<Extensions>
							<ns3:TPX>
								<ns3:Speed>8.49</ns3:Speed>
							</ns3:TPX>
						</Extensions>
					</Trackpoint>
					<Trackpoint>
						<Time>2025-01-28T15:04:35.862Z</Time>
						<Position>
							<LatitudeDegrees>47.946029138</LatitudeDegrees>
							<LongitudeDegrees>7.793197517</LongitudeDegrees>
						</Position>
						<AltitudeMeters>417.43</AltitudeMeters>
						<DistanceMeters>6655.28</DistanceMeters>
						<HeartRateBpm>
							<Value>146</Value>
						</HeartRateBpm>
						<Extensions>
							<ns3:TPX>
								<ns3:Speed>8.34</ns3:Speed>
							</ns3:TPX>
						</Extensions>
					</Trackpoint>
					<Trackpoint>
						<Time>2025-01-28T15:04:36.862Z</Time>
						<Position>
							<LatitudeDegrees>47.946091993</LatitudeDegrees>
							<LongitudeDegrees>7.793173790</LongitudeDegrees>
						</Position>
						<AltitudeMeters>417.50</AltitudeMeters>
						<DistanceMeters>6662.49</DistanceMeters>
						<HeartRateBpm>
							<Value>146</Value>
						</HeartRateBpm>
						<Extensions>
							<ns3:TPX>
								<ns3:Speed>8.39</ns3:Speed>
							</ns3:TPX>
						</Extensions>
					</Trackpoint>
					<Trackpoint>
						<Time>2025-01-28T15:04:37.860Z</Time>
						<Position>
							<LatitudeDegrees>47.946163725</LatitudeDegrees>
							<LongitudeDegrees>7.793159126</LongitudeDegrees>
						</Position>
						<AltitudeMeters>417.27</AltitudeMeters>
						<DistanceMeters>6670.54</DistanceMeters>
						<HeartRateBpm>
							<Value>145</Value>
						</HeartRateBpm>
						<Extensions>
							<ns3:TPX>
								<ns3:Speed>8.33</ns3:Speed>
							</ns3:TPX>
						</Extensions>
					</Trackpoint>
					<Trackpoint>
						<Time>2025-01-28T15:04:38.861Z</Time>
						<Position>
							<LatitudeDegrees>47.946238564</LatitudeDegrees>
							<LongitudeDegrees>7.793151088</LongitudeDegrees>
						</Position>
						<AltitudeMeters>416.39</AltitudeMeters>
						<DistanceMeters>6678.88</DistanceMeters>
						<HeartRateBpm>
							<Value>145</Value>
						</HeartRateBpm>
						<Extensions>
							<ns3:TPX>
								<ns3:Speed>7.66</ns3:Speed>
							</ns3:TPX>
						</Extensions>
					</Trackpoint>
					<Trackpoint>
						<Time>2025-01-28T15:04:39.864Z</Time>
						<Position>
							<LatitudeDegrees>47.946314483</LatitudeDegrees>
							<LongitudeDegrees>7.793150313</LongitudeDegrees>
						</Position>
						<AltitudeMeters>415.44</AltitudeMeters>
						<DistanceMeters>6687.32</DistanceMeters>
						<HeartRateBpm>
							<Value>145</Value>
						</HeartRateBpm>
						<Extensions>
							<ns3:TPX>
								<ns3:Speed>8.17</ns3:Speed>
								<ns3:Watts>48</ns3:Watts>
							</ns3:TPX>
						</Extensions>
					</Trackpoint>
					<Trackpoint>
						<Time>2025-01-28T15:04:40.864Z</Time>
						<Position>
							<LatitudeDegrees>47.946373106</LatitudeDegrees>
							<LongitudeDegrees>7.793135479</LongitudeDegrees>
						</Position>
						<AltitudeMeters>414.23</AltitudeMeters>
						<DistanceMeters>6693.94</DistanceMeters>
						<HeartRateBpm>
							<Value>145</Value>
						</HeartRateBpm>
						<Extensions>
							<ns3:TPX>
								<ns3:Speed>8.61</ns3:Speed>
								<ns3:Watts>123</ns3:Watts>
							</ns3:TPX>
						</Extensions>
					</Trackpoint>
					<Trackpoint>
						<Time>2025-01-28T15:04:41.858Z</Time>
						<Position>
							<LatitudeDegrees>47.946451172</LatitudeDegrees>
							<LongitudeDegrees>7.793128992</LongitudeDegrees>
						</Position>
						<AltitudeMeters>414.88</AltitudeMeters>
						<DistanceMeters>6702.63</DistanceMeters>
						<HeartRateBpm>
							<Value>145</Value>
						</HeartRateBpm>
						<Extensions>
							<ns3:TPX>
								<ns3:Speed>8.35</ns3:Speed>
								<ns3:Watts>32</ns3:Watts>
							</ns3:TPX>
						</Extensions>
					</Trackpoint>
					<Trackpoint>
						<Time>2025-01-28T15:04:42.861Z</Time>
						<Position>
							<LatitudeDegrees>47.946533607</LatitudeDegrees>
							<LongitudeDegrees>7.793128609</LongitudeDegrees>
						</Position>
						<AltitudeMeters>413.85</AltitudeMeters>
						<DistanceMeters>6711.80</DistanceMeters>
						<HeartRateBpm>
							<Value>144</Value>
						</HeartRateBpm>
						<Extensions>
							<ns3:TPX>
								<ns3:Speed>8.10</ns3:Speed>
								<ns3:Watts>61</ns3:Watts>
							</ns3:TPX>
						</Extensions>
					</Trackpoint>
					<Trackpoint>
						<Time>2025-01-28T15:04:43.862Z</Time>
						<Position>
							<LatitudeDegrees>47.946603602</LatitudeDegrees>
							<LongitudeDegrees>7.793108129</LongitudeDegrees>
						</Position>
						<AltitudeMeters>414.18</AltitudeMeters>
						<DistanceMeters>6719.73</DistanceMeters>
						<HeartRateBpm>
							<Value>143</Value>
						</HeartRateBpm>
						<Extensions>
							<ns3:TPX>
								<ns3:Speed>7.97</ns3:Speed>
								<ns3:Watts>20</ns3:Watts>
							</ns3:TPX>
						</Extensions>
					</Trackpoint>
					<Trackpoint>
						<Time>2025-01-28T15:04:44.862Z</Time>
						<Position>
							<LatitudeDegrees>47.946674027</LatitudeDegrees>
							<LongitudeDegrees>7.793084949</LongitudeDegrees>
						</Position>
						<AltitudeMeters>415.71</AltitudeMeters>
						<DistanceMeters>6727.75</DistanceMeters>
						<HeartRateBpm>
							<Value>143</Value>
						</HeartRateBpm>
						<Extensions>
							<ns3:TPX>
								<ns3:Speed>8.05</ns3:Speed>
								<ns3:Watts>47</ns3:Watts>
							</ns3:TPX>
						</Extensions>
					</Trackpoint>
					<Trackpoint>
						<Time>2025-01-28T15:04:45.861Z</Time>
						<Position>
							<LatitudeDegrees>47.946739835</LatitudeDegrees>
							<LongitudeDegrees>7.793049425</LongitudeDegrees>
						</Position>
						<AltitudeMeters>415.05</AltitudeMeters>
						<DistanceMeters>6735.53</DistanceMeters>
						<HeartRateBpm>
							<Value>142</Value>
						</HeartRateBpm>
						<Extensions>
							<ns3:TPX>
								<ns3:Speed>7.53</ns3:Speed>
								<ns3:Watts>16</ns3:Watts>
							</ns3:TPX>
						</Extensions>
					</Trackpoint>
					<Trackpoint>
						<Time>2025-01-28T15:04:46.862Z</Time>
						<Position>
							<LatitudeDegrees>47.946813884</LatitudeDegrees>
							<LongitudeDegrees>7.793032002</LongitudeDegrees>
						</Position>
						<AltitudeMeters>415.18</AltitudeMeters>
						<DistanceMeters>6743.87</DistanceMeters>
						<HeartRateBpm>
							<Value>141</Value>
						</HeartRateBpm>
						<Extensions>
							<ns3:TPX>
								<ns3:Speed>7.31</ns3:Speed>
							</ns3:TPX>
						</Extensions>
					</Trackpoint>
					<Trackpoint>
						<Time>2025-01-28T15:04:47.863Z</Time>
						<Position>
							<LatitudeDegrees>47.946871056</LatitudeDegrees>
							<LongitudeDegrees>7.792996549</LongitudeDegrees>
						</Position>
						<AltitudeMeters>415.66</AltitudeMeters>
						<DistanceMeters>6750.75</DistanceMeters>
						<HeartRateBpm>
							<Value>140</Value>
						</HeartRateBpm>
						<Extensions>
							<ns3:TPX>
								<ns3:Speed>7.08</ns3:Speed>
								<ns3:Watts>94</ns3:Watts>
							</ns3:TPX>
						</Extensions>
					</Trackpoint>
					<Trackpoint>
						<Time>2025-01-28T15:04:48.862Z</Time>
						<Position>
							<LatitudeDegrees>47.946931990</LatitudeDegrees>
							<LongitudeDegrees>7.792959091</LongitudeDegrees>
						</Position>
						<AltitudeMeters>416.70</AltitudeMeters>
						<DistanceMeters>6758.08</DistanceMeters>
						<HeartRateBpm>
							<Value>139</Value>
						</HeartRateBpm>
						<Extensions>
							<ns3:TPX>
								<ns3:Speed>6.98</ns3:Speed>
								<ns3:Watts>138</ns3:Watts>
							</ns3:TPX>
						</Extensions>
					</Trackpoint>
					<Trackpoint>
						<Time>2025-01-28T15:04:49.860Z</Time>
						<Position>
							<LatitudeDegrees>47.946987468</LatitudeDegrees>
							<LongitudeDegrees>7.792915982</LongitudeDegrees>
						</Position>
						<AltitudeMeters>417.38</AltitudeMeters>
						<DistanceMeters>6765.04</DistanceMeters>
						<HeartRateBpm>
							<Value>139</Value>
						</HeartRateBpm>
						<Extensions>
							<ns3:TPX>
								<ns3:Speed>6.92</ns3:Speed>
								<ns3:Watts>202</ns3:Watts>
							</ns3:TPX>
						</Extensions>
					</Trackpoint>
					<Trackpoint>
						<Time>2025-01-28T15:04:50.859Z</Time>
						<Position>
							<LatitudeDegrees>47.947040023</LatitudeDegrees>
							<LongitudeDegrees>7.792866153</LongitudeDegrees>
						</Position>
						<AltitudeMeters>417.51</AltitudeMeters>
						<DistanceMeters>6771.97</DistanceMeters>
						<HeartRateBpm>
							<Value>139</Value>
						</HeartRateBpm>
						<Extensions>
							<ns3:TPX>
								<ns3:Speed>6.81</ns3:Speed>
								<ns3:Watts>193</ns3:Watts>
							</ns3:TPX>
						</Extensions>
					</Trackpoint>
					<Trackpoint>
						<Time>2025-01-28T15:04:51.861Z</Time>
						<Position>
							<LatitudeDegrees>47.947094750</LatitudeDegrees>
							<LongitudeDegrees>7.792824951</LongitudeDegrees>
						</Position>
						<AltitudeMeters>416.73</AltitudeMeters>
						<DistanceMeters>6778.79</DistanceMeters>
						<HeartRateBpm>
							<Value>139</Value>
						</HeartRateBpm>
						<Extensions>
							<ns3:TPX>
								<ns3:Speed>6.81</ns3:Speed>
								<ns3:Watts>197</ns3:Watts>
							</ns3:TPX>
						</Extensions>
					</Trackpoint>
					<Trackpoint>
						<Time>2025-01-28T15:04:52.860Z</Time>
						<Position>
							<LatitudeDegrees>47.947147147</LatitudeDegrees>
							<LongitudeDegrees>7.792783647</LongitudeDegrees>
						</Position>
						<AltitudeMeters>417.08</AltitudeMeters>
						<DistanceMeters>6785.38</DistanceMeters>
						<HeartRateBpm>
							<Value>139</Value>
						</HeartRateBpm>
						<Extensions>
							<ns3:TPX>
								<ns3:Speed>6.57</ns3:Speed>
								<ns3:Watts>143</ns3:Watts>
							</ns3:TPX>
						</Extensions>
					</Trackpoint>
					<Trackpoint>
						<Time>2025-01-28T15:04:53.862Z</Time>
						<Position>
							<LatitudeDegrees>47.947201094</LatitudeDegrees>
							<LongitudeDegrees>7.792741142</LongitudeDegrees>
						</Position>
						<AltitudeMeters>417.03</AltitudeMeters>
						<DistanceMeters>6792.17</DistanceMeters>
						<HeartRateBpm>
							<Value>138</Value>
						</HeartRateBpm>
						<Extensions>
							<ns3:TPX>
								<ns3:Speed>6.52</ns3:Speed>
								<ns3:Watts>113</ns3:Watts>
							</ns3:TPX>
						</Extensions>
					</Trackpoint>
					<Trackpoint>
						<Time>2025-01-28T15:04:54.860Z</Time>
						<Position>
							<LatitudeDegrees>47.947246837</LatitudeDegrees>
							<LongitudeDegrees>7.792693419</LongitudeDegrees>
						</Position>
						<AltitudeMeters>417.34</AltitudeMeters>
						<DistanceMeters>6798.38</DistanceMeters>
						<HeartRateBpm>
							<Value>139</Value>
						</HeartRateBpm>
						<Extensions>
							<ns3:TPX>
								<ns3:Speed>6.20</ns3:Speed>
								<ns3:Watts>75</ns3:Watts>
							</ns3:TPX>
						</Extensions>
					</Trackpoint>
					<Trackpoint>
						<Time>2025-01-28T15:04:56.861Z</Time>
						<Position>
							<LatitudeDegrees>47.947334245</LatitudeDegrees>
							<LongitudeDegrees>7.792589561</LongitudeDegrees>
						</Position>
						<AltitudeMeters>418.06</AltitudeMeters>
						<DistanceMeters>6810.81</DistanceMeters>
						<HeartRateBpm>
							<Value>138</Value>
						</HeartRateBpm>
						<Extensions>
							<ns3:TPX>
								<ns3:Speed>5.83</ns3:Speed>
								<ns3:Watts>114</ns3:Watts>
							</ns3:TPX>
						</Extensions>
					</Trackpoint>
					<Trackpoint>
						<Time>2025-01-28T15:04:58.862Z</Time>
						<Position>
							<LatitudeDegrees>47.947418773</LatitudeDegrees>
							<LongitudeDegrees>7.792499984</LongitudeDegrees>
						</Position>
						<AltitudeMeters>417.84</AltitudeMeters>
						<DistanceMeters>6822.35</DistanceMeters>
						<HeartRateBpm>
							<Value>139</Value>
						</HeartRateBpm>
						<Extensions>
							<ns3:TPX>
								<ns3:Speed>5.56</ns3:Speed>
								<ns3:Watts>206</ns3:Watts>
							</ns3:TPX>
						</Extensions>
					</Trackpoint>
					<Trackpoint>
						<Time>2025-01-28T15:05:00.861Z</Time>
						<Position>
							<LatitudeDegrees>47.947493434</LatitudeDegrees>
							<LongitudeDegrees>7.792398152</LongitudeDegrees>
						</Position>
						<AltitudeMeters>419.01</AltitudeMeters>
						<DistanceMeters>6833.61</DistanceMeters>
						<HeartRateBpm>
							<Value>139</Value>
						</HeartRateBpm>
						<Extensions>
							<ns3:TPX>
								<ns3:Speed>5.28</ns3:Speed>
								<ns3:Watts>218</ns3:Watts>
							</ns3:TPX>
						</Extensions>
					</Trackpoint>
					<Trackpoint>
						<Time>2025-01-28T15:05:02.862Z</Time>
						<Position>
							<LatitudeDegrees>47.947568080</LatitudeDegrees>
							<LongitudeDegrees>7.792306808</LongitudeDegrees>
						</Position>
						<AltitudeMeters>419.51</AltitudeMeters>
						<DistanceMeters>6844.36</DistanceMeters>
						<HeartRateBpm>
							<Value>139</Value>
						</HeartRateBpm>
						<Extensions>
							<ns3:TPX>
								<ns3:Speed>5.11</ns3:Speed>
								<ns3:Watts>170</ns3:Watts>
							</ns3:TPX>
						</Extensions>
					</Trackpoint>
					<Trackpoint>
						<Time>2025-01-28T15:05:04.858Z</Time>
						<Position>
							<LatitudeDegrees>47.947635833</LatitudeDegrees>
							<LongitudeDegrees>7.792216957</LongitudeDegrees>
						</Position>
						<AltitudeMeters>417.28</AltitudeMeters>
						<DistanceMeters>6854.45</DistanceMeters>
						<HeartRateBpm>
							<Value>139</Value>
						</HeartRateBpm>
						<Extensions>
							<ns3:TPX>
								<ns3:Speed>5.19</ns3:Speed>
								<ns3:Watts>118</ns3:Watts>
							</ns3:TPX>
						</Extensions>
					</Trackpoint>
					<Trackpoint>
						<Time>2025-01-28T15:05:07.860Z</Time>
						<Position>
							<LatitudeDegrees>47.947737485</LatitudeDegrees>
							<LongitudeDegrees>7.792067250</LongitudeDegrees>
						</Position>
						<AltitudeMeters>416.90</AltitudeMeters>
						<DistanceMeters>6870.35</DistanceMeters>
						<HeartRateBpm>
							<Value>141</Value>
						</HeartRateBpm>
						<Extensions>
							<ns3:TPX>
								<ns3:Speed>5.28</ns3:Speed>
								<ns3:Watts>13</ns3:Watts>
							</ns3:TPX>
						</Extensions>
					</Trackpoint>
					<Trackpoint>
						<Time>2025-01-28T15:05:09.862Z</Time>
						<Position>
							<LatitudeDegrees>47.947796098</LatitudeDegrees>
							<LongitudeDegrees>7.791958468</LongitudeDegrees>
						</Position>
						<AltitudeMeters>417.36</AltitudeMeters>
						<DistanceMeters>6880.76</DistanceMeters>
						<HeartRateBpm>
							<Value>141</Value>
						</HeartRateBpm>
						<Extensions>
							<ns3:TPX>
								<ns3:Speed>4.93</ns3:Speed>
							</ns3:TPX>
						</Extensions>
					</Trackpoint>
					<Trackpoint>
						<Time>2025-01-28T15:05:11.861Z</Time>
						<Position>
							<LatitudeDegrees>47.947844319</LatitudeDegrees>
							<LongitudeDegrees>7.791840037</LongitudeDegrees>
						</Position>
						<AltitudeMeters>418.74</AltitudeMeters>
						<DistanceMeters>6891.11</DistanceMeters>
						<HeartRateBpm>
							<Value>142</Value>
						</HeartRateBpm>
						<Extensions>
							<ns3:TPX>
								<ns3:Speed>2.53</ns3:Speed>
							</ns3:TPX>
						</Extensions>
					</Trackpoint>
					<Trackpoint>
						<Time>2025-01-28T15:05:14.862Z</Time>
						<Position>
							<LatitudeDegrees>47.947870030</LatitudeDegrees>
							<LongitudeDegrees>7.791752266</LongitudeDegrees>
						</Position>
						<AltitudeMeters>417.37</AltitudeMeters>
						<DistanceMeters>6898.26</DistanceMeters>
						<HeartRateBpm>
							<Value>142</Value>
						</HeartRateBpm>
						<Extensions>
							<ns3:TPX>
								<ns3:Speed>1.72</ns3:Speed>
								<ns3:Watts>106</ns3:Watts>
							</ns3:TPX>
						</Extensions>
					</Trackpoint>
					<Trackpoint>
						<Time>2025-01-28T15:05:16.861Z</Time>
						<Position>
							<LatitudeDegrees>47.947886064</LatitudeDegrees>
							<LongitudeDegrees>7.791672492</LongitudeDegrees>
						</Position>
						<AltitudeMeters>417.29</AltitudeMeters>
						<DistanceMeters>6904.48</DistanceMeters>
						<HeartRateBpm>
							<Value>142</Value>
						</HeartRateBpm>
						<Extensions>
							<ns3:TPX>
								<ns3:Speed>1.91</ns3:Speed>
								<ns3:Watts>95</ns3:Watts>
							</ns3:TPX>
						</Extensions>
					</Trackpoint>
					<Trackpoint>
						<Time>2025-01-28T15:05:18.861Z</Time>
						<Position>
							<LatitudeDegrees>47.947917760</LatitudeDegrees>
							<LongitudeDegrees>7.791592552</LongitudeDegrees>
						</Position>
						<AltitudeMeters>417.49</AltitudeMeters>
						<DistanceMeters>6911.41</DistanceMeters>
						<HeartRateBpm>
							<Value>142</Value>
						</HeartRateBpm>
						<Extensions>
							<ns3:TPX>
								<ns3:Speed>1.85</ns3:Speed>
								<ns3:Watts>62</ns3:Watts>
							</ns3:TPX>
						</Extensions>
					</Trackpoint>
					<Trackpoint>
						<Time>2025-01-28T15:05:20.863Z</Time>
						<Position>
							<LatitudeDegrees>47.947948020</LatitudeDegrees>
							<LongitudeDegrees>7.791505877</LongitudeDegrees>
						</Position>
						<AltitudeMeters>418.15</AltitudeMeters>
						<DistanceMeters>6918.71</DistanceMeters>
						<HeartRateBpm>
							<Value>142</Value>
						</HeartRateBpm>
						<Extensions>
							<ns3:TPX>
								<ns3:Speed>2.04</ns3:Speed>
								<ns3:Watts>150</ns3:Watts>
							</ns3:TPX>
						</Extensions>
					</Trackpoint>
					<Trackpoint>
						<Time>2025-01-28T15:05:22.862Z</Time>
						<Position>
							<LatitudeDegrees>47.947997497</LatitudeDegrees>
							<LongitudeDegrees>7.791420733</LongitudeDegrees>
						</Position>
						<AltitudeMeters>418.21</AltitudeMeters>
						<DistanceMeters>6927.12</DistanceMeters>
						<HeartRateBpm>
							<Value>142</Value>
						</HeartRateBpm>
						<Extensions>
							<ns3:TPX>
								<ns3:Speed>3.46</ns3:Speed>
								<ns3:Watts>328</ns3:Watts>
							</ns3:TPX>
						</Extensions>
					</Trackpoint>
					<Trackpoint>
						<Time>2025-01-28T15:05:26.860Z</Time>
						<Position>
							<LatitudeDegrees>47.948158067</LatitudeDegrees>
							<LongitudeDegrees>7.791048576</LongitudeDegrees>
						</Position>
						<AltitudeMeters>419.81</AltitudeMeters>
						<DistanceMeters>6960.16</DistanceMeters>
						<HeartRateBpm>
							<Value>142</Value>
						</HeartRateBpm>
						<Extensions>
							<ns3:TPX>
								<ns3:Speed>4.78</ns3:Speed>
								<ns3:Watts>171</ns3:Watts>
							</ns3:TPX>
						</Extensions>
					</Trackpoint>
					<Trackpoint>
						<Time>2025-01-28T15:05:28.856Z</Time>
						<Position>
							<LatitudeDegrees>47.948194924</LatitudeDegrees>
							<LongitudeDegrees>7.790937910</LongitudeDegrees>
						</Position>
						<AltitudeMeters>420.42</AltitudeMeters>
						<DistanceMeters>6969.39</DistanceMeters>
						<HeartRateBpm>
							<Value>142</Value>
						</HeartRateBpm>
						<Extensions>
							<ns3:TPX>
								<ns3:Speed>4.99</ns3:Speed>
								<ns3:Watts>170</ns3:Watts>
							</ns3:TPX>
						</Extensions>
					</Trackpoint>
					<Trackpoint>
						<Time>2025-01-28T15:05:30.860Z</Time>
						<Position>
							<LatitudeDegrees>47.948236659</LatitudeDegrees>
							<LongitudeDegrees>7.790826529</LongitudeDegrees>
						</Position>
						<AltitudeMeters>420.81</AltitudeMeters>
						<DistanceMeters>6978.91</DistanceMeters>
						<HeartRateBpm>
							<Value>142</Value>
						</HeartRateBpm>
						<Extensions>
							<ns3:TPX>
								<ns3:Speed>5.00</ns3:Speed>
								<ns3:Watts>121</ns3:Watts>
							</ns3:TPX>
						</Extensions>
					</Trackpoint>
					<Trackpoint>
						<Time>2025-01-28T15:05:32.855Z</Time>
						<Position>
							<LatitudeDegrees>47.948284187</LatitudeDegrees>
							<LongitudeDegrees>7.790713628</LongitudeDegrees>
						</Position>
						<AltitudeMeters>421.03</AltitudeMeters>
						<DistanceMeters>6988.87</DistanceMeters>
						<HeartRateBpm>
							<Value>142</Value>
						</HeartRateBpm>
						<Extensions>
							<ns3:TPX>
								<ns3:Speed>5.08</ns3:Speed>
								<ns3:Watts>132</ns3:Watts>
							</ns3:TPX>
						</Extensions>
					</Trackpoint>
					<Trackpoint>
						<Time>2025-01-28T15:05:33.861Z</Time>
						<Position>
							<LatitudeDegrees>47.948309322</LatitudeDegrees>
							<LongitudeDegrees>7.790657140</LongitudeDegrees>
						</Position>
						<AltitudeMeters>421.05</AltitudeMeters>
						<DistanceMeters>6993.93</DistanceMeters>
						<HeartRateBpm>
							<Value>142</Value>
						</HeartRateBpm>
						<Extensions>
							<ns3:TPX>
								<ns3:Speed>5.30</ns3:Speed>
								<ns3:Watts>32</ns3:Watts>
							</ns3:TPX>
						</Extensions>
					</Trackpoint>
					<Trackpoint>
						<Time>2025-01-28T15:05:34.861Z</Time>
						<Position>
							<LatitudeDegrees>47.948334946</LatitudeDegrees>
							<LongitudeDegrees>7.790600721</LongitudeDegrees>
						</Position>
						<AltitudeMeters>421.18</AltitudeMeters>
						<DistanceMeters>6999.01</DistanceMeters>
						<HeartRateBpm>
							<Value>142</Value>
						</HeartRateBpm>
						<Extensions>
							<ns3:TPX>
								<ns3:Speed>5.59</ns3:Speed>
							</ns3:TPX>
						</Extensions>
					</Trackpoint>
					<Trackpoint>
						<Time>2025-01-28T15:05:35.862Z</Time>
						<Position>
							<LatitudeDegrees>47.948362469</LatitudeDegrees>
							<LongitudeDegrees>7.790541117</LongitudeDegrees>
						</Position>
						<AltitudeMeters>421.17</AltitudeMeters>
						<DistanceMeters>7004.42</DistanceMeters>
						<HeartRateBpm>
							<Value>142</Value>
						</HeartRateBpm>
						<Extensions>
							<ns3:TPX>
								<ns3:Speed>4.94</ns3:Speed>
								<ns3:Watts>55</ns3:Watts>
							</ns3:TPX>
						</Extensions>
					</Trackpoint>
					<Trackpoint>
						<Time>2025-01-28T15:05:36.862Z</Time>
						<Position>
							<LatitudeDegrees>47.948405624</LatitudeDegrees>
							<LongitudeDegrees>7.790488886</LongitudeDegrees>
						</Position>
						<AltitudeMeters>421.05</AltitudeMeters>
						<DistanceMeters>7010.60</DistanceMeters>
						<HeartRateBpm>
							<Value>142</Value>
						</HeartRateBpm>
						<Extensions>
							<ns3:TPX>
								<ns3:Speed>4.52</ns3:Speed>
								<ns3:Watts>35</ns3:Watts>
							</ns3:TPX>
						</Extensions>
					</Trackpoint>
					<Trackpoint>
						<Time>2025-01-28T15:05:38.861Z</Time>
						<Position>
							<LatitudeDegrees>47.948432010</LatitudeDegrees>
							<LongitudeDegrees>7.790412824</LongitudeDegrees>
						</Position>
						<AltitudeMeters>420.96</AltitudeMeters>
						<DistanceMeters>7017.00</DistanceMeters>
						<HeartRateBpm>
							<Value>142</Value>
						</HeartRateBpm>
						<Extensions>
							<ns3:TPX>
								<ns3:Speed>5.48</ns3:Speed>
								<ns3:Watts>262</ns3:Watts>
							</ns3:TPX>
						</Extensions>
					</Trackpoint>
					<Trackpoint>
						<Time>2025-01-28T15:05:39.859Z</Time>
						<Position>
							<LatitudeDegrees>47.948488675</LatitudeDegrees>
							<LongitudeDegrees>7.790326663</LongitudeDegrees>
						</Position>
						<AltitudeMeters>421.24</AltitudeMeters>
						<DistanceMeters>7026.00</DistanceMeters>
						<HeartRateBpm>
							<Value>142</Value>
						</HeartRateBpm>
						<Extensions>
							<ns3:TPX>
								<ns3:Speed>5.81</ns3:Speed>
								<ns3:Watts>157</ns3:Watts>
							</ns3:TPX>
						</Extensions>
					</Trackpoint>
					<Trackpoint>
						<Time>2025-01-28T15:05:40.858Z</Time>
						<Position>
							<LatitudeDegrees>47.948523611</LatitudeDegrees>
							<LongitudeDegrees>7.790275292</LongitudeDegrees>
						</Position>
						<AltitudeMeters>421.31</AltitudeMeters>
						<DistanceMeters>7031.46</DistanceMeters>
						<HeartRateBpm>
							<Value>142</Value>
						</HeartRateBpm>
						<Extensions>
							<ns3:TPX>
								<ns3:Speed>5.82</ns3:Speed>
								<ns3:Watts>116</ns3:Watts>
							</ns3:TPX>
						</Extensions>
					</Trackpoint>
					<Trackpoint>
						<Time>2025-01-28T15:05:41.861Z</Time>
						<Position>
							<LatitudeDegrees>47.948563943</LatitudeDegrees>
							<LongitudeDegrees>7.790218918</LongitudeDegrees>
						</Position>
						<AltitudeMeters>421.21</AltitudeMeters>
						<DistanceMeters>7037.62</DistanceMeters>
						<HeartRateBpm>
							<Value>143</Value>
						</HeartRateBpm>
						<Extensions>
							<ns3:TPX>
								<ns3:Speed>5.90</ns3:Speed>
								<ns3:Watts>55</ns3:Watts>
							</ns3:TPX>
						</Extensions>
					</Trackpoint>
					<Trackpoint>
						<Time>2025-01-28T15:05:42.862Z</Time>
						<Position>
							<LatitudeDegrees>47.948603917</LatitudeDegrees>
							<LongitudeDegrees>7.790164356</LongitudeDegrees>
						</Position>
						<AltitudeMeters>421.45</AltitudeMeters>
						<DistanceMeters>7043.65</DistanceMeters>
						<HeartRateBpm>
							<Value>143</Value>
						</HeartRateBpm>
						<Extensions>
							<ns3:TPX>
								<ns3:Speed>5.95</ns3:Speed>
								<ns3:Watts>43</ns3:Watts>
							</ns3:TPX>
						</Extensions>
					</Trackpoint>
					<Trackpoint>
						<Time>2025-01-28T15:05:43.863Z</Time>
						<Position>
							<LatitudeDegrees>47.948647382</LatitudeDegrees>
							<LongitudeDegrees>7.790114340</LongitudeDegrees>
						</Position>
						<AltitudeMeters>421.58</AltitudeMeters>
						<DistanceMeters>7049.75</DistanceMeters>
						<HeartRateBpm>
							<Value>142</Value>
						</HeartRateBpm>
						<Extensions>
							<ns3:TPX>
								<ns3:Speed>6.15</ns3:Speed>
								<ns3:Watts>24</ns3:Watts>
							</ns3:TPX>
						</Extensions>
					</Trackpoint>
					<Trackpoint>
						<Time>2025-01-28T15:05:44.860Z</Time>
						<Position>
							<LatitudeDegrees>47.948693056</LatitudeDegrees>
							<LongitudeDegrees>7.790068364</LongitudeDegrees>
						</Position>
						<AltitudeMeters>421.45</AltitudeMeters>
						<DistanceMeters>7055.89</DistanceMeters>
						<HeartRateBpm>
							<Value>142</Value>
						</HeartRateBpm>
						<Extensions>
							<ns3:TPX>
								<ns3:Speed>6.38</ns3:Speed>
								<ns3:Watts>28</ns3:Watts>
							</ns3:TPX>
						</Extensions>
					</Trackpoint>
					<Trackpoint>
						<Time>2025-01-28T15:05:45.859Z</Time>
						<Position>
							<LatitudeDegrees>47.948742748</LatitudeDegrees>
							<LongitudeDegrees>7.790024015</LongitudeDegrees>
						</Position>
						<AltitudeMeters>421.24</AltitudeMeters>
						<DistanceMeters>7062.33</DistanceMeters>
						<HeartRateBpm>
							<Value>142</Value>
						</HeartRateBpm>
						<Extensions>
							<ns3:TPX>
								<ns3:Speed>6.53</ns3:Speed>
								<ns3:Watts>31</ns3:Watts>
							</ns3:TPX>
						</Extensions>
					</Trackpoint>
					<Trackpoint>
						<Time>2025-01-28T15:05:46.860Z</Time>
						<Position>
							<LatitudeDegrees>47.948794538</LatitudeDegrees>
							<LongitudeDegrees>7.789979404</LongitudeDegrees>
						</Position>
						<AltitudeMeters>420.96</AltitudeMeters>
						<DistanceMeters>7068.98</DistanceMeters>
						<HeartRateBpm>
							<Value>143</Value>
						</HeartRateBpm>
						<Extensions>
							<ns3:TPX>
								<ns3:Speed>6.70</ns3:Speed>
								<ns3:Watts>13</ns3:Watts>
							</ns3:TPX>
						</Extensions>
					</Trackpoint>
					<Trackpoint>
						<Time>2025-01-28T15:05:47.861Z</Time>
						<Position>
							<LatitudeDegrees>47.948852521</LatitudeDegrees>
							<LongitudeDegrees>7.789961322</LongitudeDegrees>
						</Position>
						<AltitudeMeters>419.11</AltitudeMeters>
						<DistanceMeters>7075.57</DistanceMeters>
						<HeartRateBpm>
							<Value>142</Value>
						</HeartRateBpm>
						<Extensions>
							<ns3:TPX>
								<ns3:Speed>6.95</ns3:Speed>
								<ns3:Watts>50</ns3:Watts>
							</ns3:TPX>
						</Extensions>
					</Trackpoint>
					<Trackpoint>
						<Time>2025-01-28T15:05:48.860Z</Time>
						<Position>
							<LatitudeDegrees>47.948909442</LatitudeDegrees>
							<LongitudeDegrees>7.789922437</LongitudeDegrees>
						</Position>
						<AltitudeMeters>418.81</AltitudeMeters>
						<DistanceMeters>7082.53</DistanceMeters>
						<HeartRateBpm>
							<Value>142</Value>
						</HeartRateBpm>
						<Extensions>
							<ns3:TPX>
								<ns3:Speed>6.99</ns3:Speed>
								<ns3:Watts>95</ns3:Watts>
							</ns3:TPX>
						</Extensions>
					</Trackpoint>
					<Trackpoint>
						<Time>2025-01-28T15:05:49.861Z</Time>
						<Position>
							<LatitudeDegrees>47.948967809</LatitudeDegrees>
							<LongitudeDegrees>7.789878246</LongitudeDegrees>
						</Position>
						<AltitudeMeters>418.50</AltitudeMeters>
						<DistanceMeters>7089.81</DistanceMeters>
						<HeartRateBpm>
							<Value>142</Value>
						</HeartRateBpm>
						<Extensions>
							<ns3:TPX>
								<ns3:Speed>7.19</ns3:Speed>
								<ns3:Watts>90</ns3:Watts>
							</ns3:TPX>
						</Extensions>
					</Trackpoint>
					<Trackpoint>
						<Time>2025-01-28T15:05:50.863Z</Time>
						<Position>
							<LatitudeDegrees>47.949020849</LatitudeDegrees>
							<LongitudeDegrees>7.789825572</LongitudeDegrees>
						</Position>
						<AltitudeMeters>420.04</AltitudeMeters>
						<DistanceMeters>7096.90</DistanceMeters>
						<HeartRateBpm>
							<Value>142</Value>
						</HeartRateBpm>
						<Extensions>
							<ns3:TPX>
								<ns3:Speed>7.49</ns3:Speed>
								<ns3:Watts>134</ns3:Watts>
							</ns3:TPX>
						</Extensions>
					</Trackpoint>
					<Trackpoint>
						<Time>2025-01-28T15:05:51.863Z</Time>
						<Position>
							<LatitudeDegrees>47.949076355</LatitudeDegrees>
							<LongitudeDegrees>7.789769329</LongitudeDegrees>
						</Position>
						<AltitudeMeters>420.63</AltitudeMeters>
						<DistanceMeters>7104.37</DistanceMeters>
						<HeartRateBpm>
							<Value>142</Value>
						</HeartRateBpm>
						<Extensions>
							<ns3:TPX>
								<ns3:Speed>7.57</ns3:Speed>
								<ns3:Watts>90</ns3:Watts>
							</ns3:TPX>
						</Extensions>
					</Trackpoint>
					<Trackpoint>
						<Time>2025-01-28T15:05:52.861Z</Time>
						<Position>
							<LatitudeDegrees>47.949143428</LatitudeDegrees>
							<LongitudeDegrees>7.789729473</LongitudeDegrees>
						</Position>
						<AltitudeMeters>419.72</AltitudeMeters>
						<DistanceMeters>7112.40</DistanceMeters>
						<HeartRateBpm>
							<Value>142</Value>
						</HeartRateBpm>
						<Extensions>
							<ns3:TPX>
								<ns3:Speed>7.75</ns3:Speed>
								<ns3:Watts>51</ns3:Watts>
							</ns3:TPX>
						</Extensions>
					</Trackpoint>
					<Trackpoint>
						<Time>2025-01-28T15:05:53.857Z</Time>
						<Position>
							<LatitudeDegrees>47.949209741</LatitudeDegrees>
							<LongitudeDegrees>7.789698438</LongitudeDegrees>
						</Position>
						<AltitudeMeters>418.76</AltitudeMeters>
						<DistanceMeters>7120.13</DistanceMeters>
						<HeartRateBpm>
							<Value>142</Value>
						</HeartRateBpm>
						<Extensions>
							<ns3:TPX>
								<ns3:Speed>7.72</ns3:Speed>
								<ns3:Watts>59</ns3:Watts>
							</ns3:TPX>
						</Extensions>
					</Trackpoint>
					<Trackpoint>
						<Time>2025-01-28T15:05:54.860Z</Time>
						<Position>
							<LatitudeDegrees>47.949277254</LatitudeDegrees>
							<LongitudeDegrees>7.789661770</LongitudeDegrees>
						</Position>
						<AltitudeMeters>418.35</AltitudeMeters>
						<DistanceMeters>7128.12</DistanceMeters>
						<HeartRateBpm>
							<Value>142</Value>
						</HeartRateBpm>
						<Extensions>
							<ns3:TPX>
								<ns3:Speed>7.83</ns3:Speed>
								<ns3:Watts>106</ns3:Watts>
							</ns3:TPX>
						</Extensions>
					</Trackpoint>
					<Trackpoint>
						<Time>2025-01-28T15:05:55.853Z</Time>
						<Position>
							<LatitudeDegrees>47.949339184</LatitudeDegrees>
							<LongitudeDegrees>7.789618138</LongitudeDegrees>
						</Position>
						<AltitudeMeters>418.56</AltitudeMeters>
						<DistanceMeters>7135.74</DistanceMeters>
						<HeartRateBpm>
							<Value>142</Value>
						</HeartRateBpm>
						<Extensions>
							<ns3:TPX>
								<ns3:Speed>7.99</ns3:Speed>
								<ns3:Watts>172</ns3:Watts>
							</ns3:TPX>
						</Extensions>
					</Trackpoint>
					<Trackpoint>
						<Time>2025-01-28T15:05:56.856Z</Time>
						<Position>
							<LatitudeDegrees>47.949402967</LatitudeDegrees>
							<LongitudeDegrees>7.789567415</LongitudeDegrees>
						</Position>
						<AltitudeMeters>419.54</AltitudeMeters>
						<DistanceMeters>7143.78</DistanceMeters>
						<HeartRateBpm>
							<Value>142</Value>
						</HeartRateBpm>
						<Extensions>
							<ns3:TPX>
								<ns3:Speed>8.29</ns3:Speed>
								<ns3:Watts>253</ns3:Watts>
							</ns3:TPX>
						</Extensions>
					</Trackpoint>
					<Trackpoint>
						<Time>2025-01-28T15:05:57.861Z</Time>
						<Position>
							<LatitudeDegrees>47.949469167</LatitudeDegrees>
							<LongitudeDegrees>7.789522445</LongitudeDegrees>
						</Position>
						<AltitudeMeters>419.69</AltitudeMeters>
						<DistanceMeters>7151.87</DistanceMeters>
						<HeartRateBpm>
							<Value>141</Value>
						</HeartRateBpm>
						<Extensions>
							<ns3:TPX>
								<ns3:Speed>8.34</ns3:Speed>
								<ns3:Watts>203</ns3:Watts>
							</ns3:TPX>
						</Extensions>
					</Trackpoint>
					<Trackpoint>
						<Time>2025-01-28T15:05:58.861Z</Time>
						<Position>
							<LatitudeDegrees>47.949543702</LatitudeDegrees>
							<LongitudeDegrees>7.789485532</LongitudeDegrees>
						</Position>
						<AltitudeMeters>419.50</AltitudeMeters>
						<DistanceMeters>7160.60</DistanceMeters>
						<HeartRateBpm>
							<Value>141</Value>
						</HeartRateBpm>
						<Extensions>
							<ns3:TPX>
								<ns3:Speed>8.49</ns3:Speed>
								<ns3:Watts>180</ns3:Watts>
							</ns3:TPX>
						</Extensions>
					</Trackpoint>
					<Trackpoint>
						<Time>2025-01-28T15:05:59.860Z</Time>
						<Position>
							<LatitudeDegrees>47.949610652</LatitudeDegrees>
							<LongitudeDegrees>7.789437143</LongitudeDegrees>
						</Position>
						<AltitudeMeters>419.46</AltitudeMeters>
						<DistanceMeters>7168.88</DistanceMeters>
						<HeartRateBpm>
							<Value>142</Value>
						</HeartRateBpm>
						<Extensions>
							<ns3:TPX>
								<ns3:Speed>8.61</ns3:Speed>
								<ns3:Watts>204</ns3:Watts>
							</ns3:TPX>
						</Extensions>
					</Trackpoint>
					<Trackpoint>
						<Time>2025-01-28T15:06:00.862Z</Time>
						<Position>
							<LatitudeDegrees>47.949678156</LatitudeDegrees>
							<LongitudeDegrees>7.789380696</LongitudeDegrees>
						</Position>
						<AltitudeMeters>418.82</AltitudeMeters>
						<DistanceMeters>7177.49</DistanceMeters>
						<HeartRateBpm>
							<Value>141</Value>
						</HeartRateBpm>
						<Extensions>
							<ns3:TPX>
								<ns3:Speed>8.63</ns3:Speed>
								<ns3:Watts>187</ns3:Watts>
							</ns3:TPX>
						</Extensions>
					</Trackpoint>
					<Trackpoint>
						<Time>2025-01-28T15:06:01.860Z</Time>
						<Position>
							<LatitudeDegrees>47.949747616</LatitudeDegrees>
							<LongitudeDegrees>7.789325821</LongitudeDegrees>
						</Position>
						<AltitudeMeters>417.36</AltitudeMeters>
						<DistanceMeters>7186.23</DistanceMeters>
						<HeartRateBpm>
							<Value>141</Value>
						</HeartRateBpm>
						<Extensions>
							<ns3:TPX>
								<ns3:Speed>8.77</ns3:Speed>
								<ns3:Watts>165</ns3:Watts>
							</ns3:TPX>
						</Extensions>
					</Trackpoint>
					<Trackpoint>
						<Time>2025-01-28T15:06:02.859Z</Time>
						<Position>
							<LatitudeDegrees>47.949810373</LatitudeDegrees>
							<LongitudeDegrees>7.789255385</LongitudeDegrees>
						</Position>
						<AltitudeMeters>419.41</AltitudeMeters>
						<DistanceMeters>7194.97</DistanceMeters>
						<HeartRateBpm>
							<Value>141</Value>
						</HeartRateBpm>
						<Extensions>
							<ns3:TPX>
								<ns3:Speed>8.87</ns3:Speed>
								<ns3:Watts>142</ns3:Watts>
							</ns3:TPX>
						</Extensions>
					</Trackpoint>
					<Trackpoint>
						<Time>2025-01-28T15:06:03.859Z</Time>
						<Position>
							<LatitudeDegrees>47.949880904</LatitudeDegrees>
							<LongitudeDegrees>7.789191173</LongitudeDegrees>
						</Position>
						<AltitudeMeters>417.71</AltitudeMeters>
						<DistanceMeters>7204.16</DistanceMeters>
						<HeartRateBpm>
							<Value>141</Value>
						</HeartRateBpm>
						<Extensions>
							<ns3:TPX>
								<ns3:Speed>8.93</ns3:Speed>
								<ns3:Watts>107</ns3:Watts>
							</ns3:TPX>
						</Extensions>
					</Trackpoint>
					<Trackpoint>
						<Time>2025-01-28T15:06:04.863Z</Time>
						<Position>
							<LatitudeDegrees>47.949949666</LatitudeDegrees>
							<LongitudeDegrees>7.789123517</LongitudeDegrees>
						</Position>
						<AltitudeMeters>415.83</AltitudeMeters>
						<DistanceMeters>7213.33</DistanceMeters>
						<HeartRateBpm>
							<Value>141</Value>
						</HeartRateBpm>
						<Extensions>
							<ns3:TPX>
								<ns3:Speed>8.87</ns3:Speed>
								<ns3:Watts>104</ns3:Watts>
							</ns3:TPX>
						</Extensions>
					</Trackpoint>
					<Trackpoint>
						<Time>2025-01-28T15:06:05.861Z</Time>
						<Position>
							<LatitudeDegrees>47.950013403</LatitudeDegrees>
							<LongitudeDegrees>7.789045391</LongitudeDegrees>
						</Position>
						<AltitudeMeters>415.22</AltitudeMeters>
						<DistanceMeters>7222.51</DistanceMeters>
						<HeartRateBpm>
							<Value>141</Value>
						</HeartRateBpm>
						<Extensions>
							<ns3:TPX>
								<ns3:Speed>8.86</ns3:Speed>
								<ns3:Watts>55</ns3:Watts>
							</ns3:TPX>
						</Extensions>
					</Trackpoint>
					<Trackpoint>
						<Time>2025-01-28T15:06:06.862Z</Time>
						<Position>
							<LatitudeDegrees>47.950070736</LatitudeDegrees>
							<LongitudeDegrees>7.788963691</LongitudeDegrees>
						</Position>
						<AltitudeMeters>414.19</AltitudeMeters>
						<DistanceMeters>7231.33</DistanceMeters>
						<HeartRateBpm>
							<Value>141</Value>
						</HeartRateBpm>
						<Extensions>
							<ns3:TPX>
								<ns3:Speed>8.94</ns3:Speed>
								<ns3:Watts>46</ns3:Watts>
							</ns3:TPX>
						</Extensions>
					</Trackpoint>
					<Trackpoint>
						<Time>2025-01-28T15:06:07.860Z</Time>
						<Position>
							<LatitudeDegrees>47.950126515</LatitudeDegrees>
							<LongitudeDegrees>7.788880142</LongitudeDegrees>
						</Position>
						<AltitudeMeters>414.35</AltitudeMeters>
						<DistanceMeters>7240.13</DistanceMeters>
						<HeartRateBpm>
							<Value>141</Value>
						</HeartRateBpm>
						<Extensions>
							<ns3:TPX>
								<ns3:Speed>8.75</ns3:Speed>
								<ns3:Watts>53</ns3:Watts>
							</ns3:TPX>
						</Extensions>
					</Trackpoint>
					<Trackpoint>
						<Time>2025-01-28T15:06:08.860Z</Time>
						<Position>
							<LatitudeDegrees>47.950183511</LatitudeDegrees>
							<LongitudeDegrees>7.788795886</LongitudeDegrees>
						</Position>
						<AltitudeMeters>412.80</AltitudeMeters>
						<DistanceMeters>7249.06</DistanceMeters>
						<HeartRateBpm>
							<Value>141</Value>
						</HeartRateBpm>
						<Extensions>
							<ns3:TPX>
								<ns3:Speed>8.64</ns3:Speed>
								<ns3:Watts>28</ns3:Watts>
							</ns3:TPX>
						</Extensions>
					</Trackpoint>
					<Trackpoint>
						<Time>2025-01-28T15:06:09.859Z</Time>
						<Position>
							<LatitudeDegrees>47.950231762</LatitudeDegrees>
							<LongitudeDegrees>7.788704998</LongitudeDegrees>
						</Position>
						<AltitudeMeters>413.36</AltitudeMeters>
						<DistanceMeters>7257.72</DistanceMeters>
						<HeartRateBpm>
							<Value>141</Value>
						</HeartRateBpm>
						<Extensions>
							<ns3:TPX>
								<ns3:Speed>8.73</ns3:Speed>
							</ns3:TPX>
						</Extensions>
					</Trackpoint>
					<Trackpoint>
						<Time>2025-01-28T15:06:10.857Z</Time>
						<Position>
							<LatitudeDegrees>47.950278030</LatitudeDegrees>
							<LongitudeDegrees>7.788612137</LongitudeDegrees>
						</Position>
						<AltitudeMeters>415.09</AltitudeMeters>
						<DistanceMeters>7266.35</DistanceMeters>
						<HeartRateBpm>
							<Value>141</Value>
						</HeartRateBpm>
						<Extensions>
							<ns3:TPX>
								<ns3:Speed>8.79</ns3:Speed>
							</ns3:TPX>
						</Extensions>
					</Trackpoint>
					<Trackpoint>
						<Time>2025-01-28T15:06:11.856Z</Time>
						<Position>
							<LatitudeDegrees>47.950333117</LatitudeDegrees>
							<LongitudeDegrees>7.788526651</LongitudeDegrees>
						</Position>
						<AltitudeMeters>414.47</AltitudeMeters>
						<DistanceMeters>7275.20</DistanceMeters>
						<HeartRateBpm>
							<Value>141</Value>
						</HeartRateBpm>
						<Extensions>
							<ns3:TPX>
								<ns3:Speed>8.48</ns3:Speed>
							</ns3:TPX>
						</Extensions>
					</Trackpoint>
					<Trackpoint>
						<Time>2025-01-28T15:06:12.859Z</Time>
						<Position>
							<LatitudeDegrees>47.950382627</LatitudeDegrees>
							<LongitudeDegrees>7.788431152</LongitudeDegrees>
						</Position>
						<AltitudeMeters>416.55</AltitudeMeters>
						<DistanceMeters>7284.21</DistanceMeters>
						<HeartRateBpm>
							<Value>141</Value>
						</HeartRateBpm>
						<Extensions>
							<ns3:TPX>
								<ns3:Speed>8.36</ns3:Speed>
							</ns3:TPX>
						</Extensions>
					</Trackpoint>
					<Trackpoint>
						<Time>2025-01-28T15:06:13.860Z</Time>
						<Position>
							<LatitudeDegrees>47.950423535</LatitudeDegrees>
							<LongitudeDegrees>7.788343775</LongitudeDegrees>
						</Position>
						<AltitudeMeters>417.02</AltitudeMeters>
						<DistanceMeters>7292.16</DistanceMeters>
						<HeartRateBpm>
							<Value>141</Value>
						</HeartRateBpm>
						<Extensions>
							<ns3:TPX>
								<ns3:Speed>8.29</ns3:Speed>
								<ns3:Watts>79</ns3:Watts>
							</ns3:TPX>
						</Extensions>
					</Trackpoint>
					<Trackpoint>
						<Time>2025-01-28T15:06:14.860Z</Time>
						<Position>
							<LatitudeDegrees>47.950486005</LatitudeDegrees>
							<LongitudeDegrees>7.788276846</LongitudeDegrees>
						</Position>
						<AltitudeMeters>414.82</AltitudeMeters>
						<DistanceMeters>7300.72</DistanceMeters>
						<HeartRateBpm>
							<Value>141</Value>
						</HeartRateBpm>
						<Extensions>
							<ns3:TPX>
								<ns3:Speed>8.12</ns3:Speed>
								<ns3:Watts>73</ns3:Watts>
							</ns3:TPX>
						</Extensions>
					</Trackpoint>
					<Trackpoint>
						<Time>2025-01-28T15:06:15.861Z</Time>
						<Position>
							<LatitudeDegrees>47.950541949</LatitudeDegrees>
							<LongitudeDegrees>7.788201894</LongitudeDegrees>
						</Position>
						<AltitudeMeters>414.57</AltitudeMeters>
						<DistanceMeters>7309.09</DistanceMeters>
						<HeartRateBpm>
							<Value>141</Value>
						</HeartRateBpm>
						<Extensions>
							<ns3:TPX>
								<ns3:Speed>7.96</ns3:Speed>
								<ns3:Watts>53</ns3:Watts>
							</ns3:TPX>
						</Extensions>
					</Trackpoint>
					<Trackpoint>
						<Time>2025-01-28T15:06:16.860Z</Time>
						<Position>
							<LatitudeDegrees>47.950599980</LatitudeDegrees>
							<LongitudeDegrees>7.788135946</LongitudeDegrees>
						</Position>
						<AltitudeMeters>414.59</AltitudeMeters>
						<DistanceMeters>7317.21</DistanceMeters>
						<HeartRateBpm>
							<Value>141</Value>
						</HeartRateBpm>
						<Extensions>
							<ns3:TPX>
								<ns3:Speed>7.72</ns3:Speed>
								<ns3:Watts>57</ns3:Watts>
							</ns3:TPX>
						</Extensions>
					</Trackpoint>
					<Trackpoint>
						<Time>2025-01-28T15:06:17.861Z</Time>
						<Position>
							<LatitudeDegrees>47.950660584</LatitudeDegrees>
							<LongitudeDegrees>7.788078061</LongitudeDegrees>
						</Position>
						<AltitudeMeters>413.41</AltitudeMeters>
						<DistanceMeters>7325.21</DistanceMeters>
						<HeartRateBpm>
							<Value>140</Value>
						</HeartRateBpm>
						<Extensions>
							<ns3:TPX>
								<ns3:Speed>7.46</ns3:Speed>
								<ns3:Watts>44</ns3:Watts>
							</ns3:TPX>
						</Extensions>
					</Trackpoint>
					<Trackpoint>
						<Time>2025-01-28T15:06:18.860Z</Time>
						<Position>
							<LatitudeDegrees>47.950714827</LatitudeDegrees>
							<LongitudeDegrees>7.788020184</LongitudeDegrees>
						</Position>
						<AltitudeMeters>413.98</AltitudeMeters>
						<DistanceMeters>7332.63</DistanceMeters>
						<HeartRateBpm>
							<Value>140</Value>
						</HeartRateBpm>
						<Extensions>
							<ns3:TPX>
								<ns3:Speed>7.25</ns3:Speed>
								<ns3:Watts>98</ns3:Watts>
							</ns3:TPX>
						</Extensions>
					</Trackpoint>
					<Trackpoint>
						<Time>2025-01-28T15:06:19.861Z</Time>
						<Position>
							<LatitudeDegrees>47.950767136</LatitudeDegrees>
							<LongitudeDegrees>7.787965560</LongitudeDegrees>
						</Position>
						<AltitudeMeters>415.42</AltitudeMeters>
						<DistanceMeters>7339.74</DistanceMeters>
						<HeartRateBpm>
							<Value>140</Value>
						</HeartRateBpm>
						<Extensions>
							<ns3:TPX>
								<ns3:Speed>6.93</ns3:Speed>
								<ns3:Watts>151</ns3:Watts>
							</ns3:TPX>
						</Extensions>
					</Trackpoint>
					<Trackpoint>
						<Time>2025-01-28T15:06:20.862Z</Time>
						<Position>
							<LatitudeDegrees>47.950819204</LatitudeDegrees>
							<LongitudeDegrees>7.787912257</LongitudeDegrees>
						</Position>
						<AltitudeMeters>416.66</AltitudeMeters>
						<DistanceMeters>7346.76</DistanceMeters>
						<HeartRateBpm>
							<Value>140</Value>
						</HeartRateBpm>
						<Extensions>
							<ns3:TPX>
								<ns3:Speed>6.87</ns3:Speed>
								<ns3:Watts>169</ns3:Watts>
							</ns3:TPX>
						</Extensions>
					</Trackpoint>
					<Trackpoint>
						<Time>2025-01-28T15:06:21.862Z</Time>
						<Position>
							<LatitudeDegrees>47.950872575</LatitudeDegrees>
							<LongitudeDegrees>7.787876063</LongitudeDegrees>
						</Position>
						<AltitudeMeters>416.81</AltitudeMeters>
						<DistanceMeters>7353.29</DistanceMeters>
						<HeartRateBpm>
							<Value>140</Value>
						</HeartRateBpm>
						<Extensions>
							<ns3:TPX>
								<ns3:Speed>6.76</ns3:Speed>
								<ns3:Watts>206</ns3:Watts>
							</ns3:TPX>
						</Extensions>
					</Trackpoint>
					<Trackpoint>
						<Time>2025-01-28T15:06:22.860Z</Time>
						<Position>
							<LatitudeDegrees>47.950935024</LatitudeDegrees>
							<LongitudeDegrees>7.787850560</LongitudeDegrees>
						</Position>
						<AltitudeMeters>416.25</AltitudeMeters>
						<DistanceMeters>7360.49</DistanceMeters>
						<HeartRateBpm>
							<Value>140</Value>
						</HeartRateBpm>
						<Extensions>
							<ns3:TPX>
								<ns3:Speed>6.43</ns3:Speed>
								<ns3:Watts>193</ns3:Watts>
							</ns3:TPX>
						</Extensions>
					</Trackpoint>
					<Trackpoint>
						<Time>2025-01-28T15:06:23.860Z</Time>
						<Position>
							<LatitudeDegrees>47.950992371</LatitudeDegrees>
							<LongitudeDegrees>7.787821897</LongitudeDegrees>
						</Position>
						<AltitudeMeters>416.26</AltitudeMeters>
						<DistanceMeters>7367.21</DistanceMeters>
						<HeartRateBpm>
							<Value>140</Value>
						</HeartRateBpm>
						<Extensions>
							<ns3:TPX>
								<ns3:Speed>6.17</ns3:Speed>
								<ns3:Watts>176</ns3:Watts>
							</ns3:TPX>
						</Extensions>
					</Trackpoint>
					<Trackpoint>
						<Time>2025-01-28T15:06:24.860Z</Time>
						<Position>
							<LatitudeDegrees>47.951043372</LatitudeDegrees>
							<LongitudeDegrees>7.787794482</LongitudeDegrees>
						</Position>
						<AltitudeMeters>416.30</AltitudeMeters>
						<DistanceMeters>7373.24</DistanceMeters>
						<HeartRateBpm>
							<Value>139</Value>
						</HeartRateBpm>
						<Extensions>
							<ns3:TPX>
								<ns3:Speed>6.07</ns3:Speed>
								<ns3:Watts>197</ns3:Watts>
							</ns3:TPX>
						</Extensions>
					</Trackpoint>
					<Trackpoint>
						<Time>2025-01-28T15:06:25.861Z</Time>
						<Position>
							<LatitudeDegrees>47.951096605</LatitudeDegrees>
							<LongitudeDegrees>7.787766127</LongitudeDegrees>
						</Position>
						<AltitudeMeters>417.38</AltitudeMeters>
						<DistanceMeters>7379.53</DistanceMeters>
						<HeartRateBpm>
							<Value>139</Value>
						</HeartRateBpm>
						<Extensions>
							<ns3:TPX>
								<ns3:Speed>5.96</ns3:Speed>
								<ns3:Watts>203</ns3:Watts>
							</ns3:TPX>
						</Extensions>
					</Trackpoint>
					<Trackpoint>
						<Time>2025-01-28T15:06:26.857Z</Time>
						<Position>
							<LatitudeDegrees>47.951149593</LatitudeDegrees>
							<LongitudeDegrees>7.787750522</LongitudeDegrees>
						</Position>
						<AltitudeMeters>416.56</AltitudeMeters>
						<DistanceMeters>7385.53</DistanceMeters>
						<HeartRateBpm>
							<Value>138</Value>
						</HeartRateBpm>
						<Extensions>
							<ns3:TPX>
								<ns3:Speed>5.85</ns3:Speed>
								<ns3:Watts>201</ns3:Watts>
							</ns3:TPX>
						</Extensions>
					</Trackpoint>
					<Trackpoint>
						<Time>2025-01-28T15:06:27.862Z</Time>
						<Position>
							<LatitudeDegrees>47.951200945</LatitudeDegrees>
							<LongitudeDegrees>7.787735903</LongitudeDegrees>
						</Position>
						<AltitudeMeters>415.88</AltitudeMeters>
						<DistanceMeters>7391.35</DistanceMeters>
						<HeartRateBpm>
							<Value>138</Value>
						</HeartRateBpm>
						<Extensions>
							<ns3:TPX>
								<ns3:Speed>5.78</ns3:Speed>
								<ns3:Watts>211</ns3:Watts>
							</ns3:TPX>
						</Extensions>
					</Trackpoint>
					<Trackpoint>
						<Time>2025-01-28T15:06:28.860Z</Time>
						<Position>
							<LatitudeDegrees>47.951251050</LatitudeDegrees>
							<LongitudeDegrees>7.787715248</LongitudeDegrees>
						</Position>
						<AltitudeMeters>417.37</AltitudeMeters>
						<DistanceMeters>7397.13</DistanceMeters>
						<HeartRateBpm>
							<Value>138</Value>
						</HeartRateBpm>
						<Extensions>
							<ns3:TPX>
								<ns3:Speed>5.82</ns3:Speed>
								<ns3:Watts>203</ns3:Watts>
							</ns3:TPX>
						</Extensions>
					</Trackpoint>
					<Trackpoint>
						<Time>2025-01-28T15:06:29.859Z</Time>
						<Position>
							<LatitudeDegrees>47.951299325</LatitudeDegrees>
							<LongitudeDegrees>7.787690833</LongitudeDegrees>
						</Position>
						<AltitudeMeters>417.58</AltitudeMeters>
						<DistanceMeters>7402.80</DistanceMeters>
						<HeartRateBpm>
							<Value>138</Value>
						</HeartRateBpm>
						<Extensions>
							<ns3:TPX>
								<ns3:Speed>5.95</ns3:Speed>
								<ns3:Watts>192</ns3:Watts>
							</ns3:TPX>
						</Extensions>
					</Trackpoint>
					<Trackpoint>
						<Time>2025-01-28T15:06:30.851Z</Time>
						<Position>
							<LatitudeDegrees>47.951349634</LatitudeDegrees>
							<LongitudeDegrees>7.787668919</LongitudeDegrees>
						</Position>
						<AltitudeMeters>416.66</AltitudeMeters>
						<DistanceMeters>7408.63</DistanceMeters>
						<HeartRateBpm>
							<Value>138</Value>
						</HeartRateBpm>
						<Extensions>
							<ns3:TPX>
								<ns3:Speed>5.97</ns3:Speed>
								<ns3:Watts>164</ns3:Watts>
							</ns3:TPX>
						</Extensions>
					</Trackpoint>
					<Trackpoint>
						<Time>2025-01-28T15:06:31.858Z</Time>
						<Position>
							<LatitudeDegrees>47.951401662</LatitudeDegrees>
							<LongitudeDegrees>7.787644867</LongitudeDegrees>
						</Position>
						<AltitudeMeters>415.71</AltitudeMeters>
						<DistanceMeters>7414.68</DistanceMeters>
						<HeartRateBpm>
							<Value>138</Value>
						</HeartRateBpm>
						<Extensions>
							<ns3:TPX>
								<ns3:Speed>5.99</ns3:Speed>
								<ns3:Watts>136</ns3:Watts>
							</ns3:TPX>
						</Extensions>
					</Trackpoint>
					<Trackpoint>
						<Time>2025-01-28T15:06:34.861Z</Time>
						<Position>
							<LatitudeDegrees>47.951552245</LatitudeDegrees>
							<LongitudeDegrees>7.787559108</LongitudeDegrees>
						</Position>
						<AltitudeMeters>417.28</AltitudeMeters>
						<DistanceMeters>7432.61</DistanceMeters>
						<HeartRateBpm>
							<Value>137</Value>
						</HeartRateBpm>
						<Extensions>
							<ns3:TPX>
								<ns3:Speed>6.48</ns3:Speed>
								<ns3:Watts>204</ns3:Watts>
							</ns3:TPX>
						</Extensions>
					</Trackpoint>
					<Trackpoint>
						<Time>2025-01-28T15:06:35.862Z</Time>
						<Position>
							<LatitudeDegrees>47.951601536</LatitudeDegrees>
							<LongitudeDegrees>7.787519932</LongitudeDegrees>
						</Position>
						<AltitudeMeters>417.10</AltitudeMeters>
						<DistanceMeters>7438.82</DistanceMeters>
						<HeartRateBpm>
							<Value>137</Value>
						</HeartRateBpm>
						<Extensions>
							<ns3:TPX>
								<ns3:Speed>6.50</ns3:Speed>
								<ns3:Watts>213</ns3:Watts>
							</ns3:TPX>
						</Extensions>
					</Trackpoint>
					<Trackpoint>
						<Time>2025-01-28T15:06:36.861Z</Time>
						<Position>
							<LatitudeDegrees>47.951657848</LatitudeDegrees>
							<LongitudeDegrees>7.787477631</LongitudeDegrees>
						</Position>
						<AltitudeMeters>416.90</AltitudeMeters>
						<DistanceMeters>7445.84</DistanceMeters>
						<HeartRateBpm>
							<Value>137</Value>
						</HeartRateBpm>
						<Extensions>
							<ns3:TPX>
								<ns3:Speed>6.66</ns3:Speed>
								<ns3:Watts>200</ns3:Watts>
							</ns3:TPX>
						</Extensions>
					</Trackpoint>
					<Trackpoint>
						<Time>2025-01-28T15:06:37.859Z</Time>
						<Position>
							<LatitudeDegrees>47.951714751</LatitudeDegrees>
							<LongitudeDegrees>7.787446453</LongitudeDegrees>
						</Position>
						<AltitudeMeters>416.51</AltitudeMeters>
						<DistanceMeters>7452.58</DistanceMeters>
						<HeartRateBpm>
							<Value>138</Value>
						</HeartRateBpm>
						<Extensions>
							<ns3:TPX>
								<ns3:Speed>6.84</ns3:Speed>
								<ns3:Watts>256</ns3:Watts>
							</ns3:TPX>
						</Extensions>
					</Trackpoint>
					<Trackpoint>
						<Time>2025-01-28T15:06:38.860Z</Time>
						<Position>
							<LatitudeDegrees>47.951767181</LatitudeDegrees>
							<LongitudeDegrees>7.787390172</LongitudeDegrees>
						</Position>
						<AltitudeMeters>416.44</AltitudeMeters>
						<DistanceMeters>7459.76</DistanceMeters>
						<HeartRateBpm>
							<Value>137</Value>
						</HeartRateBpm>
						<Extensions>
							<ns3:TPX>
								<ns3:Speed>7.14</ns3:Speed>
								<ns3:Watts>227</ns3:Watts>
							</ns3:TPX>
						</Extensions>
					</Trackpoint>
					<Trackpoint>
						<Time>2025-01-28T15:06:39.861Z</Time>
						<Position>
							<LatitudeDegrees>47.951819898</LatitudeDegrees>
							<LongitudeDegrees>7.787340353</LongitudeDegrees>
						</Position>
						<AltitudeMeters>416.12</AltitudeMeters>
						<DistanceMeters>7466.71</DistanceMeters>
						<HeartRateBpm>
							<Value>137</Value>
						</HeartRateBpm>
						<Extensions>
							<ns3:TPX>
								<ns3:Speed>7.48</ns3:Speed>
								<ns3:Watts>215</ns3:Watts>
							</ns3:TPX>
						</Extensions>
					</Trackpoint>
					<Trackpoint>
						<Time>2025-01-28T15:06:40.859Z</Time>
						<Position>
							<LatitudeDegrees>47.951874570</LatitudeDegrees>
							<LongitudeDegrees>7.787284518</LongitudeDegrees>
						</Position>
						<AltitudeMeters>416.12</AltitudeMeters>
						<DistanceMeters>7474.08</DistanceMeters>
						<HeartRateBpm>
							<Value>137</Value>
						</HeartRateBpm>
						<Extensions>
							<ns3:TPX>
								<ns3:Speed>7.49</ns3:Speed>
								<ns3:Watts>221</ns3:Watts>
							</ns3:TPX>
						</Extensions>
					</Trackpoint>
					<Trackpoint>
						<Time>2025-01-28T15:06:41.860Z</Time>
						<Position>
							<LatitudeDegrees>47.951928594</LatitudeDegrees>
							<LongitudeDegrees>7.787220568</LongitudeDegrees>
						</Position>
						<AltitudeMeters>416.49</AltitudeMeters>
						<DistanceMeters>7481.75</DistanceMeters>
						<HeartRateBpm>
							<Value>137</Value>
						</HeartRateBpm>
						<Extensions>
							<ns3:TPX>
								<ns3:Speed>7.62</ns3:Speed>
								<ns3:Watts>198</ns3:Watts>
							</ns3:TPX>
						</Extensions>
					</Trackpoint>
					<Trackpoint>
						<Time>2025-01-28T15:06:42.860Z</Time>
						<Position>
							<LatitudeDegrees>47.951976677</LatitudeDegrees>
							<LongitudeDegrees>7.787151725</LongitudeDegrees>
						</Position>
						<AltitudeMeters>416.37</AltitudeMeters>
						<DistanceMeters>7489.17</DistanceMeters>
						<HeartRateBpm>
							<Value>137</Value>
						</HeartRateBpm>
						<Extensions>
							<ns3:TPX>
								<ns3:Speed>8.03</ns3:Speed>
								<ns3:Watts>241</ns3:Watts>
							</ns3:TPX>
						</Extensions>
					</Trackpoint>
					<Trackpoint>
						<Time>2025-01-28T15:06:43.861Z</Time>
						<Position>
							<LatitudeDegrees>47.952021868</LatitudeDegrees>
							<LongitudeDegrees>7.787082807</LongitudeDegrees>
						</Position>
						<AltitudeMeters>416.42</AltitudeMeters>
						<DistanceMeters>7496.36</DistanceMeters>
						<HeartRateBpm>
							<Value>137</Value>
						</HeartRateBpm>
						<Extensions>
							<ns3:TPX>
								<ns3:Speed>8.22</ns3:Speed>
								<ns3:Watts>336</ns3:Watts>
							</ns3:TPX>
						</Extensions>
					</Trackpoint>
					<Trackpoint>
						<Time>2025-01-28T15:06:44.861Z</Time>
						<Position>
							<LatitudeDegrees>47.952079097</LatitudeDegrees>
							<LongitudeDegrees>7.787013514</LongitudeDegrees>
						</Position>
						<AltitudeMeters>415.62</AltitudeMeters>
						<DistanceMeters>7504.57</DistanceMeters>
						<HeartRateBpm>
							<Value>137</Value>
						</HeartRateBpm>
						<Extensions>
							<ns3:TPX>
								<ns3:Speed>8.29</ns3:Speed>
								<ns3:Watts>337</ns3:Watts>
							</ns3:TPX>
						</Extensions>
					</Trackpoint>
					<Trackpoint>
						<Time>2025-01-28T15:06:45.860Z</Time>
						<Position>
							<LatitudeDegrees>47.952127639</LatitudeDegrees>
							<LongitudeDegrees>7.786928082</LongitudeDegrees>
						</Position>
						<AltitudeMeters>415.50</AltitudeMeters>
						<DistanceMeters>7512.92</DistanceMeters>
						<HeartRateBpm>
							<Value>138</Value>
						</HeartRateBpm>
						<Extensions>
							<ns3:TPX>
								<ns3:Speed>8.78</ns3:Speed>
								<ns3:Watts>319</ns3:Watts>
							</ns3:TPX>
						</Extensions>
					</Trackpoint>
					<Trackpoint>
						<Time>2025-01-28T15:06:46.861Z</Time>
						<Position>
							<LatitudeDegrees>47.952162632</LatitudeDegrees>
							<LongitudeDegrees>7.786819898</LongitudeDegrees>
						</Position>
						<AltitudeMeters>415.10</AltitudeMeters>
						<DistanceMeters>7521.89</DistanceMeters>
						<HeartRateBpm>
							<Value>138</Value>
						</HeartRateBpm>
						<Extensions>
							<ns3:TPX>
								<ns3:Speed>9.08</ns3:Speed>
								<ns3:Watts>332</ns3:Watts>
							</ns3:TPX>
						</Extensions>
					</Trackpoint>
					<Trackpoint>
						<Time>2025-01-28T15:06:47.862Z</Time>
						<Position>
							<LatitudeDegrees>47.952195833</LatitudeDegrees>
							<LongitudeDegrees>7.786697055</LongitudeDegrees>
						</Position>
						<AltitudeMeters>414.86</AltitudeMeters>
						<DistanceMeters>7531.78</DistanceMeters>
						<HeartRateBpm>
							<Value>138</Value>
						</HeartRateBpm>
						<Extensions>
							<ns3:TPX>
								<ns3:Speed>9.46</ns3:Speed>
								<ns3:Watts>314</ns3:Watts>
							</ns3:TPX>
						</Extensions>
					</Trackpoint>
					<Trackpoint>
						<Time>2025-01-28T15:06:48.860Z</Time>
						<Position>
							<LatitudeDegrees>47.952232009</LatitudeDegrees>
							<LongitudeDegrees>7.786589418</LongitudeDegrees>
						</Position>
						<AltitudeMeters>414.23</AltitudeMeters>
						<DistanceMeters>7540.77</DistanceMeters>
						<HeartRateBpm>
							<Value>137</Value>
						</HeartRateBpm>
						<Extensions>
							<ns3:TPX>
								<ns3:Speed>9.50</ns3:Speed>
								<ns3:Watts>326</ns3:Watts>
							</ns3:TPX>
						</Extensions>
					</Trackpoint>
					<Trackpoint>
						<Time>2025-01-28T15:06:49.857Z</Time>
						<Position>
							<LatitudeDegrees>47.952249874</LatitudeDegrees>
							<LongitudeDegrees>7.786461103</LongitudeDegrees>
						</Position>
						<AltitudeMeters>413.89</AltitudeMeters>
						<DistanceMeters>7550.56</DistanceMeters>
						<HeartRateBpm>
							<Value>137</Value>
						</HeartRateBpm>
						<Extensions>
							<ns3:TPX>
								<ns3:Speed>9.78</ns3:Speed>
								<ns3:Watts>359</ns3:Watts>
							</ns3:TPX>
						</Extensions>
					</Trackpoint>
					<Trackpoint>
						<Time>2025-01-28T15:06:50.854Z</Time>
						<Position>
							<LatitudeDegrees>47.952271730</LatitudeDegrees>
							<LongitudeDegrees>7.786338934</LongitudeDegrees>
						</Position>
						<AltitudeMeters>413.05</AltitudeMeters>
						<DistanceMeters>7560.00</DistanceMeters>
						<HeartRateBpm>
							<Value>137</Value>
						</HeartRateBpm>
						<Extensions>
							<ns3:TPX>
								<ns3:Speed>10.20</ns3:Speed>
								<ns3:Watts>335</ns3:Watts>
							</ns3:TPX>
						</Extensions>
					</Trackpoint>
					<Trackpoint>
						<Time>2025-01-28T15:06:51.852Z</Time>
						<Position>
							<LatitudeDegrees>47.952290694</LatitudeDegrees>
							<LongitudeDegrees>7.786206114</LongitudeDegrees>
						</Position>
						<AltitudeMeters>412.37</AltitudeMeters>
						<DistanceMeters>7570.14</DistanceMeters>
						<HeartRateBpm>
							<Value>136</Value>
						</HeartRateBpm>
						<Extensions>
							<ns3:TPX>
								<ns3:Speed>10.95</ns3:Speed>
								<ns3:Watts>192</ns3:Watts>
							</ns3:TPX>
						</Extensions>
					</Trackpoint>
					<Trackpoint>
						<Time>2025-01-28T15:06:52.855Z</Time>
						<Position>
							<LatitudeDegrees>47.952304151</LatitudeDegrees>
							<LongitudeDegrees>7.786060832</LongitudeDegrees>
						</Position>
						<AltitudeMeters>411.67</AltitudeMeters>
						<DistanceMeters>7581.10</DistanceMeters>
						<HeartRateBpm>
							<Value>136</Value>
						</HeartRateBpm>
						<Extensions>
							<ns3:TPX>
								<ns3:Speed>11.41</ns3:Speed>
								<ns3:Watts>83</ns3:Watts>
							</ns3:TPX>
						</Extensions>
					</Trackpoint>
					<Trackpoint>
						<Time>2025-01-28T15:06:53.856Z</Time>
						<Position>
							<LatitudeDegrees>47.952319322</LatitudeDegrees>
							<LongitudeDegrees>7.785920795</LongitudeDegrees>
						</Position>
						<AltitudeMeters>415.55</AltitudeMeters>
						<DistanceMeters>7591.69</DistanceMeters>
						<HeartRateBpm>
							<Value>136</Value>
						</HeartRateBpm>
						<Extensions>
							<ns3:TPX>
								<ns3:Speed>11.66</ns3:Speed>
							</ns3:TPX>
						</Extensions>
					</Trackpoint>
					<Trackpoint>
						<Time>2025-01-28T15:06:54.855Z</Time>
						<Position>
							<LatitudeDegrees>47.952347179</LatitudeDegrees>
							<LongitudeDegrees>7.785765754</LongitudeDegrees>
						</Position>
						<AltitudeMeters>414.39</AltitudeMeters>
						<DistanceMeters>7603.68</DistanceMeters>
						<HeartRateBpm>
							<Value>135</Value>
						</HeartRateBpm>
						<Extensions>
							<ns3:TPX>
								<ns3:Speed>12.11</ns3:Speed>
							</ns3:TPX>
						</Extensions>
					</Trackpoint>
					<Trackpoint>
						<Time>2025-01-28T15:06:55.856Z</Time>
						<Position>
							<LatitudeDegrees>47.952384084</LatitudeDegrees>
							<LongitudeDegrees>7.785614994</LongitudeDegrees>
						</Position>
						<AltitudeMeters>413.77</AltitudeMeters>
						<DistanceMeters>7615.66</DistanceMeters>
						<HeartRateBpm>
							<Value>135</Value>
						</HeartRateBpm>
						<Extensions>
							<ns3:TPX>
								<ns3:Speed>12.57</ns3:Speed>
								<ns3:Watts>115</ns3:Watts>
							</ns3:TPX>
						</Extensions>
					</Trackpoint>
					<Trackpoint>
						<Time>2025-01-28T15:06:56.856Z</Time>
						<Position>
							<LatitudeDegrees>47.952434936</LatitudeDegrees>
							<LongitudeDegrees>7.785469567</LongitudeDegrees>
						</Position>
						<AltitudeMeters>409.99</AltitudeMeters>
						<DistanceMeters>7627.91</DistanceMeters>
						<HeartRateBpm>
							<Value>135</Value>
						</HeartRateBpm>
						<Extensions>
							<ns3:TPX>
								<ns3:Speed>12.71</ns3:Speed>
								<ns3:Watts>23</ns3:Watts>
							</ns3:TPX>
						</Extensions>
					</Trackpoint>
					<Trackpoint>
						<Time>2025-01-28T15:06:57.855Z</Time>
						<Position>
							<LatitudeDegrees>47.952512150</LatitudeDegrees>
							<LongitudeDegrees>7.785323354</LongitudeDegrees>
						</Position>
						<AltitudeMeters>408.39</AltitudeMeters>
						<DistanceMeters>7641.80</DistanceMeters>
						<HeartRateBpm>
							<Value>135</Value>
						</HeartRateBpm>
						<Extensions>
							<ns3:TPX>
								<ns3:Speed>13.53</ns3:Speed>
							</ns3:TPX>
						</Extensions>
					</Trackpoint>
					<Trackpoint>
						<Time>2025-01-28T15:06:59.855Z</Time>
						<Position>
							<LatitudeDegrees>47.952694268</LatitudeDegrees>
							<LongitudeDegrees>7.785073916</LongitudeDegrees>
						</Position>
						<AltitudeMeters>408.59</AltitudeMeters>
						<DistanceMeters>7669.31</DistanceMeters>
						<HeartRateBpm>
							<Value>134</Value>
						</HeartRateBpm>
						<Extensions>
							<ns3:TPX>
								<ns3:Speed>13.78</ns3:Speed>
							</ns3:TPX>
						</Extensions>
					</Trackpoint>
					<Trackpoint>
						<Time>2025-01-28T15:07:01.856Z</Time>
						<Position>
							<LatitudeDegrees>47.952846390</LatitudeDegrees>
							<LongitudeDegrees>7.784786283</LongitudeDegrees>
						</Position>
						<AltitudeMeters>403.78</AltitudeMeters>
						<DistanceMeters>7696.66</DistanceMeters>
						<HeartRateBpm>
							<Value>133</Value>
						</HeartRateBpm>
						<Extensions>
							<ns3:TPX>
								<ns3:Speed>13.93</ns3:Speed>
							</ns3:TPX>
						</Extensions>
					</Trackpoint>
					<Trackpoint>
						<Time>2025-01-28T15:07:03.857Z</Time>
						<Position>
							<LatitudeDegrees>47.952973929</LatitudeDegrees>
							<LongitudeDegrees>7.784460176</LongitudeDegrees>
						</Position>
						<AltitudeMeters>402.38</AltitudeMeters>
						<DistanceMeters>7724.84</DistanceMeters>
						<HeartRateBpm>
							<Value>132</Value>
						</HeartRateBpm>
						<Extensions>
							<ns3:TPX>
								<ns3:Speed>14.07</ns3:Speed>
							</ns3:TPX>
						</Extensions>
					</Trackpoint>
					<Trackpoint>
						<Time>2025-01-28T15:07:05.857Z</Time>
						<Position>
							<LatitudeDegrees>47.953081035</LatitudeDegrees>
							<LongitudeDegrees>7.784116031</LongitudeDegrees>
						</Position>
						<AltitudeMeters>399.69</AltitudeMeters>
						<DistanceMeters>7753.17</DistanceMeters>
						<HeartRateBpm>
							<Value>132</Value>
						</HeartRateBpm>
						<Extensions>
							<ns3:TPX>
								<ns3:Speed>14.10</ns3:Speed>
							</ns3:TPX>
						</Extensions>
					</Trackpoint>
					<Trackpoint>
						<Time>2025-01-28T15:07:07.855Z</Time>
						<Position>
							<LatitudeDegrees>47.953130199</LatitudeDegrees>
							<LongitudeDegrees>7.783737505</LongitudeDegrees>
						</Position>
						<AltitudeMeters>393.48</AltitudeMeters>
						<DistanceMeters>7781.96</DistanceMeters>
						<HeartRateBpm>
							<Value>131</Value>
						</HeartRateBpm>
						<Extensions>
							<ns3:TPX>
								<ns3:Speed>14.17</ns3:Speed>
							</ns3:TPX>
						</Extensions>
					</Trackpoint>
					<Trackpoint>
						<Time>2025-01-28T15:07:09.857Z</Time>
						<Position>
							<LatitudeDegrees>47.953129240</LatitudeDegrees>
							<LongitudeDegrees>7.783344763</LongitudeDegrees>
						</Position>
						<AltitudeMeters>389.54</AltitudeMeters>
						<DistanceMeters>7811.30</DistanceMeters>
						<HeartRateBpm>
							<Value>130</Value>
						</HeartRateBpm>
						<Extensions>
							<ns3:TPX>
								<ns3:Speed>13.92</ns3:Speed>
							</ns3:TPX>
						</Extensions>
					</Trackpoint>
					<Trackpoint>
						<Time>2025-01-28T15:07:11.862Z</Time>
						<Position>
							<LatitudeDegrees>47.953055150</LatitudeDegrees>
							<LongitudeDegrees>7.782968233</LongitudeDegrees>
						</Position>
						<AltitudeMeters>384.48</AltitudeMeters>
						<DistanceMeters>7840.60</DistanceMeters>
						<HeartRateBpm>
							<Value>130</Value>
						</HeartRateBpm>
						<Extensions>
							<ns3:TPX>
								<ns3:Speed>12.54</ns3:Speed>
							</ns3:TPX>
						</Extensions>
					</Trackpoint>
					<Trackpoint>
						<Time>2025-01-28T15:07:13.857Z</Time>
						<Position>
							<LatitudeDegrees>47.952988481</LatitudeDegrees>
							<LongitudeDegrees>7.782651696</LongitudeDegrees>
						</Position>
						<AltitudeMeters>383.03</AltitudeMeters>
						<DistanceMeters>7865.38</DistanceMeters>
						<HeartRateBpm>
							<Value>129</Value>
						</HeartRateBpm>
						<Extensions>
							<ns3:TPX>
								<ns3:Speed>11.74</ns3:Speed>
							</ns3:TPX>
						</Extensions>
					</Trackpoint>
					<Trackpoint>
						<Time>2025-01-28T15:07:15.859Z</Time>
						<Position>
							<LatitudeDegrees>47.952982980</LatitudeDegrees>
							<LongitudeDegrees>7.782347476</LongitudeDegrees>
						</Position>
						<AltitudeMeters>382.76</AltitudeMeters>
						<DistanceMeters>7888.11</DistanceMeters>
						<HeartRateBpm>
							<Value>128</Value>
						</HeartRateBpm>
						<Extensions>
							<ns3:TPX>
								<ns3:Speed>11.04</ns3:Speed>
							</ns3:TPX>
						</Extensions>
					</Trackpoint>
					<Trackpoint>
						<Time>2025-01-28T15:07:17.860Z</Time>
						<Position>
							<LatitudeDegrees>47.953077414</LatitudeDegrees>
							<LongitudeDegrees>7.782080159</LongitudeDegrees>
						</Position>
						<AltitudeMeters>382.25</AltitudeMeters>
						<DistanceMeters>7910.66</DistanceMeters>
						<HeartRateBpm>
							<Value>128</Value>
						</HeartRateBpm>
						<Extensions>
							<ns3:TPX>
								<ns3:Speed>11.08</ns3:Speed>
							</ns3:TPX>
						</Extensions>
					</Trackpoint>
					<Trackpoint>
						<Time>2025-01-28T15:07:19.855Z</Time>
						<Position>
							<LatitudeDegrees>47.953265894</LatitudeDegrees>
							<LongitudeDegrees>7.781938875</LongitudeDegrees>
						</Position>
						<AltitudeMeters>380.69</AltitudeMeters>
						<DistanceMeters>7934.13</DistanceMeters>
						<HeartRateBpm>
							<Value>127</Value>
						</HeartRateBpm>
						<Extensions>
							<ns3:TPX>
								<ns3:Speed>11.21</ns3:Speed>
							</ns3:TPX>
						</Extensions>
					</Trackpoint>
					<Trackpoint>
						<Time>2025-01-28T15:07:21.859Z</Time>
						<Position>
							<LatitudeDegrees>47.953478754</LatitudeDegrees>
							<LongitudeDegrees>7.781995462</LongitudeDegrees>
						</Position>
						<AltitudeMeters>377.72</AltitudeMeters>
						<DistanceMeters>7958.17</DistanceMeters>
						<HeartRateBpm>
							<Value>127</Value>
						</HeartRateBpm>
						<Extensions>
							<ns3:TPX>
								<ns3:Speed>11.73</ns3:Speed>
							</ns3:TPX>
						</Extensions>
					</Trackpoint>
					<Trackpoint>
						<Time>2025-01-28T15:07:23.856Z</Time>
						<Position>
							<LatitudeDegrees>47.953658659</LatitudeDegrees>
							<LongitudeDegrees>7.782190806</LongitudeDegrees>
						</Position>
						<AltitudeMeters>375.41</AltitudeMeters>
						<DistanceMeters>7982.93</DistanceMeters>
						<HeartRateBpm>
							<Value>126</Value>
						</HeartRateBpm>
						<Extensions>
							<ns3:TPX>
								<ns3:Speed>12.72</ns3:Speed>
							</ns3:TPX>
						</Extensions>
					</Trackpoint>
					<Trackpoint>
						<Time>2025-01-28T15:07:25.854Z</Time>
						<Position>
							<LatitudeDegrees>47.953800119</LatitudeDegrees>
							<LongitudeDegrees>7.782469923</LongitudeDegrees>
						</Position>
						<AltitudeMeters>372.89</AltitudeMeters>
						<DistanceMeters>8009.04</DistanceMeters>
						<HeartRateBpm>
							<Value>127</Value>
						</HeartRateBpm>
						<Extensions>
							<ns3:TPX>
								<ns3:Speed>13.85</ns3:Speed>
								<ns3:Watts>97</ns3:Watts>
							</ns3:TPX>
						</Extensions>
					</Trackpoint>
					<Trackpoint>
						<Time>2025-01-28T15:07:27.855Z</Time>
						<Position>
							<LatitudeDegrees>47.953910173</LatitudeDegrees>
							<LongitudeDegrees>7.782809432</LongitudeDegrees>
						</Position>
						<AltitudeMeters>369.20</AltitudeMeters>
						<DistanceMeters>8037.20</DistanceMeters>
						<HeartRateBpm>
							<Value>127</Value>
						</HeartRateBpm>
						<Extensions>
							<ns3:TPX>
								<ns3:Speed>14.43</ns3:Speed>
								<ns3:Watts>140</ns3:Watts>
							</ns3:TPX>
						</Extensions>
					</Trackpoint>
					<Trackpoint>
						<Time>2025-01-28T15:07:29.861Z</Time>
						<Position>
							<LatitudeDegrees>47.954025358</LatitudeDegrees>
							<LongitudeDegrees>7.783158836</LongitudeDegrees>
						</Position>
						<AltitudeMeters>368.21</AltitudeMeters>
						<DistanceMeters>8066.27</DistanceMeters>
						<HeartRateBpm>
							<Value>126</Value>
						</HeartRateBpm>
						<Extensions>
							<ns3:TPX>
								<ns3:Speed>15.04</ns3:Speed>
							</ns3:TPX>
						</Extensions>
					</Trackpoint>
					<Trackpoint>
						<Time>2025-01-28T15:07:31.858Z</Time>
						<Position>
							<LatitudeDegrees>47.954094740</LatitudeDegrees>
							<LongitudeDegrees>7.783548067</LongitudeDegrees>
						</Position>
						<AltitudeMeters>365.75</AltitudeMeters>
						<DistanceMeters>8096.34</DistanceMeters>
						<HeartRateBpm>
							<Value>126</Value>
						</HeartRateBpm>
						<Extensions>
							<ns3:TPX>
								<ns3:Speed>13.50</ns3:Speed>
								<ns3:Watts>355</ns3:Watts>
							</ns3:TPX>
						</Extensions>
					</Trackpoint>
					<Trackpoint>
						<Time>2025-01-28T15:07:33.857Z</Time>
						<Position>
							<LatitudeDegrees>47.954126219</LatitudeDegrees>
							<LongitudeDegrees>7.783912245</LongitudeDegrees>
						</Position>
						<AltitudeMeters>363.23</AltitudeMeters>
						<DistanceMeters>8123.77</DistanceMeters>
						<HeartRateBpm>
							<Value>125</Value>
						</HeartRateBpm>
						<Extensions>
							<ns3:TPX>
								<ns3:Speed>15.29</ns3:Speed>
								<ns3:Watts>918</ns3:Watts>
							</ns3:TPX>
						</Extensions>
					</Trackpoint>
					<Trackpoint>
						<Time>2025-01-28T15:07:35.860Z</Time>
						<Position>
							<LatitudeDegrees>47.954164268</LatitudeDegrees>
							<LongitudeDegrees>7.784349325</LongitudeDegrees>
						</Position>
						<AltitudeMeters>363.93</AltitudeMeters>
						<DistanceMeters>8156.69</DistanceMeters>
						<HeartRateBpm>
							<Value>125</Value>
						</HeartRateBpm>
						<Extensions>
							<ns3:TPX>
								<ns3:Speed>14.46</ns3:Speed>
							</ns3:TPX>
						</Extensions>
					</Trackpoint>
					<Trackpoint>
						<Time>2025-01-28T15:07:36.860Z</Time>
						<Position>
							<LatitudeDegrees>47.954147106</LatitudeDegrees>
							<LongitudeDegrees>7.784541316</LongitudeDegrees>
						</Position>
						<AltitudeMeters>362.61</AltitudeMeters>
						<DistanceMeters>8171.15</DistanceMeters>
						<HeartRateBpm>
							<Value>125</Value>
						</HeartRateBpm>
						<Extensions>
							<ns3:TPX>
								<ns3:Speed>13.77</ns3:Speed>
							</ns3:TPX>
						</Extensions>
					</Trackpoint>
					<Trackpoint>
						<Time>2025-01-28T15:07:37.858Z</Time>
						<Position>
							<LatitudeDegrees>47.954120590</LatitudeDegrees>
							<LongitudeDegrees>7.784730079</LongitudeDegrees>
						</Position>
						<AltitudeMeters>360.81</AltitudeMeters>
						<DistanceMeters>8185.55</DistanceMeters>
						<HeartRateBpm>
							<Value>125</Value>
						</HeartRateBpm>
						<Extensions>
							<ns3:TPX>
								<ns3:Speed>13.88</ns3:Speed>
								<ns3:Watts>300</ns3:Watts>
							</ns3:TPX>
						</Extensions>
					</Trackpoint>
					<Trackpoint>
						<Time>2025-01-28T15:07:38.859Z</Time>
						<Position>
							<LatitudeDegrees>47.954108223</LatitudeDegrees>
							<LongitudeDegrees>7.784899118</LongitudeDegrees>
						</Position>
						<AltitudeMeters>359.35</AltitudeMeters>
						<DistanceMeters>8198.25</DistanceMeters>
						<HeartRateBpm>
							<Value>125</Value>
						</HeartRateBpm>
						<Extensions>
							<ns3:TPX>
								<ns3:Speed>13.95</ns3:Speed>
								<ns3:Watts>221</ns3:Watts>
							</ns3:TPX>
						</Extensions>
					</Trackpoint>
					<Trackpoint>
						<Time>2025-01-28T15:07:39.858Z</Time>
						<Position>
							<LatitudeDegrees>47.954107653</LatitudeDegrees>
							<LongitudeDegrees>7.785091855</LongitudeDegrees>
						</Position>
						<AltitudeMeters>361.60</AltitudeMeters>
						<DistanceMeters>8212.65</DistanceMeters>
						<HeartRateBpm>
							<Value>125</Value>
						</HeartRateBpm>
						<Extensions>
							<ns3:TPX>
								<ns3:Speed>14.74</ns3:Speed>
							</ns3:TPX>
						</Extensions>
					</Trackpoint>
					<Trackpoint>
						<Time>2025-01-28T15:07:40.860Z</Time>
						<Position>
							<LatitudeDegrees>47.954072852</LatitudeDegrees>
							<LongitudeDegrees>7.785272054</LongitudeDegrees>
						</Position>
						<AltitudeMeters>360.81</AltitudeMeters>
						<DistanceMeters>8226.65</DistanceMeters>
						<HeartRateBpm>
							<Value>126</Value>
						</HeartRateBpm>
						<Extensions>
							<ns3:TPX>
								<ns3:Speed>14.15</ns3:Speed>
							</ns3:TPX>
						</Extensions>
					</Trackpoint>
					<Trackpoint>
						<Time>2025-01-28T15:07:41.856Z</Time>
						<Position>
							<LatitudeDegrees>47.954047007</LatitudeDegrees>
							<LongitudeDegrees>7.785478988</LongitudeDegrees>
						</Position>
						<AltitudeMeters>360.11</AltitudeMeters>
						<DistanceMeters>8242.37</DistanceMeters>
						<HeartRateBpm>
							<Value>126</Value>
						</HeartRateBpm>
						<Extensions>
							<ns3:TPX>
								<ns3:Speed>13.49</ns3:Speed>
							</ns3:TPX>
						</Extensions>
					</Trackpoint>
					<Trackpoint>
						<Time>2025-01-28T15:07:42.857Z</Time>
						<Position>
							<LatitudeDegrees>47.954052442</LatitudeDegrees>
							<LongitudeDegrees>7.785658341</LongitudeDegrees>
						</Position>
						<AltitudeMeters>362.20</AltitudeMeters>
						<DistanceMeters>8255.78</DistanceMeters>
						<HeartRateBpm>
							<Value>127</Value>
						</HeartRateBpm>
						<Extensions>
							<ns3:TPX>
								<ns3:Speed>12.94</ns3:Speed>
							</ns3:TPX>
						</Extensions>
					</Trackpoint>
					<Trackpoint>
						<Time>2025-01-28T15:07:43.859Z</Time>
						<Position>
							<LatitudeDegrees>47.954071350</LatitudeDegrees>
							<LongitudeDegrees>7.785825575</LongitudeDegrees>
						</Position>
						<AltitudeMeters>361.75</AltitudeMeters>
						<DistanceMeters>8268.45</DistanceMeters>
						<HeartRateBpm>
							<Value>127</Value>
						</HeartRateBpm>
						<Extensions>
							<ns3:TPX>
								<ns3:Speed>12.78</ns3:Speed>
							</ns3:TPX>
						</Extensions>
					</Trackpoint>
					<Trackpoint>
						<Time>2025-01-28T15:07:44.856Z</Time>
						<Position>
							<LatitudeDegrees>47.954086231</LatitudeDegrees>
							<LongitudeDegrees>7.785985534</LongitudeDegrees>
						</Position>
						<AltitudeMeters>359.88</AltitudeMeters>
						<DistanceMeters>8280.51</DistanceMeters>
						<HeartRateBpm>
							<Value>126</Value>
						</HeartRateBpm>
						<Extensions>
							<ns3:TPX>
								<ns3:Speed>12.44</ns3:Speed>
							</ns3:TPX>
						</Extensions>
					</Trackpoint>
					<Trackpoint>
						<Time>2025-01-28T15:07:45.859Z</Time>
						<Position>
							<LatitudeDegrees>47.954095091</LatitudeDegrees>
							<LongitudeDegrees>7.786155339</LongitudeDegrees>
						</Position>
						<AltitudeMeters>358.16</AltitudeMeters>
						<DistanceMeters>8293.23</DistanceMeters>
						<HeartRateBpm>
							<Value>126</Value>
						</HeartRateBpm>
						<Extensions>
							<ns3:TPX>
								<ns3:Speed>11.74</ns3:Speed>
							</ns3:TPX>
						</Extensions>
					</Trackpoint>
					<Trackpoint>
						<Time>2025-01-28T15:07:46.858Z</Time>
						<Position>
							<LatitudeDegrees>47.954099261</LatitudeDegrees>
							<LongitudeDegrees>7.786323760</LongitudeDegrees>
						</Position>
						<AltitudeMeters>354.97</AltitudeMeters>
						<DistanceMeters>8305.82</DistanceMeters>
						<HeartRateBpm>
							<Value>126</Value>
						</HeartRateBpm>
						<Extensions>
							<ns3:TPX>
								<ns3:Speed>11.55</ns3:Speed>
							</ns3:TPX>
						</Extensions>
					</Trackpoint>
					<Trackpoint>
						<Time>2025-01-28T15:07:47.858Z</Time>
						<Position>
							<LatitudeDegrees>47.954159142</LatitudeDegrees>
							<LongitudeDegrees>7.786458816</LongitudeDegrees>
						</Position>
						<AltitudeMeters>354.93</AltitudeMeters>
						<DistanceMeters>8317.90</DistanceMeters>
						<HeartRateBpm>
							<Value>125</Value>
						</HeartRateBpm>
						<Extensions>
							<ns3:TPX>
								<ns3:Speed>11.52</ns3:Speed>
							</ns3:TPX>
						</Extensions>
					</Trackpoint>
					<Trackpoint>
						<Time>2025-01-28T15:07:48.860Z</Time>
						<Position>
							<LatitudeDegrees>47.954264103</LatitudeDegrees>
							<LongitudeDegrees>7.786553500</LongitudeDegrees>
						</Position>
						<AltitudeMeters>355.15</AltitudeMeters>
						<DistanceMeters>8331.55</DistanceMeters>
						<HeartRateBpm>
							<Value>125</Value>
						</HeartRateBpm>
						<Extensions>
							<ns3:TPX>
								<ns3:Speed>11.40</ns3:Speed>
							</ns3:TPX>
						</Extensions>
					</Trackpoint>
					<Trackpoint>
						<Time>2025-01-28T15:07:49.859Z</Time>
						<Position>
							<LatitudeDegrees>47.954359018</LatitudeDegrees>
							<LongitudeDegrees>7.786624300</LongitudeDegrees>
						</Position>
						<AltitudeMeters>354.21</AltitudeMeters>
						<DistanceMeters>8343.35</DistanceMeters>
						<HeartRateBpm>
							<Value>124</Value>
						</HeartRateBpm>
						<Extensions>
							<ns3:TPX>
								<ns3:Speed>11.26</ns3:Speed>
							</ns3:TPX>
						</Extensions>
					</Trackpoint>
					<Trackpoint>
						<Time>2025-01-28T15:07:50.860Z</Time>
						<Position>
							<LatitudeDegrees>47.954449050</LatitudeDegrees>
							<LongitudeDegrees>7.786682871</LongitudeDegrees>
						</Position>
						<AltitudeMeters>351.56</AltitudeMeters>
						<DistanceMeters>8354.28</DistanceMeters>
						<HeartRateBpm>
							<Value>124</Value>
						</HeartRateBpm>
						<Extensions>
							<ns3:TPX>
								<ns3:Speed>11.15</ns3:Speed>
							</ns3:TPX>
						</Extensions>
					</Trackpoint>
					<Trackpoint>
						<Time>2025-01-28T15:07:51.860Z</Time>
						<Position>
							<LatitudeDegrees>47.954549042</LatitudeDegrees>
							<LongitudeDegrees>7.786689790</LongitudeDegrees>
						</Position>
						<AltitudeMeters>351.86</AltitudeMeters>
						<DistanceMeters>8365.41</DistanceMeters>
						<HeartRateBpm>
							<Value>123</Value>
						</HeartRateBpm>
						<Extensions>
							<ns3:TPX>
								<ns3:Speed>10.56</ns3:Speed>
							</ns3:TPX>
						</Extensions>
					</Trackpoint>
					<Trackpoint>
						<Time>2025-01-28T15:07:52.861Z</Time>
						<Position>
							<LatitudeDegrees>47.954648690</LatitudeDegrees>
							<LongitudeDegrees>7.786607101</LongitudeDegrees>
						</Position>
						<AltitudeMeters>351.80</AltitudeMeters>
						<DistanceMeters>8378.09</DistanceMeters>
						<HeartRateBpm>
							<Value>123</Value>
						</HeartRateBpm>
						<Extensions>
							<ns3:TPX>
								<ns3:Speed>10.68</ns3:Speed>
							</ns3:TPX>
						</Extensions>
					</Trackpoint>
					<Trackpoint>
						<Time>2025-01-28T15:07:53.860Z</Time>
						<Position>
							<LatitudeDegrees>47.954721813</LatitudeDegrees>
							<LongitudeDegrees>7.786518126</LongitudeDegrees>
						</Position>
						<AltitudeMeters>349.99</AltitudeMeters>
						<DistanceMeters>8388.59</DistanceMeters>
						<HeartRateBpm>
							<Value>123</Value>
						</HeartRateBpm>
						<Extensions>
							<ns3:TPX>
								<ns3:Speed>10.73</ns3:Speed>
							</ns3:TPX>
						</Extensions>
					</Trackpoint>
					<Trackpoint>
						<Time>2025-01-28T15:07:54.857Z</Time>
						<Position>
							<LatitudeDegrees>47.954791996</LatitudeDegrees>
							<LongitudeDegrees>7.786409896</LongitudeDegrees>
						</Position>
						<AltitudeMeters>348.00</AltitudeMeters>
						<DistanceMeters>8399.83</DistanceMeters>
						<HeartRateBpm>
							<Value>122</Value>
						</HeartRateBpm>
						<Extensions>
							<ns3:TPX>
								<ns3:Speed>10.74</ns3:Speed>
							</ns3:TPX>
						</Extensions>
					</Trackpoint>
					<Trackpoint>
						<Time>2025-01-28T15:07:55.856Z</Time>
						<Position>
							<LatitudeDegrees>47.954824331</LatitudeDegrees>
							<LongitudeDegrees>7.786260432</LongitudeDegrees>
						</Position>
						<AltitudeMeters>347.73</AltitudeMeters>
						<DistanceMeters>8411.56</DistanceMeters>
						<HeartRateBpm>
							<Value>122</Value>
						</HeartRateBpm>
						<Extensions>
							<ns3:TPX>
								<ns3:Speed>10.48</ns3:Speed>
							</ns3:TPX>
						</Extensions>
					</Trackpoint>
					<Trackpoint>
						<Time>2025-01-28T15:07:56.859Z</Time>
						<Position>
							<LatitudeDegrees>47.954837557</LatitudeDegrees>
							<LongitudeDegrees>7.786104742</LongitudeDegrees>
						</Position>
						<AltitudeMeters>347.00</AltitudeMeters>
						<DistanceMeters>8423.28</DistanceMeters>
						<HeartRateBpm>
							<Value>122</Value>
						</HeartRateBpm>
						<Extensions>
							<ns3:TPX>
								<ns3:Speed>10.33</ns3:Speed>
							</ns3:TPX>
						</Extensions>
					</Trackpoint>
					<Trackpoint>
						<Time>2025-01-28T15:07:57.859Z</Time>
						<Position>
							<LatitudeDegrees>47.954832168</LatitudeDegrees>
							<LongitudeDegrees>7.785959731</LongitudeDegrees>
						</Position>
						<AltitudeMeters>345.07</AltitudeMeters>
						<DistanceMeters>8434.12</DistanceMeters>
						<HeartRateBpm>
							<Value>122</Value>
						</HeartRateBpm>
						<Extensions>
							<ns3:TPX>
								<ns3:Speed>10.18</ns3:Speed>
							</ns3:TPX>
						</Extensions>
					</Trackpoint>
					<Trackpoint>
						<Time>2025-01-28T15:07:58.858Z</Time>
						<Position>
							<LatitudeDegrees>47.954796099</LatitudeDegrees>
							<LongitudeDegrees>7.785818598</LongitudeDegrees>
						</Position>
						<AltitudeMeters>343.97</AltitudeMeters>
						<DistanceMeters>8445.40</DistanceMeters>
						<HeartRateBpm>
							<Value>123</Value>
						</HeartRateBpm>
						<Extensions>
							<ns3:TPX>
								<ns3:Speed>9.97</ns3:Speed>
							</ns3:TPX>
						</Extensions>
					</Trackpoint>
					<Trackpoint>
						<Time>2025-01-28T15:07:59.858Z</Time>
						<Position>
							<LatitudeDegrees>47.954773746</LatitudeDegrees>
							<LongitudeDegrees>7.785682307</LongitudeDegrees>
						</Position>
						<AltitudeMeters>342.88</AltitudeMeters>
						<DistanceMeters>8455.88</DistanceMeters>
						<HeartRateBpm>
							<Value>122</Value>
						</HeartRateBpm>
						<Extensions>
							<ns3:TPX>
								<ns3:Speed>9.92</ns3:Speed>
							</ns3:TPX>
						</Extensions>
					</Trackpoint>
					<Trackpoint>
						<Time>2025-01-28T15:08:00.861Z</Time>
						<Position>
							<LatitudeDegrees>47.954765540</LatitudeDegrees>
							<LongitudeDegrees>7.785553679</LongitudeDegrees>
						</Position>
						<AltitudeMeters>341.52</AltitudeMeters>
						<DistanceMeters>8465.53</DistanceMeters>
						<HeartRateBpm>
							<Value>123</Value>
						</HeartRateBpm>
						<Extensions>
							<ns3:TPX>
								<ns3:Speed>9.78</ns3:Speed>
							</ns3:TPX>
						</Extensions>
					</Trackpoint>
					<Trackpoint>
						<Time>2025-01-28T15:08:01.860Z</Time>
						<Position>
							<LatitudeDegrees>47.954739440</LatitudeDegrees>
							<LongitudeDegrees>7.785424305</LongitudeDegrees>
						</Position>
						<AltitudeMeters>342.08</AltitudeMeters>
						<DistanceMeters>8475.62</DistanceMeters>
						<HeartRateBpm>
							<Value>122</Value>
						</HeartRateBpm>
						<Extensions>
							<ns3:TPX>
								<ns3:Speed>9.93</ns3:Speed>
							</ns3:TPX>
						</Extensions>
					</Trackpoint>
					<Trackpoint>
						<Time>2025-01-28T15:08:02.858Z</Time>
						<Position>
							<LatitudeDegrees>47.954733915</LatitudeDegrees>
							<LongitudeDegrees>7.785289043</LongitudeDegrees>
						</Position>
						<AltitudeMeters>339.36</AltitudeMeters>
						<DistanceMeters>8485.74</DistanceMeters>
						<HeartRateBpm>
							<Value>122</Value>
						</HeartRateBpm>
						<Extensions>
							<ns3:TPX>
								<ns3:Speed>9.97</ns3:Speed>
							</ns3:TPX>
						</Extensions>
					</Trackpoint>
					<Trackpoint>
						<Time>2025-01-28T15:08:03.859Z</Time>
						<Position>
							<LatitudeDegrees>47.954728230</LatitudeDegrees>
							<LongitudeDegrees>7.785150468</LongitudeDegrees>
						</Position>
						<AltitudeMeters>339.26</AltitudeMeters>
						<DistanceMeters>8496.11</DistanceMeters>
						<HeartRateBpm>
							<Value>122</Value>
						</HeartRateBpm>
						<Extensions>
							<ns3:TPX>
								<ns3:Speed>9.69</ns3:Speed>
							</ns3:TPX>
						</Extensions>
					</Trackpoint>
					<Trackpoint>
						<Time>2025-01-28T15:08:04.855Z</Time>
						<Position>
							<LatitudeDegrees>47.954724665</LatitudeDegrees>
							<LongitudeDegrees>7.785014157</LongitudeDegrees>
						</Position>
						<AltitudeMeters>339.18</AltitudeMeters>
						<DistanceMeters>8506.30</DistanceMeters>
						<HeartRateBpm>
							<Value>122</Value>
						</HeartRateBpm>
						<Extensions>
							<ns3:TPX>
								<ns3:Speed>9.07</ns3:Speed>
							</ns3:TPX>
						</Extensions>
					</Trackpoint>
					<Trackpoint>
						<Time>2025-01-28T15:08:05.858Z</Time>
						<Position>
							<LatitudeDegrees>47.954722156</LatitudeDegrees>
							<LongitudeDegrees>7.784889252</LongitudeDegrees>
						</Position>
						<AltitudeMeters>338.39</AltitudeMeters>
						<DistanceMeters>8515.63</DistanceMeters>
						<HeartRateBpm>
							<Value>122</Value>
						</HeartRateBpm>
						<Extensions>
							<ns3:TPX>
								<ns3:Speed>8.12</ns3:Speed>
							</ns3:TPX>
						</Extensions>
					</Trackpoint>
					<Trackpoint>
						<Time>2025-01-28T15:08:06.856Z</Time>
						<Position>
							<LatitudeDegrees>47.954740535</LatitudeDegrees>
							<LongitudeDegrees>7.784771197</LongitudeDegrees>
						</Position>
						<AltitudeMeters>338.98</AltitudeMeters>
						<DistanceMeters>8524.68</DistanceMeters>
						<HeartRateBpm>
							<Value>121</Value>
						</HeartRateBpm>
						<Extensions>
							<ns3:TPX>
								<ns3:Speed>6.72</ns3:Speed>
							</ns3:TPX>
						</Extensions>
					</Trackpoint>
					<Trackpoint>
						<Time>2025-01-28T15:08:07.857Z</Time>
						<Position>
							<LatitudeDegrees>47.954768361</LatitudeDegrees>
							<LongitudeDegrees>7.784672818</LongitudeDegrees>
						</Position>
						<AltitudeMeters>339.01</AltitudeMeters>
						<DistanceMeters>8532.65</DistanceMeters>
						<HeartRateBpm>
							<Value>121</Value>
						</HeartRateBpm>
						<Extensions>
							<ns3:TPX>
								<ns3:Speed>5.53</ns3:Speed>
							</ns3:TPX>
						</Extensions>
					</Trackpoint>
					<Trackpoint>
						<Time>2025-01-28T15:08:08.858Z</Time>
						<Position>
							<LatitudeDegrees>47.954795039</LatitudeDegrees>
							<LongitudeDegrees>7.784605068</LongitudeDegrees>
						</Position>
						<AltitudeMeters>338.97</AltitudeMeters>
						<DistanceMeters>8538.52</DistanceMeters>
						<HeartRateBpm>
							<Value>121</Value>
						</HeartRateBpm>
						<Extensions>
							<ns3:TPX>
								<ns3:Speed>4.50</ns3:Speed>
							</ns3:TPX>
						</Extensions>
					</Trackpoint>
					<Trackpoint>
						<Time>2025-01-28T15:08:10.855Z</Time>
						<Position>
							<LatitudeDegrees>47.954851118</LatitudeDegrees>
							<LongitudeDegrees>7.784528561</LongitudeDegrees>
						</Position>
						<AltitudeMeters>338.36</AltitudeMeters>
						<DistanceMeters>8546.98</DistanceMeters>
						<HeartRateBpm>
							<Value>120</Value>
						</HeartRateBpm>
						<Extensions>
							<ns3:TPX>
								<ns3:Speed>4.55</ns3:Speed>
								<ns3:Watts>192</ns3:Watts>
							</ns3:TPX>
						</Extensions>
					</Trackpoint>
					<Trackpoint>
						<Time>2025-01-28T15:08:12.855Z</Time>
						<Position>
							<LatitudeDegrees>47.954926813</LatitudeDegrees>
							<LongitudeDegrees>7.784609477</LongitudeDegrees>
						</Position>
						<AltitudeMeters>337.83</AltitudeMeters>
						<DistanceMeters>8557.34</DistanceMeters>
						<HeartRateBpm>
							<Value>121</Value>
						</HeartRateBpm>
						<Extensions>
							<ns3:TPX>
								<ns3:Speed>6.38</ns3:Speed>
								<ns3:Watts>703</ns3:Watts>
							</ns3:TPX>
						</Extensions>
					</Trackpoint>
					<Trackpoint>
						<Time>2025-01-28T15:08:13.855Z</Time>
						<Position>
							<LatitudeDegrees>47.954911966</LatitudeDegrees>
							<LongitudeDegrees>7.784730119</LongitudeDegrees>
						</Position>
						<AltitudeMeters>336.96</AltitudeMeters>
						<DistanceMeters>8566.50</DistanceMeters>
						<HeartRateBpm>
							<Value>121</Value>
						</HeartRateBpm>
						<Extensions>
							<ns3:TPX>
								<ns3:Speed>7.81</ns3:Speed>
								<ns3:Watts>723</ns3:Watts>
							</ns3:TPX>
						</Extensions>
					</Trackpoint>
					<Trackpoint>
						<Time>2025-01-28T15:08:14.856Z</Time>
						<Position>
							<LatitudeDegrees>47.954936178</LatitudeDegrees>
							<LongitudeDegrees>7.784811352</LongitudeDegrees>
						</Position>
						<AltitudeMeters>336.42</AltitudeMeters>
						<DistanceMeters>8573.14</DistanceMeters>
						<HeartRateBpm>
							<Value>121</Value>
						</HeartRateBpm>
						<Extensions>
							<ns3:TPX>
								<ns3:Speed>8.96</ns3:Speed>
								<ns3:Watts>495</ns3:Watts>
							</ns3:TPX>
						</Extensions>
					</Trackpoint>
					<Trackpoint>
						<Time>2025-01-28T15:08:15.859Z</Time>
						<Position>
							<LatitudeDegrees>47.954969828</LatitudeDegrees>
							<LongitudeDegrees>7.784927460</LongitudeDegrees>
						</Position>
						<AltitudeMeters>336.34</AltitudeMeters>
						<DistanceMeters>8582.58</DistanceMeters>
						<HeartRateBpm>
							<Value>122</Value>
						</HeartRateBpm>
						<Extensions>
							<ns3:TPX>
								<ns3:Speed>9.67</ns3:Speed>
								<ns3:Watts>265</ns3:Watts>
							</ns3:TPX>
						</Extensions>
					</Trackpoint>
					<Trackpoint>
						<Time>2025-01-28T15:08:16.855Z</Time>
						<Position>
							<LatitudeDegrees>47.955001771</LatitudeDegrees>
							<LongitudeDegrees>7.785045356</LongitudeDegrees>
						</Position>
						<AltitudeMeters>334.47</AltitudeMeters>
						<DistanceMeters>8592.07</DistanceMeters>
						<HeartRateBpm>
							<Value>122</Value>
						</HeartRateBpm>
						<Extensions>
							<ns3:TPX>
								<ns3:Speed>9.85</ns3:Speed>
								<ns3:Watts>10</ns3:Watts>
							</ns3:TPX>
						</Extensions>
					</Trackpoint>
					<Trackpoint>
						<Time>2025-01-28T15:08:17.858Z</Time>
						<Position>
							<LatitudeDegrees>47.955056025</LatitudeDegrees>
							<LongitudeDegrees>7.785160848</LongitudeDegrees>
						</Position>
						<AltitudeMeters>334.86</AltitudeMeters>
						<DistanceMeters>8602.60</DistanceMeters>
						<HeartRateBpm>
							<Value>122</Value>
						</HeartRateBpm>
						<Extensions>
							<ns3:TPX>
								<ns3:Speed>10.33</ns3:Speed>
							</ns3:TPX>
						</Extensions>
					</Trackpoint>
					<Trackpoint>
						<Time>2025-01-28T15:08:18.857Z</Time>
						<Position>
							<LatitudeDegrees>47.955098286</LatitudeDegrees>
							<LongitudeDegrees>7.785277332</LongitudeDegrees>
						</Position>
						<AltitudeMeters>333.40</AltitudeMeters>
						<DistanceMeters>8612.49</DistanceMeters>
						<HeartRateBpm>
							<Value>123</Value>
						</HeartRateBpm>
						<Extensions>
							<ns3:TPX>
								<ns3:Speed>10.72</ns3:Speed>
							</ns3:TPX>
						</Extensions>
					</Trackpoint>
					<Trackpoint>
						<Time>2025-01-28T15:08:20.856Z</Time>
						<Position>
							<LatitudeDegrees>47.955202600</LatitudeDegrees>
							<LongitudeDegrees>7.785538947</LongitudeDegrees>
						</Position>
						<AltitudeMeters>332.01</AltitudeMeters>
						<DistanceMeters>8635.21</DistanceMeters>
						<HeartRateBpm>
							<Value>124</Value>
						</HeartRateBpm>
						<Extensions>
							<ns3:TPX>
								<ns3:Speed>10.44</ns3:Speed>
							</ns3:TPX>
						</Extensions>
					</Trackpoint>
					<Trackpoint>
						<Time>2025-01-28T15:08:21.859Z</Time>
						<Position>
							<LatitudeDegrees>47.955249905</LatitudeDegrees>
							<LongitudeDegrees>7.785663003</LongitudeDegrees>
						</Position>
						<AltitudeMeters>330.58</AltitudeMeters>
						<DistanceMeters>8645.86</DistanceMeters>
						<HeartRateBpm>
							<Value>124</Value>
						</HeartRateBpm>
						<Extensions>
							<ns3:TPX>
								<ns3:Speed>10.49</ns3:Speed>
							</ns3:TPX>
						</Extensions>
					</Trackpoint>
					<Trackpoint>
						<Time>2025-01-28T15:08:22.857Z</Time>
						<Position>
							<LatitudeDegrees>47.955316810</LatitudeDegrees>
							<LongitudeDegrees>7.785765080</LongitudeDegrees>
						</Position>
						<AltitudeMeters>330.31</AltitudeMeters>
						<DistanceMeters>8656.52</DistanceMeters>
						<HeartRateBpm>
							<Value>123</Value>
						</HeartRateBpm>
						<Extensions>
							<ns3:TPX>
								<ns3:Speed>10.21</ns3:Speed>
							</ns3:TPX>
						</Extensions>
					</Trackpoint>
					<Trackpoint>
						<Time>2025-01-28T15:08:23.858Z</Time>
						<Position>
							<LatitudeDegrees>47.955381712</LatitudeDegrees>
							<LongitudeDegrees>7.785873666</LongitudeDegrees>
						</Position>
						<AltitudeMeters>329.30</AltitudeMeters>
						<DistanceMeters>8667.37</DistanceMeters>
						<HeartRateBpm>
							<Value>123</Value>
						</HeartRateBpm>
						<Extensions>
							<ns3:TPX>
								<ns3:Speed>9.58</ns3:Speed>
							</ns3:TPX>
						</Extensions>
					</Trackpoint>
					<Trackpoint>
						<Time>2025-01-28T15:08:24.858Z</Time>
						<Position>
							<LatitudeDegrees>47.955438081</LatitudeDegrees>
							<LongitudeDegrees>7.785975138</LongitudeDegrees>
						</Position>
						<AltitudeMeters>328.72</AltitudeMeters>
						<DistanceMeters>8677.21</DistanceMeters>
						<HeartRateBpm>
							<Value>123</Value>
						</HeartRateBpm>
						<Extensions>
							<ns3:TPX>
								<ns3:Speed>9.49</ns3:Speed>
							</ns3:TPX>
						</Extensions>
					</Trackpoint>
					<Trackpoint>
						<Time>2025-01-28T15:08:25.859Z</Time>
						<Position>
							<LatitudeDegrees>47.955488471</LatitudeDegrees>
							<LongitudeDegrees>7.786060987</LongitudeDegrees>
						</Position>
						<AltitudeMeters>329.88</AltitudeMeters>
						<DistanceMeters>8685.72</DistanceMeters>
						<HeartRateBpm>
							<Value>122</Value>
						</HeartRateBpm>
						<Extensions>
							<ns3:TPX>
								<ns3:Speed>9.31</ns3:Speed>
							</ns3:TPX>
						</Extensions>
					</Trackpoint>
					<Trackpoint>
						<Time>2025-01-28T15:08:26.859Z</Time>
						<Position>
							<LatitudeDegrees>47.955538553</LatitudeDegrees>
							<LongitudeDegrees>7.786169009</LongitudeDegrees>
						</Position>
						<AltitudeMeters>329.41</AltitudeMeters>
						<DistanceMeters>8695.52</DistanceMeters>
						<HeartRateBpm>
							<Value>120</Value>
						</HeartRateBpm>
						<Extensions>
							<ns3:TPX>
								<ns3:Speed>9.15</ns3:Speed>
							</ns3:TPX>
						</Extensions>
					</Trackpoint>
					<Trackpoint>
						<Time>2025-01-28T15:08:27.859Z</Time>
						<Position>
							<LatitudeDegrees>47.955593318</LatitudeDegrees>
							<LongitudeDegrees>7.786262233</LongitudeDegrees>
						</Position>
						<AltitudeMeters>329.40</AltitudeMeters>
						<DistanceMeters>8704.77</DistanceMeters>
						<HeartRateBpm>
							<Value>120</Value>
						</HeartRateBpm>
						<Extensions>
							<ns3:TPX>
								<ns3:Speed>8.78</ns3:Speed>
							</ns3:TPX>
						</Extensions>
					</Trackpoint>
					<Trackpoint>
						<Time>2025-01-28T15:08:28.856Z</Time>
						<Position>
							<LatitudeDegrees>47.955646508</LatitudeDegrees>
							<LongitudeDegrees>7.786355590</LongitudeDegrees>
						</Position>
						<AltitudeMeters>329.14</AltitudeMeters>
						<DistanceMeters>8713.92</DistanceMeters>
						<HeartRateBpm>
							<Value>120</Value>
						</HeartRateBpm>
						<Extensions>
							<ns3:TPX>
								<ns3:Speed>8.35</ns3:Speed>
							</ns3:TPX>
						</Extensions>
					</Trackpoint>
					<Trackpoint>
						<Time>2025-01-28T15:08:29.858Z</Time>
						<Position>
							<LatitudeDegrees>47.955695756</LatitudeDegrees>
							<LongitudeDegrees>7.786444663</LongitudeDegrees>
						</Position>
						<AltitudeMeters>327.64</AltitudeMeters>
						<DistanceMeters>8722.53</DistanceMeters>
						<HeartRateBpm>
							<Value>120</Value>
						</HeartRateBpm>
						<Extensions>
							<ns3:TPX>
								<ns3:Speed>8.44</ns3:Speed>
							</ns3:TPX>
						</Extensions>
					</Trackpoint>
					<Trackpoint>
						<Time>2025-01-28T15:08:30.858Z</Time>
						<Position>
							<LatitudeDegrees>47.955744310</LatitudeDegrees>
							<LongitudeDegrees>7.786525433</LongitudeDegrees>
						</Position>
						<AltitudeMeters>327.62</AltitudeMeters>
						<DistanceMeters>8730.63</DistanceMeters>
						<HeartRateBpm>
							<Value>120</Value>
						</HeartRateBpm>
						<Extensions>
							<ns3:TPX>
								<ns3:Speed>8.26</ns3:Speed>
								<ns3:Watts>4</ns3:Watts>
							</ns3:TPX>
						</Extensions>
					</Trackpoint>
					<Trackpoint>
						<Time>2025-01-28T15:08:31.859Z</Time>
						<Position>
							<LatitudeDegrees>47.955792452</LatitudeDegrees>
							<LongitudeDegrees>7.786612331</LongitudeDegrees>
						</Position>
						<AltitudeMeters>327.17</AltitudeMeters>
						<DistanceMeters>8739.04</DistanceMeters>
						<HeartRateBpm>
							<Value>120</Value>
						</HeartRateBpm>
						<Extensions>
							<ns3:TPX>
								<ns3:Speed>8.71</ns3:Speed>
								<ns3:Watts>4</ns3:Watts>
							</ns3:TPX>
						</Extensions>
					</Trackpoint>
					<Trackpoint>
						<Time>2025-01-28T15:08:32.857Z</Time>
						<Position>
							<LatitudeDegrees>47.955858459</LatitudeDegrees>
							<LongitudeDegrees>7.786646048</LongitudeDegrees>
						</Position>
						<AltitudeMeters>326.53</AltitudeMeters>
						<DistanceMeters>8746.80</DistanceMeters>
						<HeartRateBpm>
							<Value>120</Value>
						</HeartRateBpm>
						<Extensions>
							<ns3:TPX>
								<ns3:Speed>9.79</ns3:Speed>
							</ns3:TPX>
						</Extensions>
					</Trackpoint>
					<Trackpoint>
						<Time>2025-01-28T15:08:33.854Z</Time>
						<Position>
							<LatitudeDegrees>47.955938942</LatitudeDegrees>
							<LongitudeDegrees>7.786652671</LongitudeDegrees>
						</Position>
						<AltitudeMeters>325.71</AltitudeMeters>
						<DistanceMeters>8755.76</DistanceMeters>
						<HeartRateBpm>
							<Value>120</Value>
						</HeartRateBpm>
						<Extensions>
							<ns3:TPX>
								<ns3:Speed>11.00</ns3:Speed>
							</ns3:TPX>
						</Extensions>
					</Trackpoint>
					<Trackpoint>
						<Time>2025-01-28T15:08:34.857Z</Time>
						<Position>
							<LatitudeDegrees>47.956033562</LatitudeDegrees>
							<LongitudeDegrees>7.786650428</LongitudeDegrees>
						</Position>
						<AltitudeMeters>325.45</AltitudeMeters>
						<DistanceMeters>8766.29</DistanceMeters>
						<HeartRateBpm>
							<Value>120</Value>
						</HeartRateBpm>
						<Extensions>
							<ns3:TPX>
								<ns3:Speed>11.30</ns3:Speed>
							</ns3:TPX>
						</Extensions>
					</Trackpoint>
					<Trackpoint>
						<Time>2025-01-28T15:08:35.855Z</Time>
						<Position>
							<LatitudeDegrees>47.956145197</LatitudeDegrees>
							<LongitudeDegrees>7.786636903</LongitudeDegrees>
						</Position>
						<AltitudeMeters>321.78</AltitudeMeters>
						<DistanceMeters>8778.74</DistanceMeters>
						<HeartRateBpm>
							<Value>120</Value>
						</HeartRateBpm>
						<Extensions>
							<ns3:TPX>
								<ns3:Speed>11.07</ns3:Speed>
							</ns3:TPX>
						</Extensions>
					</Trackpoint>
					<Trackpoint>
						<Time>2025-01-28T15:08:36.856Z</Time>
						<Position>
							<LatitudeDegrees>47.956252009</LatitudeDegrees>
							<LongitudeDegrees>7.786618229</LongitudeDegrees>
						</Position>
						<AltitudeMeters>319.60</AltitudeMeters>
						<DistanceMeters>8790.70</DistanceMeters>
						<HeartRateBpm>
							<Value>119</Value>
						</HeartRateBpm>
						<Extensions>
							<ns3:TPX>
								<ns3:Speed>10.29</ns3:Speed>
							</ns3:TPX>
						</Extensions>
					</Trackpoint>
					<Trackpoint>
						<Time>2025-01-28T15:08:37.854Z</Time>
						<Position>
							<LatitudeDegrees>47.956352162</LatitudeDegrees>
							<LongitudeDegrees>7.786600649</LongitudeDegrees>
						</Position>
						<AltitudeMeters>316.48</AltitudeMeters>
						<DistanceMeters>8801.91</DistanceMeters>
						<HeartRateBpm>
							<Value>119</Value>
						</HeartRateBpm>
						<Extensions>
							<ns3:TPX>
								<ns3:Speed>8.84</ns3:Speed>
							</ns3:TPX>
						</Extensions>
					</Trackpoint>
					<Trackpoint>
						<Time>2025-01-28T15:08:38.853Z</Time>
						<Position>
							<LatitudeDegrees>47.956443819</LatitudeDegrees>
							<LongitudeDegrees>7.786573934</LongitudeDegrees>
						</Position>
						<AltitudeMeters>316.19</AltitudeMeters>
						<DistanceMeters>8812.30</DistanceMeters>
						<HeartRateBpm>
							<Value>119</Value>
						</HeartRateBpm>
						<Extensions>
							<ns3:TPX>
								<ns3:Speed>8.67</ns3:Speed>
							</ns3:TPX>
						</Extensions>
					</Trackpoint>
					<Trackpoint>
						<Time>2025-01-28T15:08:39.858Z</Time>
						<Position>
							<LatitudeDegrees>47.956510380</LatitudeDegrees>
							<LongitudeDegrees>7.786541739</LongitudeDegrees>
						</Position>
						<AltitudeMeters>314.69</AltitudeMeters>
						<DistanceMeters>8820.08</DistanceMeters>
						<HeartRateBpm>
							<Value>118</Value>
						</HeartRateBpm>
						<Extensions>
							<ns3:TPX>
								<ns3:Speed>7.91</ns3:Speed>
							</ns3:TPX>
						</Extensions>
					</Trackpoint>
					<Trackpoint>
						<Time>2025-01-28T15:08:40.859Z</Time>
						<Position>
							<LatitudeDegrees>47.956593013</LatitudeDegrees>
							<LongitudeDegrees>7.786520353</LongitudeDegrees>
						</Position>
						<AltitudeMeters>314.39</AltitudeMeters>
						<DistanceMeters>8829.40</DistanceMeters>
						<HeartRateBpm>
							<Value>119</Value>
						</HeartRateBpm>
						<Extensions>
							<ns3:TPX>
								<ns3:Speed>7.71</ns3:Speed>
							</ns3:TPX>
						</Extensions>
					</Trackpoint>
					<Trackpoint>
						<Time>2025-01-28T15:08:41.849Z</Time>
						<Position>
							<LatitudeDegrees>47.956662444</LatitudeDegrees>
							<LongitudeDegrees>7.786523437</LongitudeDegrees>
						</Position>
						<AltitudeMeters>312.04</AltitudeMeters>
						<DistanceMeters>8837.13</DistanceMeters>
						<HeartRateBpm>
							<Value>119</Value>
						</HeartRateBpm>
						<Extensions>
							<ns3:TPX>
								<ns3:Speed>7.63</ns3:Speed>
							</ns3:TPX>
						</Extensions>
					</Trackpoint>
					<Trackpoint>
						<Time>2025-01-28T15:08:42.857Z</Time>
						<Position>
							<LatitudeDegrees>47.956728302</LatitudeDegrees>
							<LongitudeDegrees>7.786521137</LongitudeDegrees>
						</Position>
						<AltitudeMeters>313.75</AltitudeMeters>
						<DistanceMeters>8844.45</DistanceMeters>
						<HeartRateBpm>
							<Value>119</Value>
						</HeartRateBpm>
						<Extensions>
							<ns3:TPX>
								<ns3:Speed>7.29</ns3:Speed>
							</ns3:TPX>
						</Extensions>
					</Trackpoint>
					<Trackpoint>
						<Time>2025-01-28T15:08:43.851Z</Time>
						<Position>
							<LatitudeDegrees>47.956797690</LatitudeDegrees>
							<LongitudeDegrees>7.786531883</LongitudeDegrees>
						</Position>
						<AltitudeMeters>312.80</AltitudeMeters>
						<DistanceMeters>8852.21</DistanceMeters>
						<HeartRateBpm>
							<Value>119</Value>
						</HeartRateBpm>
						<Extensions>
							<ns3:TPX>
								<ns3:Speed>7.29</ns3:Speed>
							</ns3:TPX>
						</Extensions>
					</Trackpoint>
					<Trackpoint>
						<Time>2025-01-28T15:08:44.859Z</Time>
						<Position>
							<LatitudeDegrees>47.956862480</LatitudeDegrees>
							<LongitudeDegrees>7.786529317</LongitudeDegrees>
						</Position>
						<AltitudeMeters>312.30</AltitudeMeters>
						<DistanceMeters>8859.41</DistanceMeters>
						<HeartRateBpm>
							<Value>119</Value>
						</HeartRateBpm>
						<Extensions>
							<ns3:TPX>
								<ns3:Speed>6.70</ns3:Speed>
							</ns3:TPX>
						</Extensions>
					</Trackpoint>
					<Trackpoint>
						<Time>2025-01-28T15:08:45.858Z</Time>
						<Position>
							<LatitudeDegrees>47.956933116</LatitudeDegrees>
							<LongitudeDegrees>7.786514222</LongitudeDegrees>
						</Position>
						<AltitudeMeters>312.29</AltitudeMeters>
						<DistanceMeters>8867.35</DistanceMeters>
						<HeartRateBpm>
							<Value>119</Value>
						</HeartRateBpm>
						<Extensions>
							<ns3:TPX>
								<ns3:Speed>5.99</ns3:Speed>
							</ns3:TPX>
						</Extensions>
					</Trackpoint>
					<Trackpoint>
						<Time>2025-01-28T15:08:46.859Z</Time>
						<Position>
							<LatitudeDegrees>47.956991059</LatitudeDegrees>
							<LongitudeDegrees>7.786485330</LongitudeDegrees>
						</Position>
						<AltitudeMeters>312.06</AltitudeMeters>
						<DistanceMeters>8874.14</DistanceMeters>
						<HeartRateBpm>
							<Value>118</Value>
						</HeartRateBpm>
						<Extensions>
							<ns3:TPX>
								<ns3:Speed>5.62</ns3:Speed>
							</ns3:TPX>
						</Extensions>
					</Trackpoint>
					<Trackpoint>
						<Time>2025-01-28T15:08:47.858Z</Time>
						<Position>
							<LatitudeDegrees>47.957038271</LatitudeDegrees>
							<LongitudeDegrees>7.786447253</LongitudeDegrees>
						</Position>
						<AltitudeMeters>312.97</AltitudeMeters>
						<DistanceMeters>8880.11</DistanceMeters>
						<HeartRateBpm>
							<Value>118</Value>
						</HeartRateBpm>
						<Extensions>
							<ns3:TPX>
								<ns3:Speed>5.11</ns3:Speed>
							</ns3:TPX>
						</Extensions>
					</Trackpoint>
					<Trackpoint>
						<Time>2025-01-28T15:08:48.860Z</Time>
						<Position>
							<LatitudeDegrees>47.957080481</LatitudeDegrees>
							<LongitudeDegrees>7.786402089</LongitudeDegrees>
						</Position>
						<AltitudeMeters>312.64</AltitudeMeters>
						<DistanceMeters>8885.89</DistanceMeters>
						<HeartRateBpm>
							<Value>118</Value>
						</HeartRateBpm>
						<Extensions>
							<ns3:TPX>
								<ns3:Speed>4.68</ns3:Speed>
							</ns3:TPX>
						</Extensions>
					</Trackpoint>
					<Trackpoint>
						<Time>2025-01-28T15:08:50.858Z</Time>
						<Position>
							<LatitudeDegrees>47.957145081</LatitudeDegrees>
							<LongitudeDegrees>7.786321349</LongitudeDegrees>
						</Position>
						<AltitudeMeters>313.64</AltitudeMeters>
						<DistanceMeters>8895.27</DistanceMeters>
						<HeartRateBpm>
							<Value>118</Value>
						</HeartRateBpm>
						<Extensions>
							<ns3:TPX>
								<ns3:Speed>3.95</ns3:Speed>
							</ns3:TPX>
						</Extensions>
					</Trackpoint>
					<Trackpoint>
						<Time>2025-01-28T15:08:53.859Z</Time>
						<Position>
							<LatitudeDegrees>47.957242830</LatitudeDegrees>
							<LongitudeDegrees>7.786248099</LongitudeDegrees>
						</Position>
						<AltitudeMeters>313.01</AltitudeMeters>
						<DistanceMeters>8907.44</DistanceMeters>
						<HeartRateBpm>
							<Value>118</Value>
						</HeartRateBpm>
						<Extensions>
							<ns3:TPX>
								<ns3:Speed>2.82</ns3:Speed>
							</ns3:TPX>
						</Extensions>
					</Trackpoint>
					<Trackpoint>
						<Time>2025-01-28T15:08:55.859Z</Time>
						<Position>
							<LatitudeDegrees>47.957291516</LatitudeDegrees>
							<LongitudeDegrees>7.786211581</LongitudeDegrees>
						</Position>
						<AltitudeMeters>312.97</AltitudeMeters>
						<DistanceMeters>8913.50</DistanceMeters>
						<HeartRateBpm>
							<Value>118</Value>
						</HeartRateBpm>
						<Extensions>
							<ns3:TPX>
								<ns3:Speed>2.06</ns3:Speed>
							</ns3:TPX>
						</Extensions>
					</Trackpoint>
					<Trackpoint>
						<Time>2025-01-28T15:09:00.858Z</Time>
						<Position>
							<LatitudeDegrees>47.957322290</LatitudeDegrees>
							<LongitudeDegrees>7.786275079</LongitudeDegrees>
						</Position>
						<AltitudeMeters>313.15</AltitudeMeters>
						<DistanceMeters>8919.35</DistanceMeters>
						<HeartRateBpm>
							<Value>118</Value>
						</HeartRateBpm>
						<Extensions>
							<ns3:TPX>
								<ns3:Speed>0.83</ns3:Speed>
							</ns3:TPX>
						</Extensions>
					</Trackpoint>
					<Trackpoint>
						<Time>2025-01-28T15:09:05.858Z</Time>
						<Position>
							<LatitudeDegrees>47.957322290</LatitudeDegrees>
							<LongitudeDegrees>7.786275079</LongitudeDegrees>
						</Position>
						<AltitudeMeters>313.15</AltitudeMeters>
						<DistanceMeters>8919.35</DistanceMeters>
						<HeartRateBpm>
							<Value>121</Value>
						</HeartRateBpm>
						<Extensions>
							<ns3:TPX>
								<ns3:Speed>2.41</ns3:Speed>
							</ns3:TPX>
						</Extensions>
					</Trackpoint>
					<Trackpoint>
						<Time>2025-01-28T15:09:16.858Z</Time>
						<Position>
							<LatitudeDegrees>47.957322290</LatitudeDegrees>
							<LongitudeDegrees>7.786275079</LongitudeDegrees>
						</Position>
						<AltitudeMeters>313.15</AltitudeMeters>
						<DistanceMeters>8919.35</DistanceMeters>
						<HeartRateBpm>
							<Value>122</Value>
						</HeartRateBpm>
						<Extensions>
							<ns3:TPX>
								<ns3:Speed>0.00</ns3:Speed>
							</ns3:TPX>
						</Extensions>
					</Trackpoint>
					<Trackpoint>
						<Time>2025-01-28T15:09:27.846Z</Time>
						<Position>
							<LatitudeDegrees>47.957322290</LatitudeDegrees>
							<LongitudeDegrees>7.786275079</LongitudeDegrees>
						</Position>
						<AltitudeMeters>313.15</AltitudeMeters>
						<DistanceMeters>8919.35</DistanceMeters>
						<HeartRateBpm>
							<Value>121</Value>
						</HeartRateBpm>
						<Extensions>
							<ns3:TPX>
								<ns3:Speed>0.00</ns3:Speed>
							</ns3:TPX>
						</Extensions>
					</Trackpoint>
					<Trackpoint>
						<Time>2025-01-28T15:09:38.847Z</Time>
						<Position>
							<LatitudeDegrees>47.957322290</LatitudeDegrees>
							<LongitudeDegrees>7.786275079</LongitudeDegrees>
						</Position>
						<AltitudeMeters>313.15</AltitudeMeters>
						<DistanceMeters>8919.35</DistanceMeters>
						<HeartRateBpm>
							<Value>120</Value>
						</HeartRateBpm>
						<Extensions>
							<ns3:TPX>
								<ns3:Speed>0.00</ns3:Speed>
							</ns3:TPX>
						</Extensions>
					</Trackpoint>
					<Trackpoint>
						<Time>2025-01-28T15:09:49.847Z</Time>
						<Position>
							<LatitudeDegrees>47.957322290</LatitudeDegrees>
							<LongitudeDegrees>7.786275079</LongitudeDegrees>
						</Position>
						<AltitudeMeters>313.15</AltitudeMeters>
						<DistanceMeters>8919.35</DistanceMeters>
						<HeartRateBpm>
							<Value>122</Value>
						</HeartRateBpm>
						<Extensions>
							<ns3:TPX>
								<ns3:Speed>0.00</ns3:Speed>
							</ns3:TPX>
						</Extensions>
					</Trackpoint>
					<Trackpoint>
						<Time>2025-01-28T15:10:00.843Z</Time>
						<Position>
							<LatitudeDegrees>47.957322290</LatitudeDegrees>
							<LongitudeDegrees>7.786275079</LongitudeDegrees>
						</Position>
						<AltitudeMeters>313.15</AltitudeMeters>
						<DistanceMeters>8919.35</DistanceMeters>
						<HeartRateBpm>
							<Value>120</Value>
						</HeartRateBpm>
						<Extensions>
							<ns3:TPX>
								<ns3:Speed>0.00</ns3:Speed>
							</ns3:TPX>
						</Extensions>
					</Trackpoint>
					<Trackpoint>
						<Time>2025-01-28T15:10:11.844Z</Time>
						<Position>
							<LatitudeDegrees>47.957322290</LatitudeDegrees>
							<LongitudeDegrees>7.786275079</LongitudeDegrees>
						</Position>
						<AltitudeMeters>313.15</AltitudeMeters>
						<DistanceMeters>8919.35</DistanceMeters>
						<HeartRateBpm>
							<Value>122</Value>
						</HeartRateBpm>
						<Extensions>
							<ns3:TPX>
								<ns3:Speed>0.00</ns3:Speed>
							</ns3:TPX>
						</Extensions>
					</Trackpoint>
					<Trackpoint>
						<Time>2025-01-28T15:10:21.846Z</Time>
						<Position>
							<LatitudeDegrees>47.957322290</LatitudeDegrees>
							<LongitudeDegrees>7.786275079</LongitudeDegrees>
						</Position>
						<AltitudeMeters>313.15</AltitudeMeters>
						<DistanceMeters>8919.35</DistanceMeters>
						<HeartRateBpm>
							<Value>122</Value>
						</HeartRateBpm>
						<Extensions>
							<ns3:TPX>
								<ns3:Speed>0.00</ns3:Speed>
							</ns3:TPX>
						</Extensions>
					</Trackpoint>
					<Trackpoint>
						<Time>2025-01-28T15:10:32.844Z</Time>
						<Position>
							<LatitudeDegrees>47.957322290</LatitudeDegrees>
							<LongitudeDegrees>7.786275079</LongitudeDegrees>
						</Position>
						<AltitudeMeters>313.15</AltitudeMeters>
						<DistanceMeters>8919.35</DistanceMeters>
						<HeartRateBpm>
							<Value>125</Value>
						</HeartRateBpm>
						<Extensions>
							<ns3:TPX>
								<ns3:Speed>0.00</ns3:Speed>
							</ns3:TPX>
						</Extensions>
					</Trackpoint>
					<Trackpoint>
						<Time>2025-01-28T15:10:42.844Z</Time>
						<Position>
							<LatitudeDegrees>47.957322290</LatitudeDegrees>
							<LongitudeDegrees>7.786275079</LongitudeDegrees>
						</Position>
						<AltitudeMeters>313.15</AltitudeMeters>
						<DistanceMeters>8919.35</DistanceMeters>
						<HeartRateBpm>
							<Value>123</Value>
						</HeartRateBpm>
						<Extensions>
							<ns3:TPX>
								<ns3:Speed>0.00</ns3:Speed>
							</ns3:TPX>
						</Extensions>
					</Trackpoint>
					<Trackpoint>
						<Time>2025-01-28T15:10:53.846Z</Time>
						<Position>
							<LatitudeDegrees>47.957322290</LatitudeDegrees>
							<LongitudeDegrees>7.786275079</LongitudeDegrees>
						</Position>
						<AltitudeMeters>313.15</AltitudeMeters>
						<DistanceMeters>8919.35</DistanceMeters>
						<HeartRateBpm>
							<Value>121</Value>
						</HeartRateBpm>
						<Extensions>
							<ns3:TPX>
								<ns3:Speed>0.00</ns3:Speed>
							</ns3:TPX>
						</Extensions>
					</Trackpoint>
					<Trackpoint>
						<Time>2025-01-28T15:11:03.846Z</Time>
						<Position>
							<LatitudeDegrees>47.957322290</LatitudeDegrees>
							<LongitudeDegrees>7.786275079</LongitudeDegrees>
						</Position>
						<AltitudeMeters>313.15</AltitudeMeters>
						<DistanceMeters>8919.35</DistanceMeters>
						<HeartRateBpm>
							<Value>126</Value>
						</HeartRateBpm>
						<Extensions>
							<ns3:TPX>
								<ns3:Speed>0.00</ns3:Speed>
							</ns3:TPX>
						</Extensions>
					</Trackpoint>
					<Trackpoint>
						<Time>2025-01-28T15:11:14.846Z</Time>
						<Position>
							<LatitudeDegrees>47.957322290</LatitudeDegrees>
							<LongitudeDegrees>7.786275079</LongitudeDegrees>
						</Position>
						<AltitudeMeters>313.15</AltitudeMeters>
						<DistanceMeters>8919.35</DistanceMeters>
						<HeartRateBpm>
							<Value>127</Value>
						</HeartRateBpm>
						<Extensions>
							<ns3:TPX>
								<ns3:Speed>0.00</ns3:Speed>
							</ns3:TPX>
						</Extensions>
					</Trackpoint>
					<Trackpoint>
						<Time>2025-01-28T15:11:25.842Z</Time>
						<Position>
							<LatitudeDegrees>47.957322290</LatitudeDegrees>
							<LongitudeDegrees>7.786275079</LongitudeDegrees>
						</Position>
						<AltitudeMeters>313.15</AltitudeMeters>
						<DistanceMeters>8919.35</DistanceMeters>
						<HeartRateBpm>
							<Value>131</Value>
						</HeartRateBpm>
						<Extensions>
							<ns3:TPX>
								<ns3:Speed>0.00</ns3:Speed>
							</ns3:TPX>
						</Extensions>
					</Trackpoint>
					<Trackpoint>
						<Time>2025-01-28T15:11:35.845Z</Time>
						<Position>
							<LatitudeDegrees>47.957322290</LatitudeDegrees>
							<LongitudeDegrees>7.786275079</LongitudeDegrees>
						</Position>
						<AltitudeMeters>313.15</AltitudeMeters>
						<DistanceMeters>8919.35</DistanceMeters>
						<HeartRateBpm>
							<Value>135</Value>
						</HeartRateBpm>
						<Extensions>
							<ns3:TPX>
								<ns3:Speed>0.00</ns3:Speed>
							</ns3:TPX>
						</Extensions>
					</Trackpoint>
					<Trackpoint>
						<Time>2025-01-28T15:11:46.843Z</Time>
						<Position>
							<LatitudeDegrees>47.957322290</LatitudeDegrees>
							<LongitudeDegrees>7.786275079</LongitudeDegrees>
						</Position>
						<AltitudeMeters>313.15</AltitudeMeters>
						<DistanceMeters>8919.35</DistanceMeters>
						<HeartRateBpm>
							<Value>138</Value>
						</HeartRateBpm>
						<Extensions>
							<ns3:TPX>
								<ns3:Speed>0.00</ns3:Speed>
							</ns3:TPX>
						</Extensions>
					</Trackpoint>
					<Trackpoint>
						<Time>2025-01-28T15:11:57.842Z</Time>
						<Position>
							<LatitudeDegrees>47.957322290</LatitudeDegrees>
							<LongitudeDegrees>7.786275079</LongitudeDegrees>
						</Position>
						<AltitudeMeters>313.15</AltitudeMeters>
						<DistanceMeters>8919.35</DistanceMeters>
						<HeartRateBpm>
							<Value>135</Value>
						</HeartRateBpm>
						<Extensions>
							<ns3:TPX>
								<ns3:Speed>0.00</ns3:Speed>
							</ns3:TPX>
						</Extensions>
					</Trackpoint>
					<Trackpoint>
						<Time>2025-01-28T15:12:07.843Z</Time>
						<Position>
							<LatitudeDegrees>47.957322290</LatitudeDegrees>
							<LongitudeDegrees>7.786275079</LongitudeDegrees>
						</Position>
						<AltitudeMeters>313.15</AltitudeMeters>
						<DistanceMeters>8919.35</DistanceMeters>
						<HeartRateBpm>
							<Value>133</Value>
						</HeartRateBpm>
						<Extensions>
							<ns3:TPX>
								<ns3:Speed>0.00</ns3:Speed>
							</ns3:TPX>
						</Extensions>
					</Trackpoint>
					<Trackpoint>
						<Time>2025-01-28T15:12:18.845Z</Time>
						<Position>
							<LatitudeDegrees>47.957322290</LatitudeDegrees>
							<LongitudeDegrees>7.786275079</LongitudeDegrees>
						</Position>
						<AltitudeMeters>313.15</AltitudeMeters>
						<DistanceMeters>8919.35</DistanceMeters>
						<HeartRateBpm>
							<Value>130</Value>
						</HeartRateBpm>
						<Extensions>
							<ns3:TPX>
								<ns3:Speed>0.00</ns3:Speed>
							</ns3:TPX>
						</Extensions>
					</Trackpoint>
					<Trackpoint>
						<Time>2025-01-28T15:12:29.845Z</Time>
						<Position>
							<LatitudeDegrees>47.957322290</LatitudeDegrees>
							<LongitudeDegrees>7.786275079</LongitudeDegrees>
						</Position>
						<AltitudeMeters>313.15</AltitudeMeters>
						<DistanceMeters>8919.35</DistanceMeters>
						<HeartRateBpm>
							<Value>127</Value>
						</HeartRateBpm>
						<Extensions>
							<ns3:TPX>
								<ns3:Speed>0.00</ns3:Speed>
							</ns3:TPX>
						</Extensions>
					</Trackpoint>
					<Trackpoint>
						<Time>2025-01-28T15:12:39.845Z</Time>
						<Position>
							<LatitudeDegrees>47.957322290</LatitudeDegrees>
							<LongitudeDegrees>7.786275079</LongitudeDegrees>
						</Position>
						<AltitudeMeters>313.15</AltitudeMeters>
						<DistanceMeters>8919.35</DistanceMeters>
						<HeartRateBpm>
							<Value>128</Value>
						</HeartRateBpm>
						<Extensions>
							<ns3:TPX>
								<ns3:Speed>0.00</ns3:Speed>
							</ns3:TPX>
						</Extensions>
					</Trackpoint>
					<Trackpoint>
						<Time>2025-01-28T15:12:50.842Z</Time>
						<Position>
							<LatitudeDegrees>47.957322290</LatitudeDegrees>
							<LongitudeDegrees>7.786275079</LongitudeDegrees>
						</Position>
						<AltitudeMeters>313.15</AltitudeMeters>
						<DistanceMeters>8919.35</DistanceMeters>
						<HeartRateBpm>
							<Value>129</Value>
						</HeartRateBpm>
						<Extensions>
							<ns3:TPX>
								<ns3:Speed>0.00</ns3:Speed>
							</ns3:TPX>
						</Extensions>
					</Trackpoint>
					<Trackpoint>
						<Time>2025-01-28T15:13:01.844Z</Time>
						<Position>
							<LatitudeDegrees>47.957322290</LatitudeDegrees>
							<LongitudeDegrees>7.786275079</LongitudeDegrees>
						</Position>
						<AltitudeMeters>313.15</AltitudeMeters>
						<DistanceMeters>8919.35</DistanceMeters>
						<HeartRateBpm>
							<Value>130</Value>
						</HeartRateBpm>
						<Extensions>
							<ns3:TPX>
								<ns3:Speed>0.00</ns3:Speed>
							</ns3:TPX>
						</Extensions>
					</Trackpoint>
					<Trackpoint>
						<Time>2025-01-28T15:13:12.844Z</Time>
						<Position>
							<LatitudeDegrees>47.957322290</LatitudeDegrees>
							<LongitudeDegrees>7.786275079</LongitudeDegrees>
						</Position>
						<AltitudeMeters>313.15</AltitudeMeters>
						<DistanceMeters>8919.35</DistanceMeters>
						<HeartRateBpm>
							<Value>129</Value>
						</HeartRateBpm>
						<Extensions>
							<ns3:TPX>
								<ns3:Speed>0.00</ns3:Speed>
							</ns3:TPX>
						</Extensions>
					</Trackpoint>
					<Trackpoint>
						<Time>2025-01-28T15:13:23.842Z</Time>
						<Position>
							<LatitudeDegrees>47.957322290</LatitudeDegrees>
							<LongitudeDegrees>7.786275079</LongitudeDegrees>
						</Position>
						<AltitudeMeters>313.15</AltitudeMeters>
						<DistanceMeters>8919.35</DistanceMeters>
						<HeartRateBpm>
							<Value>130</Value>
						</HeartRateBpm>
						<Extensions>
							<ns3:TPX>
								<ns3:Speed>0.00</ns3:Speed>
							</ns3:TPX>
						</Extensions>
					</Trackpoint>
					<Trackpoint>
						<Time>2025-01-28T15:13:34.839Z</Time>
						<Position>
							<LatitudeDegrees>47.957322290</LatitudeDegrees>
							<LongitudeDegrees>7.786275079</LongitudeDegrees>
						</Position>
						<AltitudeMeters>313.15</AltitudeMeters>
						<DistanceMeters>8919.35</DistanceMeters>
						<HeartRateBpm>
							<Value>127</Value>
						</HeartRateBpm>
						<Extensions>
							<ns3:TPX>
								<ns3:Speed>0.00</ns3:Speed>
							</ns3:TPX>
						</Extensions>
					</Trackpoint>
					<Trackpoint>
						<Time>2025-01-28T15:13:44.844Z</Time>
						<Position>
							<LatitudeDegrees>47.957322290</LatitudeDegrees>
							<LongitudeDegrees>7.786275079</LongitudeDegrees>
						</Position>
						<AltitudeMeters>313.15</AltitudeMeters>
						<DistanceMeters>8919.35</DistanceMeters>
						<HeartRateBpm>
							<Value>126</Value>
						</HeartRateBpm>
						<Extensions>
							<ns3:TPX>
								<ns3:Speed>0.00</ns3:Speed>
							</ns3:TPX>
						</Extensions>
					</Trackpoint>
					<Trackpoint>
						<Time>2025-01-28T15:13:45.846Z</Time>
						<Position>
							<LatitudeDegrees>47.957282109</LatitudeDegrees>
							<LongitudeDegrees>7.786206221</LongitudeDegrees>
						</Position>
						<AltitudeMeters>312.90</AltitudeMeters>
						<DistanceMeters>8926.16</DistanceMeters>
						<HeartRateBpm>
							<Value>125</Value>
						</HeartRateBpm>
						<Extensions>
							<ns3:TPX>
								<ns3:Speed>6.17</ns3:Speed>
							</ns3:TPX>
						</Extensions>
					</Trackpoint>
					<Trackpoint>
						<Time>2025-01-28T15:13:46.844Z</Time>
						<Position>
							<LatitudeDegrees>47.956988458</LatitudeDegrees>
							<LongitudeDegrees>7.786494205</LongitudeDegrees>
						</Position>
						<AltitudeMeters>312.65</AltitudeMeters>
						<DistanceMeters>8965.37</DistanceMeters>
						<HeartRateBpm>
							<Value>125</Value>
						</HeartRateBpm>
						<Extensions>
							<ns3:TPX>
								<ns3:Speed>5.91</ns3:Speed>
							</ns3:TPX>
						</Extensions>
					</Trackpoint>
					<Trackpoint>
						<Time>2025-01-28T15:13:47.844Z</Time>
						<Position>
							<LatitudeDegrees>47.956937658</LatitudeDegrees>
							<LongitudeDegrees>7.786510543</LongitudeDegrees>
						</Position>
						<AltitudeMeters>312.67</AltitudeMeters>
						<DistanceMeters>8971.15</DistanceMeters>
						<HeartRateBpm>
							<Value>125</Value>
						</HeartRateBpm>
						<Extensions>
							<ns3:TPX>
								<ns3:Speed>5.86</ns3:Speed>
							</ns3:TPX>
						</Extensions>
					</Trackpoint>
					<Trackpoint>
						<Time>2025-01-28T15:13:48.844Z</Time>
						<Position>
							<LatitudeDegrees>47.956885194</LatitudeDegrees>
							<LongitudeDegrees>7.786509911</LongitudeDegrees>
						</Position>
						<AltitudeMeters>312.64</AltitudeMeters>
						<DistanceMeters>8976.98</DistanceMeters>
						<HeartRateBpm>
							<Value>125</Value>
						</HeartRateBpm>
						<Extensions>
							<ns3:TPX>
								<ns3:Speed>5.28</ns3:Speed>
								<ns3:Watts>38</ns3:Watts>
							</ns3:TPX>
						</Extensions>
					</Trackpoint>
					<Trackpoint>
						<Time>2025-01-28T15:13:49.844Z</Time>
						<Position>
							<LatitudeDegrees>47.956825635</LatitudeDegrees>
							<LongitudeDegrees>7.786488086</LongitudeDegrees>
						</Position>
						<AltitudeMeters>313.04</AltitudeMeters>
						<DistanceMeters>8983.80</DistanceMeters>
						<HeartRateBpm>
							<Value>125</Value>
						</HeartRateBpm>
						<Extensions>
							<ns3:TPX>
								<ns3:Speed>4.70</ns3:Speed>
								<ns3:Watts>566</ns3:Watts>
							</ns3:TPX>
						</Extensions>
					</Trackpoint>
					<Trackpoint>
						<Time>2025-01-28T15:13:52.844Z</Time>
						<Position>
							<LatitudeDegrees>47.956743858</LatitudeDegrees>
							<LongitudeDegrees>7.786456951</LongitudeDegrees>
						</Position>
						<AltitudeMeters>313.73</AltitudeMeters>
						<DistanceMeters>8993.19</DistanceMeters>
						<HeartRateBpm>
							<Value>125</Value>
						</HeartRateBpm>
						<Extensions>
							<ns3:TPX>
								<ns3:Speed>8.40</ns3:Speed>
								<ns3:Watts>2561</ns3:Watts>
							</ns3:TPX>
						</Extensions>
					</Trackpoint>
					<Trackpoint>
						<Time>2025-01-28T15:13:53.844Z</Time>
						<Position>
							<LatitudeDegrees>47.956666399</LatitudeDegrees>
							<LongitudeDegrees>7.786462419</LongitudeDegrees>
						</Position>
						<AltitudeMeters>314.56</AltitudeMeters>
						<DistanceMeters>9001.81</DistanceMeters>
						<HeartRateBpm>
							<Value>125</Value>
						</HeartRateBpm>
						<Extensions>
							<ns3:TPX>
								<ns3:Speed>9.71</ns3:Speed>
								<ns3:Watts>2709</ns3:Watts>
							</ns3:TPX>
						</Extensions>
					</Trackpoint>
					<Trackpoint>
						<Time>2025-01-28T15:13:54.844Z</Time>
						<Position>
							<LatitudeDegrees>47.956579774</LatitudeDegrees>
							<LongitudeDegrees>7.786488223</LongitudeDegrees>
						</Position>
						<AltitudeMeters>315.56</AltitudeMeters>
						<DistanceMeters>9011.63</DistanceMeters>
						<HeartRateBpm>
							<Value>124</Value>
						</HeartRateBpm>
						<Extensions>
							<ns3:TPX>
								<ns3:Speed>10.93</ns3:Speed>
								<ns3:Watts>2678</ns3:Watts>
							</ns3:TPX>
						</Extensions>
					</Trackpoint>
					<Trackpoint>
						<Time>2025-01-28T15:13:56.840Z</Time>
						<Position>
							<LatitudeDegrees>47.956374555</LatitudeDegrees>
							<LongitudeDegrees>7.786539657</LongitudeDegrees>
						</Position>
						<AltitudeMeters>319.72</AltitudeMeters>
						<DistanceMeters>9034.77</DistanceMeters>
						<HeartRateBpm>
							<Value>124</Value>
						</HeartRateBpm>
						<Extensions>
							<ns3:TPX>
								<ns3:Speed>11.52</ns3:Speed>
								<ns3:Watts>2179</ns3:Watts>
							</ns3:TPX>
						</Extensions>
					</Trackpoint>
					<Trackpoint>
						<Time>2025-01-28T15:13:57.841Z</Time>
						<Position>
							<LatitudeDegrees>47.956267528</LatitudeDegrees>
							<LongitudeDegrees>7.786566789</LongitudeDegrees>
						</Position>
						<AltitudeMeters>321.60</AltitudeMeters>
						<DistanceMeters>9046.84</DistanceMeters>
						<HeartRateBpm>
							<Value>123</Value>
						</HeartRateBpm>
						<Extensions>
							<ns3:TPX>
								<ns3:Speed>11.62</ns3:Speed>
								<ns3:Watts>1467</ns3:Watts>
							</ns3:TPX>
						</Extensions>
					</Trackpoint>
					<Trackpoint>
						<Time>2025-01-28T15:13:59.843Z</Time>
						<Position>
							<LatitudeDegrees>47.956055197</LatitudeDegrees>
							<LongitudeDegrees>7.786605557</LongitudeDegrees>
						</Position>
						<AltitudeMeters>324.45</AltitudeMeters>
						<DistanceMeters>9070.63</DistanceMeters>
						<HeartRateBpm>
							<Value>122</Value>
						</HeartRateBpm>
						<Extensions>
							<ns3:TPX>
								<ns3:Speed>9.22</ns3:Speed>
								<ns3:Watts>583</ns3:Watts>
							</ns3:TPX>
						</Extensions>
					</Trackpoint>
					<Trackpoint>
						<Time>2025-01-28T15:14:01.840Z</Time>
						<Position>
							<LatitudeDegrees>47.955896965</LatitudeDegrees>
							<LongitudeDegrees>7.786607760</LongitudeDegrees>
						</Position>
						<AltitudeMeters>327.05</AltitudeMeters>
						<DistanceMeters>9088.22</DistanceMeters>
						<HeartRateBpm>
							<Value>121</Value>
						</HeartRateBpm>
						<Extensions>
							<ns3:TPX>
								<ns3:Speed>7.19</ns3:Speed>
								<ns3:Watts>900</ns3:Watts>
							</ns3:TPX>
						</Extensions>
					</Trackpoint>
					<Trackpoint>
						<Time>2025-01-28T15:14:03.839Z</Time>
						<Position>
							<LatitudeDegrees>47.955782533</LatitudeDegrees>
							<LongitudeDegrees>7.786537405</LongitudeDegrees>
						</Position>
						<AltitudeMeters>328.82</AltitudeMeters>
						<DistanceMeters>9101.99</DistanceMeters>
						<HeartRateBpm>
							<Value>120</Value>
						</HeartRateBpm>
						<Extensions>
							<ns3:TPX>
								<ns3:Speed>8.06</ns3:Speed>
								<ns3:Watts>1433</ns3:Watts>
							</ns3:TPX>
						</Extensions>
					</Trackpoint>
					<Trackpoint>
						<Time>2025-01-28T15:14:05.844Z</Time>
						<Position>
							<LatitudeDegrees>47.955689105</LatitudeDegrees>
							<LongitudeDegrees>7.786357591</LongitudeDegrees>
						</Position>
						<AltitudeMeters>328.57</AltitudeMeters>
						<DistanceMeters>9118.97</DistanceMeters>
						<HeartRateBpm>
							<Value>118</Value>
						</HeartRateBpm>
						<Extensions>
							<ns3:TPX>
								<ns3:Speed>10.19</ns3:Speed>
								<ns3:Watts>1527</ns3:Watts>
							</ns3:TPX>
						</Extensions>
					</Trackpoint>
					<Trackpoint>
						<Time>2025-01-28T15:14:07.844Z</Time>
						<Position>
							<LatitudeDegrees>47.955565671</LatitudeDegrees>
							<LongitudeDegrees>7.786133224</LongitudeDegrees>
						</Position>
						<AltitudeMeters>328.78</AltitudeMeters>
						<DistanceMeters>9140.63</DistanceMeters>
						<HeartRateBpm>
							<Value>117</Value>
						</HeartRateBpm>
						<Extensions>
							<ns3:TPX>
								<ns3:Speed>12.04</ns3:Speed>
								<ns3:Watts>1343</ns3:Watts>
							</ns3:TPX>
						</Extensions>
					</Trackpoint>
					<Trackpoint>
						<Time>2025-01-28T15:14:09.841Z</Time>
						<Position>
							<LatitudeDegrees>47.955416417</LatitudeDegrees>
							<LongitudeDegrees>7.785878400</LongitudeDegrees>
						</Position>
						<AltitudeMeters>329.45</AltitudeMeters>
						<DistanceMeters>9165.88</DistanceMeters>
						<HeartRateBpm>
							<Value>116</Value>
						</HeartRateBpm>
						<Extensions>
							<ns3:TPX>
								<ns3:Speed>12.99</ns3:Speed>
								<ns3:Watts>1317</ns3:Watts>
							</ns3:TPX>
						</Extensions>
					</Trackpoint>
					<Trackpoint>
						<Time>2025-01-28T15:14:11.843Z</Time>
						<Position>
							<LatitudeDegrees>47.955264468</LatitudeDegrees>
							<LongitudeDegrees>7.785613008</LongitudeDegrees>
						</Position>
						<AltitudeMeters>329.39</AltitudeMeters>
						<DistanceMeters>9191.92</DistanceMeters>
						<HeartRateBpm>
							<Value>116</Value>
						</HeartRateBpm>
						<Extensions>
							<ns3:TPX>
								<ns3:Speed>14.02</ns3:Speed>
								<ns3:Watts>1219</ns3:Watts>
							</ns3:TPX>
						</Extensions>
					</Trackpoint>
					<Trackpoint>
						<Time>2025-01-28T15:14:13.844Z</Time>
						<Position>
							<LatitudeDegrees>47.955130033</LatitudeDegrees>
							<LongitudeDegrees>7.785283032</LongitudeDegrees>
						</Position>
						<AltitudeMeters>330.16</AltitudeMeters>
						<DistanceMeters>9220.75</DistanceMeters>
						<HeartRateBpm>
							<Value>115</Value>
						</HeartRateBpm>
						<Extensions>
							<ns3:TPX>
								<ns3:Speed>13.41</ns3:Speed>
								<ns3:Watts>147</ns3:Watts>
							</ns3:TPX>
						</Extensions>
					</Trackpoint>
					<Trackpoint>
						<Time>2025-01-28T15:14:15.841Z</Time>
						<Position>
							<LatitudeDegrees>47.954993336</LatitudeDegrees>
							<LongitudeDegrees>7.784979288</LongitudeDegrees>
						</Position>
						<AltitudeMeters>333.72</AltitudeMeters>
						<DistanceMeters>9248.05</DistanceMeters>
						<HeartRateBpm>
							<Value>115</Value>
						</HeartRateBpm>
						<Extensions>
							<ns3:TPX>
								<ns3:Speed>9.71</ns3:Speed>
							</ns3:TPX>
						</Extensions>
					</Trackpoint>
					<Trackpoint>
						<Time>2025-01-28T15:14:17.840Z</Time>
						<Position>
							<LatitudeDegrees>47.954933201</LatitudeDegrees>
							<LongitudeDegrees>7.784726389</LongitudeDegrees>
						</Position>
						<AltitudeMeters>336.25</AltitudeMeters>
						<DistanceMeters>9268.09</DistanceMeters>
						<HeartRateBpm>
							<Value>115</Value>
						</HeartRateBpm>
						<Extensions>
							<ns3:TPX>
								<ns3:Speed>7.11</ns3:Speed>
								<ns3:Watts>304</ns3:Watts>
							</ns3:TPX>
						</Extensions>
					</Trackpoint>
					<Trackpoint>
						<Time>2025-01-28T15:14:19.841Z</Time>
						<Position>
							<LatitudeDegrees>47.954918889</LatitudeDegrees>
							<LongitudeDegrees>7.784520832</LongitudeDegrees>
						</Position>
						<AltitudeMeters>338.49</AltitudeMeters>
						<DistanceMeters>9283.52</DistanceMeters>
						<HeartRateBpm>
							<Value>115</Value>
						</HeartRateBpm>
						<Extensions>
							<ns3:TPX>
								<ns3:Speed>6.15</ns3:Speed>
								<ns3:Watts>748</ns3:Watts>
							</ns3:TPX>
						</Extensions>
					</Trackpoint>
					<Trackpoint>
						<Time>2025-01-28T15:14:21.841Z</Time>
						<Position>
							<LatitudeDegrees>47.954885638</LatitudeDegrees>
							<LongitudeDegrees>7.784371889</LongitudeDegrees>
						</Position>
						<AltitudeMeters>339.23</AltitudeMeters>
						<DistanceMeters>9295.25</DistanceMeters>
						<HeartRateBpm>
							<Value>116</Value>
						</HeartRateBpm>
						<Extensions>
							<ns3:TPX>
								<ns3:Speed>8.18</ns3:Speed>
								<ns3:Watts>1398</ns3:Watts>
							</ns3:TPX>
						</Extensions>
					</Trackpoint>
					<Trackpoint>
						<Time>2025-01-28T15:14:23.840Z</Time>
						<Position>
							<LatitudeDegrees>47.954896742</LatitudeDegrees>
							<LongitudeDegrees>7.784206801</LongitudeDegrees>
						</Position>
						<AltitudeMeters>338.29</AltitudeMeters>
						<DistanceMeters>9307.64</DistanceMeters>
						<HeartRateBpm>
							<Value>115</Value>
						</HeartRateBpm>
						<Extensions>
							<ns3:TPX>
								<ns3:Speed>11.31</ns3:Speed>
								<ns3:Watts>1407</ns3:Watts>
							</ns3:TPX>
						</Extensions>
					</Trackpoint>
					<Trackpoint>
						<Time>2025-01-28T15:14:25.840Z</Time>
						<Position>
							<LatitudeDegrees>47.954973790</LatitudeDegrees>
							<LongitudeDegrees>7.783932966</LongitudeDegrees>
						</Position>
						<AltitudeMeters>337.47</AltitudeMeters>
						<DistanceMeters>9329.81</DistanceMeters>
						<HeartRateBpm>
							<Value>116</Value>
						</HeartRateBpm>
						<Extensions>
							<ns3:TPX>
								<ns3:Speed>13.43</ns3:Speed>
								<ns3:Watts>1313</ns3:Watts>
							</ns3:TPX>
						</Extensions>
					</Trackpoint>
					<Trackpoint>
						<Time>2025-01-28T15:14:27.839Z</Time>
						<Position>
							<LatitudeDegrees>47.955049031</LatitudeDegrees>
							<LongitudeDegrees>7.783596001</LongitudeDegrees>
						</Position>
						<AltitudeMeters>336.20</AltitudeMeters>
						<DistanceMeters>9356.33</DistanceMeters>
						<HeartRateBpm>
							<Value>116</Value>
						</HeartRateBpm>
						<Extensions>
							<ns3:TPX>
								<ns3:Speed>15.90</ns3:Speed>
								<ns3:Watts>884</ns3:Watts>
							</ns3:TPX>
						</Extensions>
					</Trackpoint>
					<Trackpoint>
						<Time>2025-01-28T15:14:29.843Z</Time>
						<Position>
							<LatitudeDegrees>47.955074603</LatitudeDegrees>
							<LongitudeDegrees>7.783183026</LongitudeDegrees>
						</Position>
						<AltitudeMeters>333.94</AltitudeMeters>
						<DistanceMeters>9387.30</DistanceMeters>
						<HeartRateBpm>
							<Value>116</Value>
						</HeartRateBpm>
						<Extensions>
							<ns3:TPX>
								<ns3:Speed>16.76</ns3:Speed>
								<ns3:Watts>491</ns3:Watts>
							</ns3:TPX>
						</Extensions>
					</Trackpoint>
					<Trackpoint>
						<Time>2025-01-28T15:14:33.842Z</Time>
						<Position>
							<LatitudeDegrees>47.955187857</LatitudeDegrees>
							<LongitudeDegrees>7.782257973</LongitudeDegrees>
						</Position>
						<AltitudeMeters>329.20</AltitudeMeters>
						<DistanceMeters>9457.53</DistanceMeters>
						<HeartRateBpm>
							<Value>115</Value>
						</HeartRateBpm>
						<Extensions>
							<ns3:TPX>
								<ns3:Speed>18.81</ns3:Speed>
								<ns3:Watts>257</ns3:Watts>
							</ns3:TPX>
						</Extensions>
					</Trackpoint>
					<Trackpoint>
						<Time>2025-01-28T15:14:35.843Z</Time>
						<Position>
							<LatitudeDegrees>47.955335542</LatitudeDegrees>
							<LongitudeDegrees>7.781810335</LongitudeDegrees>
						</Position>
						<AltitudeMeters>325.49</AltitudeMeters>
						<DistanceMeters>9494.78</DistanceMeters>
						<HeartRateBpm>
							<Value>115</Value>
						</HeartRateBpm>
						<Extensions>
							<ns3:TPX>
								<ns3:Speed>19.84</ns3:Speed>
								<ns3:Watts>412</ns3:Watts>
							</ns3:TPX>
						</Extensions>
					</Trackpoint>
					<Trackpoint>
						<Time>2025-01-28T15:14:37.843Z</Time>
						<Position>
							<LatitudeDegrees>47.955466161</LatitudeDegrees>
							<LongitudeDegrees>7.781314214</LongitudeDegrees>
						</Position>
						<AltitudeMeters>321.87</AltitudeMeters>
						<DistanceMeters>9534.57</DistanceMeters>
						<HeartRateBpm>
							<Value>115</Value>
						</HeartRateBpm>
						<Extensions>
							<ns3:TPX>
								<ns3:Speed>20.60</ns3:Speed>
							</ns3:TPX>
						</Extensions>
					</Trackpoint>
					<Trackpoint>
						<Time>2025-01-28T15:14:39.844Z</Time>
						<Position>
							<LatitudeDegrees>47.955539199</LatitudeDegrees>
							<LongitudeDegrees>7.780781544</LongitudeDegrees>
						</Position>
						<AltitudeMeters>317.68</AltitudeMeters>
						<DistanceMeters>9575.18</DistanceMeters>
						<HeartRateBpm>
							<Value>115</Value>
						</HeartRateBpm>
						<Extensions>
							<ns3:TPX>
								<ns3:Speed>20.01</ns3:Speed>
							</ns3:TPX>
						</Extensions>
					</Trackpoint>
					<Trackpoint>
						<Time>2025-01-28T15:14:41.843Z</Time>
						<Position>
							<LatitudeDegrees>47.955546339</LatitudeDegrees>
							<LongitudeDegrees>7.780247098</LongitudeDegrees>
						</Position>
						<AltitudeMeters>314.02</AltitudeMeters>
						<DistanceMeters>9615.10</DistanceMeters>
						<HeartRateBpm>
							<Value>115</Value>
						</HeartRateBpm>
						<Extensions>
							<ns3:TPX>
								<ns3:Speed>19.83</ns3:Speed>
							</ns3:TPX>
						</Extensions>
					</Trackpoint>
					<Trackpoint>
						<Time>2025-01-28T15:14:42.843Z</Time>
						<Position>
							<LatitudeDegrees>47.955528181</LatitudeDegrees>
							<LongitudeDegrees>7.779982008</LongitudeDegrees>
						</Position>
						<AltitudeMeters>311.94</AltitudeMeters>
						<DistanceMeters>9635.00</DistanceMeters>
						<HeartRateBpm>
							<Value>115</Value>
						</HeartRateBpm>
						<Extensions>
							<ns3:TPX>
								<ns3:Speed>20.37</ns3:Speed>
								<ns3:Watts>405</ns3:Watts>
							</ns3:TPX>
						</Extensions>
					</Trackpoint>
					<Trackpoint>
						<Time>2025-01-28T15:14:43.843Z</Time>
						<Position>
							<LatitudeDegrees>47.955492231</LatitudeDegrees>
							<LongitudeDegrees>7.779720377</LongitudeDegrees>
						</Position>
						<AltitudeMeters>309.94</AltitudeMeters>
						<DistanceMeters>9654.94</DistanceMeters>
						<HeartRateBpm>
							<Value>115</Value>
						</HeartRateBpm>
						<Extensions>
							<ns3:TPX>
								<ns3:Speed>20.97</ns3:Speed>
								<ns3:Watts>621</ns3:Watts>
							</ns3:TPX>
						</Extensions>
					</Trackpoint>
					<Trackpoint>
						<Time>2025-01-28T15:14:44.840Z</Time>
						<Position>
							<LatitudeDegrees>47.955439408</LatitudeDegrees>
							<LongitudeDegrees>7.779458760</LongitudeDegrees>
						</Position>
						<AltitudeMeters>307.70</AltitudeMeters>
						<DistanceMeters>9675.35</DistanceMeters>
						<HeartRateBpm>
							<Value>115</Value>
						</HeartRateBpm>
						<Extensions>
							<ns3:TPX>
								<ns3:Speed>21.35</ns3:Speed>
								<ns3:Watts>612</ns3:Watts>
							</ns3:TPX>
						</Extensions>
					</Trackpoint>
					<Trackpoint>
						<Time>2025-01-28T15:14:45.843Z</Time>
						<Position>
							<LatitudeDegrees>47.955369303</LatitudeDegrees>
							<LongitudeDegrees>7.779194063</LongitudeDegrees>
						</Position>
						<AltitudeMeters>306.10</AltitudeMeters>
						<DistanceMeters>9696.60</DistanceMeters>
						<HeartRateBpm>
							<Value>115</Value>
						</HeartRateBpm>
						<Extensions>
							<ns3:TPX>
								<ns3:Speed>21.64</ns3:Speed>
								<ns3:Watts>546</ns3:Watts>
							</ns3:TPX>
						</Extensions>
					</Trackpoint>
					<Trackpoint>
						<Time>2025-01-28T15:14:46.844Z</Time>
						<Position>
							<LatitudeDegrees>47.955278787</LatitudeDegrees>
							<LongitudeDegrees>7.778946985</LongitudeDegrees>
						</Position>
						<AltitudeMeters>303.76</AltitudeMeters>
						<DistanceMeters>9717.62</DistanceMeters>
						<HeartRateBpm>
							<Value>115</Value>
						</HeartRateBpm>
						<Extensions>
							<ns3:TPX>
								<ns3:Speed>21.98</ns3:Speed>
								<ns3:Watts>580</ns3:Watts>
							</ns3:TPX>
						</Extensions>
					</Trackpoint>
					<Trackpoint>
						<Time>2025-01-28T15:14:47.844Z</Time>
						<Position>
							<LatitudeDegrees>47.955174619</LatitudeDegrees>
							<LongitudeDegrees>7.778706484</LongitudeDegrees>
						</Position>
						<AltitudeMeters>301.67</AltitudeMeters>
						<DistanceMeters>9738.99</DistanceMeters>
						<HeartRateBpm>
							<Value>115</Value>
						</HeartRateBpm>
						<Extensions>
							<ns3:TPX>
								<ns3:Speed>22.32</ns3:Speed>
								<ns3:Watts>635</ns3:Watts>
							</ns3:TPX>
						</Extensions>
					</Trackpoint>
					<Trackpoint>
						<Time>2025-01-28T15:14:48.840Z</Time>
						<Position>
							<LatitudeDegrees>47.955057572</LatitudeDegrees>
							<LongitudeDegrees>7.778472158</LongitudeDegrees>
						</Position>
						<AltitudeMeters>299.51</AltitudeMeters>
						<DistanceMeters>9760.80</DistanceMeters>
						<HeartRateBpm>
							<Value>115</Value>
						</HeartRateBpm>
						<Extensions>
							<ns3:TPX>
								<ns3:Speed>22.65</ns3:Speed>
								<ns3:Watts>698</ns3:Watts>
							</ns3:TPX>
						</Extensions>
					</Trackpoint>
					<Trackpoint>
						<Time>2025-01-28T15:14:49.841Z</Time>
						<Position>
							<LatitudeDegrees>47.954928867</LatitudeDegrees>
							<LongitudeDegrees>7.778241807</LongitudeDegrees>
						</Position>
						<AltitudeMeters>297.47</AltitudeMeters>
						<DistanceMeters>9783.18</DistanceMeters>
						<HeartRateBpm>
							<Value>114</Value>
						</HeartRateBpm>
						<Extensions>
							<ns3:TPX>
								<ns3:Speed>22.95</ns3:Speed>
								<ns3:Watts>806</ns3:Watts>
							</ns3:TPX>
						</Extensions>
					</Trackpoint>
					<Trackpoint>
						<Time>2025-01-28T15:14:50.843Z</Time>
						<Position>
							<LatitudeDegrees>47.954801194</LatitudeDegrees>
							<LongitudeDegrees>7.778004886</LongitudeDegrees>
						</Position>
						<AltitudeMeters>295.57</AltitudeMeters>
						<DistanceMeters>9805.86</DistanceMeters>
						<HeartRateBpm>
							<Value>114</Value>
						</HeartRateBpm>
						<Extensions>
							<ns3:TPX>
								<ns3:Speed>23.32</ns3:Speed>
								<ns3:Watts>902</ns3:Watts>
							</ns3:TPX>
						</Extensions>
					</Trackpoint>
					<Trackpoint>
						<Time>2025-01-28T15:14:51.843Z</Time>
						<Position>
							<LatitudeDegrees>47.954674682</LatitudeDegrees>
							<LongitudeDegrees>7.777760979</LongitudeDegrees>
						</Position>
						<AltitudeMeters>293.58</AltitudeMeters>
						<DistanceMeters>9828.88</DistanceMeters>
						<HeartRateBpm>
							<Value>114</Value>
						</HeartRateBpm>
						<Extensions>
							<ns3:TPX>
								<ns3:Speed>23.79</ns3:Speed>
								<ns3:Watts>848</ns3:Watts>
							</ns3:TPX>
						</Extensions>
					</Trackpoint>
					<Trackpoint>
						<Time>2025-01-28T15:14:52.840Z</Time>
						<Position>
							<LatitudeDegrees>47.954558170</LatitudeDegrees>
							<LongitudeDegrees>7.777503038</LongitudeDegrees>
						</Position>
						<AltitudeMeters>291.50</AltitudeMeters>
						<DistanceMeters>9852.09</DistanceMeters>
						<HeartRateBpm>
							<Value>113</Value>
						</HeartRateBpm>
						<Extensions>
							<ns3:TPX>
								<ns3:Speed>24.19</ns3:Speed>
								<ns3:Watts>563</ns3:Watts>
							</ns3:TPX>
						</Extensions>
					</Trackpoint>
					<Trackpoint>
						<Time>2025-01-28T15:14:53.840Z</Time>
						<Position>
							<LatitudeDegrees>47.954447827</LatitudeDegrees>
							<LongitudeDegrees>7.777228523</LongitudeDegrees>
						</Position>
						<AltitudeMeters>289.10</AltitudeMeters>
						<DistanceMeters>9875.98</DistanceMeters>
						<HeartRateBpm>
							<Value>113</Value>
						</HeartRateBpm>
						<Extensions>
							<ns3:TPX>
								<ns3:Speed>24.28</ns3:Speed>
								<ns3:Watts>119</ns3:Watts>
							</ns3:TPX>
						</Extensions>
					</Trackpoint>
					<Trackpoint>
						<Time>2025-01-28T15:14:54.840Z</Time>
						<Position>
							<LatitudeDegrees>47.954343848</LatitudeDegrees>
							<LongitudeDegrees>7.776944027</LongitudeDegrees>
						</Position>
						<AltitudeMeters>286.89</AltitudeMeters>
						<DistanceMeters>9900.17</DistanceMeters>
						<HeartRateBpm>
							<Value>113</Value>
						</HeartRateBpm>
						<Extensions>
							<ns3:TPX>
								<ns3:Speed>24.09</ns3:Speed>
							</ns3:TPX>
						</Extensions>
					</Trackpoint>
					<Trackpoint>
						<Time>2025-01-28T15:14:55.840Z</Time>
						<Position>
							<LatitudeDegrees>47.954249524</LatitudeDegrees>
							<LongitudeDegrees>7.776655125</LongitudeDegrees>
						</Position>
						<AltitudeMeters>284.51</AltitudeMeters>
						<DistanceMeters>9924.16</DistanceMeters>
						<HeartRateBpm>
							<Value>113</Value>
						</HeartRateBpm>
						<Extensions>
							<ns3:TPX>
								<ns3:Speed>23.88</ns3:Speed>
							</ns3:TPX>
						</Extensions>
					</Trackpoint>
					<Trackpoint>
						<Time>2025-01-28T15:14:56.838Z</Time>
						<Position>
							<LatitudeDegrees>47.954170703</LatitudeDegrees>
							<LongitudeDegrees>7.776355882</LongitudeDegrees>
						</Position>
						<AltitudeMeters>282.30</AltitudeMeters>
						<DistanceMeters>9948.17</DistanceMeters>
						<HeartRateBpm>
							<Value>113</Value>
						</HeartRateBpm>
						<Extensions>
							<ns3:TPX>
								<ns3:Speed>23.17</ns3:Speed>
							</ns3:TPX>
						</Extensions>
					</Trackpoint>
					<Trackpoint>
						<Time>2025-01-28T15:14:57.841Z</Time>
						<Position>
							<LatitudeDegrees>47.954102837</LatitudeDegrees>
							<LongitudeDegrees>7.776049956</LongitudeDegrees>
						</Position>
						<AltitudeMeters>279.75</AltitudeMeters>
						<DistanceMeters>9972.23</DistanceMeters>
						<HeartRateBpm>
							<Value>113</Value>
						</HeartRateBpm>
						<Extensions>
							<ns3:TPX>
								<ns3:Speed>22.36</ns3:Speed>
							</ns3:TPX>
						</Extensions>
					</Trackpoint>
					<Trackpoint>
						<Time>2025-01-28T15:14:58.840Z</Time>
						<Position>
							<LatitudeDegrees>47.954051479</LatitudeDegrees>
							<LongitudeDegrees>7.775749827</LongitudeDegrees>
						</Position>
						<AltitudeMeters>277.30</AltitudeMeters>
						<DistanceMeters>9995.36</DistanceMeters>
						<HeartRateBpm>
							<Value>113</Value>
						</HeartRateBpm>
						<Extensions>
							<ns3:TPX>
								<ns3:Speed>21.64</ns3:Speed>
							</ns3:TPX>
						</Extensions>
					</Trackpoint>
					<Trackpoint>
						<Time>2025-01-28T15:14:59.840Z</Time>
						<Position>
							<LatitudeDegrees>47.954013240</LatitudeDegrees>
							<LongitudeDegrees>7.775457008</LongitudeDegrees>
						</Position>
						<AltitudeMeters>274.82</AltitudeMeters>
						<DistanceMeters>10017.64</DistanceMeters>
						<HeartRateBpm>
							<Value>112</Value>
						</HeartRateBpm>
						<Extensions>
							<ns3:TPX>
								<ns3:Speed>20.90</ns3:Speed>
							</ns3:TPX>
						</Extensions>
					</Trackpoint>
					<Trackpoint>
						<Time>2025-01-28T15:15:00.840Z</Time>
						<Position>
							<LatitudeDegrees>47.953987612</LatitudeDegrees>
							<LongitudeDegrees>7.775169796</LongitudeDegrees>
						</Position>
						<AltitudeMeters>272.54</AltitudeMeters>
						<DistanceMeters>10039.28</DistanceMeters>
						<HeartRateBpm>
							<Value>111</Value>
						</HeartRateBpm>
						<Extensions>
							<ns3:TPX>
								<ns3:Speed>19.78</ns3:Speed>
							</ns3:TPX>
						</Extensions>
					</Trackpoint>
					<Trackpoint>
						<Time>2025-01-28T15:15:01.843Z</Time>
						<Position>
							<LatitudeDegrees>47.953968999</LatitudeDegrees>
							<LongitudeDegrees>7.774888288</LongitudeDegrees>
						</Position>
						<AltitudeMeters>270.74</AltitudeMeters>
						<DistanceMeters>10060.41</DistanceMeters>
						<HeartRateBpm>
							<Value>111</Value>
						</HeartRateBpm>
						<Extensions>
							<ns3:TPX>
								<ns3:Speed>18.45</ns3:Speed>
							</ns3:TPX>
						</Extensions>
					</Trackpoint>
					<Trackpoint>
						<Time>2025-01-28T15:15:02.841Z</Time>
						<Position>
							<LatitudeDegrees>47.953961076</LatitudeDegrees>
							<LongitudeDegrees>7.774617171</LongitudeDegrees>
						</Position>
						<AltitudeMeters>268.81</AltitudeMeters>
						<DistanceMeters>10080.67</DistanceMeters>
						<HeartRateBpm>
							<Value>110</Value>
						</HeartRateBpm>
						<Extensions>
							<ns3:TPX>
								<ns3:Speed>17.50</ns3:Speed>
							</ns3:TPX>
						</Extensions>
					</Trackpoint>
					<Trackpoint>
						<Time>2025-01-28T15:15:03.838Z</Time>
						<Position>
							<LatitudeDegrees>47.953964097</LatitudeDegrees>
							<LongitudeDegrees>7.774369781</LongitudeDegrees>
						</Position>
						<AltitudeMeters>266.92</AltitudeMeters>
						<DistanceMeters>10099.15</DistanceMeters>
						<HeartRateBpm>
							<Value>110</Value>
						</HeartRateBpm>
						<Extensions>
							<ns3:TPX>
								<ns3:Speed>16.74</ns3:Speed>
							</ns3:TPX>
						</Extensions>
					</Trackpoint>
					<Trackpoint>
						<Time>2025-01-28T15:15:04.838Z</Time>
						<Position>
							<LatitudeDegrees>47.953973688</LatitudeDegrees>
							<LongitudeDegrees>7.774136488</LongitudeDegrees>
						</Position>
						<AltitudeMeters>265.03</AltitudeMeters>
						<DistanceMeters>10116.61</DistanceMeters>
						<HeartRateBpm>
							<Value>110</Value>
						</HeartRateBpm>
						<Extensions>
							<ns3:TPX>
								<ns3:Speed>16.27</ns3:Speed>
							</ns3:TPX>
						</Extensions>
					</Trackpoint>
					<Trackpoint>
						<Time>2025-01-28T15:15:05.843Z</Time>
						<Position>
							<LatitudeDegrees>47.953986328</LatitudeDegrees>
							<LongitudeDegrees>7.773914386</LongitudeDegrees>
						</Position>
						<AltitudeMeters>263.67</AltitudeMeters>
						<DistanceMeters>10133.26</DistanceMeters>
						<HeartRateBpm>
							<Value>110</Value>
						</HeartRateBpm>
						<Extensions>
							<ns3:TPX>
								<ns3:Speed>15.92</ns3:Speed>
							</ns3:TPX>
						</Extensions>
					</Trackpoint>
					<Trackpoint>
						<Time>2025-01-28T15:15:06.843Z</Time>
						<Position>
							<LatitudeDegrees>47.954005780</LatitudeDegrees>
							<LongitudeDegrees>7.773692407</LongitudeDegrees>
						</Position>
						<AltitudeMeters>262.77</AltitudeMeters>
						<DistanceMeters>10149.98</DistanceMeters>
						<HeartRateBpm>
							<Value>110</Value>
						</HeartRateBpm>
						<Extensions>
							<ns3:TPX>
								<ns3:Speed>15.66</ns3:Speed>
							</ns3:TPX>
						</Extensions>
					</Trackpoint>
					<Trackpoint>
						<Time>2025-01-28T15:15:07.843Z</Time>
						<Position>
							<LatitudeDegrees>47.954027592</LatitudeDegrees>
							<LongitudeDegrees>7.773483171</LongitudeDegrees>
						</Position>
						<AltitudeMeters>261.36</AltitudeMeters>
						<DistanceMeters>10165.79</DistanceMeters>
						<HeartRateBpm>
							<Value>111</Value>
						</HeartRateBpm>
						<Extensions>
							<ns3:TPX>
								<ns3:Speed>15.44</ns3:Speed>
							</ns3:TPX>
						</Extensions>
					</Trackpoint>
					<Trackpoint>
						<Time>2025-01-28T15:15:08.840Z</Time>
						<Position>
							<LatitudeDegrees>47.954056089</LatitudeDegrees>
							<LongitudeDegrees>7.773274650</LongitudeDegrees>
						</Position>
						<AltitudeMeters>260.89</AltitudeMeters>
						<DistanceMeters>10181.68</DistanceMeters>
						<HeartRateBpm>
							<Value>111</Value>
						</HeartRateBpm>
						<Extensions>
							<ns3:TPX>
								<ns3:Speed>15.41</ns3:Speed>
							</ns3:TPX>
						</Extensions>
					</Trackpoint>
					<Trackpoint>
						<Time>2025-01-28T15:15:09.843Z</Time>
						<Position>
							<LatitudeDegrees>47.954086279</LatitudeDegrees>
							<LongitudeDegrees>7.773074728</LongitudeDegrees>
						</Position>
						<AltitudeMeters>260.40</AltitudeMeters>
						<DistanceMeters>10196.99</DistanceMeters>
						<HeartRateBpm>
							<Value>112</Value>
						</HeartRateBpm>
						<Extensions>
							<ns3:TPX>
								<ns3:Speed>15.36</ns3:Speed>
								<ns3:Watts>106</ns3:Watts>
							</ns3:TPX>
						</Extensions>
					</Trackpoint>
					<Trackpoint>
						<Time>2025-01-28T15:15:10.839Z</Time>
						<Position>
							<LatitudeDegrees>47.954115102</LatitudeDegrees>
							<LongitudeDegrees>7.772871756</LongitudeDegrees>
						</Position>
						<AltitudeMeters>259.98</AltitudeMeters>
						<DistanceMeters>10212.48</DistanceMeters>
						<HeartRateBpm>
							<Value>113</Value>
						</HeartRateBpm>
						<Extensions>
							<ns3:TPX>
								<ns3:Speed>15.39</ns3:Speed>
								<ns3:Watts>226</ns3:Watts>
							</ns3:TPX>
						</Extensions>
					</Trackpoint>
					<Trackpoint>
						<Time>2025-01-28T15:15:11.840Z</Time>
						<Position>
							<LatitudeDegrees>47.954146317</LatitudeDegrees>
							<LongitudeDegrees>7.772670806</LongitudeDegrees>
						</Position>
						<AltitudeMeters>259.71</AltitudeMeters>
						<DistanceMeters>10227.88</DistanceMeters>
						<HeartRateBpm>
							<Value>114</Value>
						</HeartRateBpm>
						<Extensions>
							<ns3:TPX>
								<ns3:Speed>15.35</ns3:Speed>
								<ns3:Watts>307</ns3:Watts>
							</ns3:TPX>
						</Extensions>
					</Trackpoint>
					<Trackpoint>
						<Time>2025-01-28T15:15:12.840Z</Time>
						<Position>
							<LatitudeDegrees>47.954182093</LatitudeDegrees>
							<LongitudeDegrees>7.772467775</LongitudeDegrees>
						</Position>
						<AltitudeMeters>259.72</AltitudeMeters>
						<DistanceMeters>10243.56</DistanceMeters>
						<HeartRateBpm>
							<Value>114</Value>
						</HeartRateBpm>
						<Extensions>
							<ns3:TPX>
								<ns3:Speed>15.42</ns3:Speed>
								<ns3:Watts>299</ns3:Watts>
							</ns3:TPX>
						</Extensions>
					</Trackpoint>
					<Trackpoint>
						<Time>2025-01-28T15:15:13.841Z</Time>
						<Position>
							<LatitudeDegrees>47.954222329</LatitudeDegrees>
							<LongitudeDegrees>7.772274236</LongitudeDegrees>
						</Position>
						<AltitudeMeters>259.32</AltitudeMeters>
						<DistanceMeters>10258.69</DistanceMeters>
						<HeartRateBpm>
							<Value>113</Value>
						</HeartRateBpm>
						<Extensions>
							<ns3:TPX>
								<ns3:Speed>15.48</ns3:Speed>
								<ns3:Watts>333</ns3:Watts>
							</ns3:TPX>
						</Extensions>
					</Trackpoint>
					<Trackpoint>
						<Time>2025-01-28T15:15:14.840Z</Time>
						<Position>
							<LatitudeDegrees>47.954265508</LatitudeDegrees>
							<LongitudeDegrees>7.772078496</LongitudeDegrees>
						</Position>
						<AltitudeMeters>259.26</AltitudeMeters>
						<DistanceMeters>10274.08</DistanceMeters>
						<HeartRateBpm>
							<Value>112</Value>
						</HeartRateBpm>
						<Extensions>
							<ns3:TPX>
								<ns3:Speed>15.40</ns3:Speed>
								<ns3:Watts>313</ns3:Watts>
							</ns3:TPX>
						</Extensions>
					</Trackpoint>
					<Trackpoint>
						<Time>2025-01-28T15:15:15.842Z</Time>
						<Position>
							<LatitudeDegrees>47.954310840</LatitudeDegrees>
							<LongitudeDegrees>7.771882207</LongitudeDegrees>
						</Position>
						<AltitudeMeters>258.80</AltitudeMeters>
						<DistanceMeters>10289.58</DistanceMeters>
						<HeartRateBpm>
							<Value>112</Value>
						</HeartRateBpm>
						<Extensions>
							<ns3:TPX>
								<ns3:Speed>15.38</ns3:Speed>
								<ns3:Watts>275</ns3:Watts>
							</ns3:TPX>
						</Extensions>
					</Trackpoint>
					<Trackpoint>
						<Time>2025-01-28T15:15:16.843Z</Time>
						<Position>
							<LatitudeDegrees>47.954359883</LatitudeDegrees>
							<LongitudeDegrees>7.771693801</LongitudeDegrees>
						</Position>
						<AltitudeMeters>258.20</AltitudeMeters>
						<DistanceMeters>10304.67</DistanceMeters>
						<HeartRateBpm>
							<Value>112</Value>
						</HeartRateBpm>
						<Extensions>
							<ns3:TPX>
								<ns3:Speed>15.37</ns3:Speed>
								<ns3:Watts>290</ns3:Watts>
							</ns3:TPX>
						</Extensions>
					</Trackpoint>
					<Trackpoint>
						<Time>2025-01-28T15:15:17.843Z</Time>
						<Position>
							<LatitudeDegrees>47.954408727</LatitudeDegrees>
							<LongitudeDegrees>7.771504564</LongitudeDegrees>
						</Position>
						<AltitudeMeters>257.71</AltitudeMeters>
						<DistanceMeters>10319.81</DistanceMeters>
						<HeartRateBpm>
							<Value>111</Value>
						</HeartRateBpm>
						<Extensions>
							<ns3:TPX>
								<ns3:Speed>15.31</ns3:Speed>
								<ns3:Watts>247</ns3:Watts>
							</ns3:TPX>
						</Extensions>
					</Trackpoint>
					<Trackpoint>
						<Time>2025-01-28T15:15:18.840Z</Time>
						<Position>
							<LatitudeDegrees>47.954467498</LatitudeDegrees>
							<LongitudeDegrees>7.771318087</LongitudeDegrees>
						</Position>
						<AltitudeMeters>256.83</AltitudeMeters>
						<DistanceMeters>10335.19</DistanceMeters>
						<HeartRateBpm>
							<Value>110</Value>
						</HeartRateBpm>
						<Extensions>
							<ns3:TPX>
								<ns3:Speed>15.28</ns3:Speed>
								<ns3:Watts>230</ns3:Watts>
							</ns3:TPX>
						</Extensions>
					</Trackpoint>
					<Trackpoint>
						<Time>2025-01-28T15:15:19.841Z</Time>
						<Position>
							<LatitudeDegrees>47.954514642</LatitudeDegrees>
							<LongitudeDegrees>7.771127081</LongitudeDegrees>
						</Position>
						<AltitudeMeters>256.09</AltitudeMeters>
						<DistanceMeters>10350.39</DistanceMeters>
						<HeartRateBpm>
							<Value>110</Value>
						</HeartRateBpm>
						<Extensions>
							<ns3:TPX>
								<ns3:Speed>15.22</ns3:Speed>
								<ns3:Watts>212</ns3:Watts>
							</ns3:TPX>
						</Extensions>
					</Trackpoint>
					<Trackpoint>
						<Time>2025-01-28T15:15:20.843Z</Time>
						<Position>
							<LatitudeDegrees>47.954563346</LatitudeDegrees>
							<LongitudeDegrees>7.770938238</LongitudeDegrees>
						</Position>
						<AltitudeMeters>255.56</AltitudeMeters>
						<DistanceMeters>10365.50</DistanceMeters>
						<HeartRateBpm>
							<Value>111</Value>
						</HeartRateBpm>
						<Extensions>
							<ns3:TPX>
								<ns3:Speed>15.29</ns3:Speed>
								<ns3:Watts>213</ns3:Watts>
							</ns3:TPX>
						</Extensions>
					</Trackpoint>
					<Trackpoint>
						<Time>2025-01-28T15:15:21.841Z</Time>
						<Position>
							<LatitudeDegrees>47.954611694</LatitudeDegrees>
							<LongitudeDegrees>7.770752017</LongitudeDegrees>
						</Position>
						<AltitudeMeters>254.82</AltitudeMeters>
						<DistanceMeters>10380.41</DistanceMeters>
						<HeartRateBpm>
							<Value>110</Value>
						</HeartRateBpm>
						<Extensions>
							<ns3:TPX>
								<ns3:Speed>15.32</ns3:Speed>
								<ns3:Watts>277</ns3:Watts>
							</ns3:TPX>
						</Extensions>
					</Trackpoint>
					<Trackpoint>
						<Time>2025-01-28T15:15:22.841Z</Time>
						<Position>
							<LatitudeDegrees>47.954664152</LatitudeDegrees>
							<LongitudeDegrees>7.770561191</LongitudeDegrees>
						</Position>
						<AltitudeMeters>253.99</AltitudeMeters>
						<DistanceMeters>10395.81</DistanceMeters>
						<HeartRateBpm>
							<Value>110</Value>
						</HeartRateBpm>
						<Extensions>
							<ns3:TPX>
								<ns3:Speed>15.38</ns3:Speed>
								<ns3:Watts>304</ns3:Watts>
							</ns3:TPX>
						</Extensions>
					</Trackpoint>
					<Trackpoint>
						<Time>2025-01-28T15:15:23.840Z</Time>
						<Position>
							<LatitudeDegrees>47.954717255</LatitudeDegrees>
							<LongitudeDegrees>7.770370730</LongitudeDegrees>
						</Position>
						<AltitudeMeters>253.18</AltitudeMeters>
						<DistanceMeters>10411.21</DistanceMeters>
						<HeartRateBpm>
							<Value>110</Value>
						</HeartRateBpm>
						<Extensions>
							<ns3:TPX>
								<ns3:Speed>15.53</ns3:Speed>
								<ns3:Watts>467</ns3:Watts>
							</ns3:TPX>
						</Extensions>
					</Trackpoint>
					<Trackpoint>
						<Time>2025-01-28T15:15:24.842Z</Time>
						<Position>
							<LatitudeDegrees>47.954771364</LatitudeDegrees>
							<LongitudeDegrees>7.770180533</LongitudeDegrees>
						</Position>
						<AltitudeMeters>252.57</AltitudeMeters>
						<DistanceMeters>10426.64</DistanceMeters>
						<HeartRateBpm>
							<Value>110</Value>
						</HeartRateBpm>
						<Extensions>
							<ns3:TPX>
								<ns3:Speed>15.64</ns3:Speed>
								<ns3:Watts>480</ns3:Watts>
							</ns3:TPX>
						</Extensions>
					</Trackpoint>
					<Trackpoint>
						<Time>2025-01-28T15:15:25.842Z</Time>
						<Position>
							<LatitudeDegrees>47.954827801</LatitudeDegrees>
							<LongitudeDegrees>7.769985062</LongitudeDegrees>
						</Position>
						<AltitudeMeters>252.28</AltitudeMeters>
						<DistanceMeters>10442.53</DistanceMeters>
						<HeartRateBpm>
							<Value>110</Value>
						</HeartRateBpm>
						<Extensions>
							<ns3:TPX>
								<ns3:Speed>15.99</ns3:Speed>
								<ns3:Watts>486</ns3:Watts>
							</ns3:TPX>
						</Extensions>
					</Trackpoint>
					<Trackpoint>
						<Time>2025-01-28T15:15:26.842Z</Time>
						<Position>
							<LatitudeDegrees>47.954878647</LatitudeDegrees>
							<LongitudeDegrees>7.769792692</LongitudeDegrees>
						</Position>
						<AltitudeMeters>251.56</AltitudeMeters>
						<DistanceMeters>10457.97</DistanceMeters>
						<HeartRateBpm>
							<Value>110</Value>
						</HeartRateBpm>
						<Extensions>
							<ns3:TPX>
								<ns3:Speed>16.00</ns3:Speed>
								<ns3:Watts>528</ns3:Watts>
							</ns3:TPX>
						</Extensions>
					</Trackpoint>
					<Trackpoint>
						<Time>2025-01-28T15:15:27.839Z</Time>
						<Position>
							<LatitudeDegrees>47.954927106</LatitudeDegrees>
							<LongitudeDegrees>7.769576339</LongitudeDegrees>
						</Position>
						<AltitudeMeters>251.20</AltitudeMeters>
						<DistanceMeters>10475.00</DistanceMeters>
						<HeartRateBpm>
							<Value>109</Value>
						</HeartRateBpm>
						<Extensions>
							<ns3:TPX>
								<ns3:Speed>16.05</ns3:Speed>
								<ns3:Watts>512</ns3:Watts>
							</ns3:TPX>
						</Extensions>
					</Trackpoint>
					<Trackpoint>
						<Time>2025-01-28T15:15:28.843Z</Time>
						<Position>
							<LatitudeDegrees>47.954978454</LatitudeDegrees>
							<LongitudeDegrees>7.769377787</LongitudeDegrees>
						</Position>
						<AltitudeMeters>250.57</AltitudeMeters>
						<DistanceMeters>10490.89</DistanceMeters>
						<HeartRateBpm>
							<Value>110</Value>
						</HeartRateBpm>
						<Extensions>
							<ns3:TPX>
								<ns3:Speed>16.32</ns3:Speed>
								<ns3:Watts>664</ns3:Watts>
							</ns3:TPX>
						</Extensions>
					</Trackpoint>
					<Trackpoint>
						<Time>2025-01-28T15:15:29.843Z</Time>
						<Position>
							<LatitudeDegrees>47.955027856</LatitudeDegrees>
							<LongitudeDegrees>7.769179384</LongitudeDegrees>
						</Position>
						<AltitudeMeters>249.88</AltitudeMeters>
						<DistanceMeters>10506.69</DistanceMeters>
						<HeartRateBpm>
							<Value>110</Value>
						</HeartRateBpm>
						<Extensions>
							<ns3:TPX>
								<ns3:Speed>16.70</ns3:Speed>
								<ns3:Watts>775</ns3:Watts>
							</ns3:TPX>
						</Extensions>
					</Trackpoint>
					<Trackpoint>
						<Time>2025-01-28T15:15:30.842Z</Time>
						<Position>
							<LatitudeDegrees>47.955086077</LatitudeDegrees>
							<LongitudeDegrees>7.768989290</LongitudeDegrees>
						</Position>
						<AltitudeMeters>248.95</AltitudeMeters>
						<DistanceMeters>10522.30</DistanceMeters>
						<HeartRateBpm>
							<Value>111</Value>
						</HeartRateBpm>
						<Extensions>
							<ns3:TPX>
								<ns3:Speed>17.10</ns3:Speed>
								<ns3:Watts>848</ns3:Watts>
							</ns3:TPX>
						</Extensions>
					</Trackpoint>
					<Trackpoint>
						<Time>2025-01-28T15:15:31.842Z</Time>
						<Position>
							<LatitudeDegrees>47.955134994</LatitudeDegrees>
							<LongitudeDegrees>7.768777330</LongitudeDegrees>
						</Position>
						<AltitudeMeters>247.98</AltitudeMeters>
						<DistanceMeters>10539.04</DistanceMeters>
						<HeartRateBpm>
							<Value>110</Value>
						</HeartRateBpm>
						<Extensions>
							<ns3:TPX>
								<ns3:Speed>17.39</ns3:Speed>
								<ns3:Watts>879</ns3:Watts>
							</ns3:TPX>
						</Extensions>
					</Trackpoint>
					<Trackpoint>
						<Time>2025-01-28T15:15:32.842Z</Time>
						<Position>
							<LatitudeDegrees>47.955186931</LatitudeDegrees>
							<LongitudeDegrees>7.768559326</LongitudeDegrees>
						</Position>
						<AltitudeMeters>247.12</AltitudeMeters>
						<DistanceMeters>10556.31</DistanceMeters>
						<HeartRateBpm>
							<Value>110</Value>
						</HeartRateBpm>
						<Extensions>
							<ns3:TPX>
								<ns3:Speed>17.75</ns3:Speed>
								<ns3:Watts>769</ns3:Watts>
							</ns3:TPX>
						</Extensions>
					</Trackpoint>
					<Trackpoint>
						<Time>2025-01-28T15:15:33.842Z</Time>
						<Position>
							<LatitudeDegrees>47.955233216</LatitudeDegrees>
							<LongitudeDegrees>7.768336682</LongitudeDegrees>
						</Position>
						<AltitudeMeters>246.15</AltitudeMeters>
						<DistanceMeters>10573.72</DistanceMeters>
						<HeartRateBpm>
							<Value>110</Value>
						</HeartRateBpm>
						<Extensions>
							<ns3:TPX>
								<ns3:Speed>18.14</ns3:Speed>
								<ns3:Watts>689</ns3:Watts>
							</ns3:TPX>
						</Extensions>
					</Trackpoint>
					<Trackpoint>
						<Time>2025-01-28T15:15:34.838Z</Time>
						<Position>
							<LatitudeDegrees>47.955275061</LatitudeDegrees>
							<LongitudeDegrees>7.768106625</LongitudeDegrees>
						</Position>
						<AltitudeMeters>245.30</AltitudeMeters>
						<DistanceMeters>10591.52</DistanceMeters>
						<HeartRateBpm>
							<Value>110</Value>
						</HeartRateBpm>
						<Extensions>
							<ns3:TPX>
								<ns3:Speed>18.20</ns3:Speed>
								<ns3:Watts>552</ns3:Watts>
							</ns3:TPX>
						</Extensions>
					</Trackpoint>
					<Trackpoint>
						<Time>2025-01-28T15:15:35.838Z</Time>
						<Position>
							<LatitudeDegrees>47.955312373</LatitudeDegrees>
							<LongitudeDegrees>7.767861823</LongitudeDegrees>
						</Position>
						<AltitudeMeters>244.66</AltitudeMeters>
						<DistanceMeters>10610.27</DistanceMeters>
						<HeartRateBpm>
							<Value>110</Value>
						</HeartRateBpm>
						<Extensions>
							<ns3:TPX>
								<ns3:Speed>18.22</ns3:Speed>
								<ns3:Watts>415</ns3:Watts>
							</ns3:TPX>
						</Extensions>
					</Trackpoint>
					<Trackpoint>
						<Time>2025-01-28T15:15:36.839Z</Time>
						<Position>
							<LatitudeDegrees>47.955347329</LatitudeDegrees>
							<LongitudeDegrees>7.767627399</LongitudeDegrees>
						</Position>
						<AltitudeMeters>243.39</AltitudeMeters>
						<DistanceMeters>10628.20</DistanceMeters>
						<HeartRateBpm>
							<Value>110</Value>
						</HeartRateBpm>
						<Extensions>
							<ns3:TPX>
								<ns3:Speed>18.31</ns3:Speed>
								<ns3:Watts>374</ns3:Watts>
							</ns3:TPX>
						</Extensions>
					</Trackpoint>
					<Trackpoint>
						<Time>2025-01-28T15:15:37.838Z</Time>
						<Position>
							<LatitudeDegrees>47.955379934</LatitudeDegrees>
							<LongitudeDegrees>7.767394405</LongitudeDegrees>
						</Position>
						<AltitudeMeters>242.61</AltitudeMeters>
						<DistanceMeters>10645.97</DistanceMeters>
						<HeartRateBpm>
							<Value>110</Value>
						</HeartRateBpm>
						<Extensions>
							<ns3:TPX>
								<ns3:Speed>18.44</ns3:Speed>
								<ns3:Watts>379</ns3:Watts>
							</ns3:TPX>
						</Extensions>
					</Trackpoint>
					<Trackpoint>
						<Time>2025-01-28T15:15:38.841Z</Time>
						<Position>
							<LatitudeDegrees>47.955406887</LatitudeDegrees>
							<LongitudeDegrees>7.767160603</LongitudeDegrees>
						</Position>
						<AltitudeMeters>241.95</AltitudeMeters>
						<DistanceMeters>10663.69</DistanceMeters>
						<HeartRateBpm>
							<Value>110</Value>
						</HeartRateBpm>
						<Extensions>
							<ns3:TPX>
								<ns3:Speed>18.41</ns3:Speed>
								<ns3:Watts>313</ns3:Watts>
							</ns3:TPX>
						</Extensions>
					</Trackpoint>
					<Trackpoint>
						<Time>2025-01-28T15:15:39.841Z</Time>
						<Position>
							<LatitudeDegrees>47.955436553</LatitudeDegrees>
							<LongitudeDegrees>7.766918891</LongitudeDegrees>
						</Position>
						<AltitudeMeters>241.01</AltitudeMeters>
						<DistanceMeters>10682.04</DistanceMeters>
						<HeartRateBpm>
							<Value>110</Value>
						</HeartRateBpm>
						<Extensions>
							<ns3:TPX>
								<ns3:Speed>18.42</ns3:Speed>
								<ns3:Watts>96</ns3:Watts>
							</ns3:TPX>
						</Extensions>
					</Trackpoint>
					<Trackpoint>
						<Time>2025-01-28T15:15:40.839Z</Time>
						<Position>
							<LatitudeDegrees>47.955461175</LatitudeDegrees>
							<LongitudeDegrees>7.766682634</LongitudeDegrees>
						</Position>
						<AltitudeMeters>240.56</AltitudeMeters>
						<DistanceMeters>10699.90</DistanceMeters>
						<HeartRateBpm>
							<Value>110</Value>
						</HeartRateBpm>
						<Extensions>
							<ns3:TPX>
								<ns3:Speed>18.42</ns3:Speed>
							</ns3:TPX>
						</Extensions>
					</Trackpoint>
					<Trackpoint>
						<Time>2025-01-28T15:15:41.839Z</Time>
						<Position>
							<LatitudeDegrees>47.955491823</LatitudeDegrees>
							<LongitudeDegrees>7.766440171</LongitudeDegrees>
						</Position>
						<AltitudeMeters>239.87</AltitudeMeters>
						<DistanceMeters>10718.32</DistanceMeters>
						<HeartRateBpm>
							<Value>110</Value>
						</HeartRateBpm>
						<Extensions>
							<ns3:TPX>
								<ns3:Speed>18.10</ns3:Speed>
							</ns3:TPX>
						</Extensions>
					</Trackpoint>
					<Trackpoint>
						<Time>2025-01-28T15:15:42.839Z</Time>
						<Position>
							<LatitudeDegrees>47.955524157</LatitudeDegrees>
							<LongitudeDegrees>7.766197987</LongitudeDegrees>
						</Position>
						<AltitudeMeters>239.28</AltitudeMeters>
						<DistanceMeters>10736.77</DistanceMeters>
						<HeartRateBpm>
							<Value>109</Value>
						</HeartRateBpm>
						<Extensions>
							<ns3:TPX>
								<ns3:Speed>17.58</ns3:Speed>
							</ns3:TPX>
						</Extensions>
					</Trackpoint>
					<Trackpoint>
						<Time>2025-01-28T15:15:43.839Z</Time>
						<Position>
							<LatitudeDegrees>47.955564557</LatitudeDegrees>
							<LongitudeDegrees>7.765963909</LongitudeDegrees>
						</Position>
						<AltitudeMeters>238.61</AltitudeMeters>
						<DistanceMeters>10754.82</DistanceMeters>
						<HeartRateBpm>
							<Value>109</Value>
						</HeartRateBpm>
						<Extensions>
							<ns3:TPX>
								<ns3:Speed>16.05</ns3:Speed>
							</ns3:TPX>
						</Extensions>
					</Trackpoint>
					<Trackpoint>
						<Time>2025-01-28T15:15:44.839Z</Time>
						<Position>
							<LatitudeDegrees>47.955615473</LatitudeDegrees>
							<LongitudeDegrees>7.765731608</LongitudeDegrees>
						</Position>
						<AltitudeMeters>237.98</AltitudeMeters>
						<DistanceMeters>10773.07</DistanceMeters>
						<HeartRateBpm>
							<Value>108</Value>
						</HeartRateBpm>
						<Extensions>
							<ns3:TPX>
								<ns3:Speed>14.18</ns3:Speed>
							</ns3:TPX>
						</Extensions>
					</Trackpoint>
					<Trackpoint>
						<Time>2025-01-28T15:15:45.839Z</Time>
						<Position>
							<LatitudeDegrees>47.955665078</LatitudeDegrees>
							<LongitudeDegrees>7.765533571</LongitudeDegrees>
						</Position>
						<AltitudeMeters>237.38</AltitudeMeters>
						<DistanceMeters>10788.85</DistanceMeters>
						<HeartRateBpm>
							<Value>108</Value>
						</HeartRateBpm>
						<Extensions>
							<ns3:TPX>
								<ns3:Speed>12.20</ns3:Speed>
							</ns3:TPX>
						</Extensions>
					</Trackpoint>
					<Trackpoint>
						<Time>2025-01-28T15:15:46.839Z</Time>
						<Position>
							<LatitudeDegrees>47.955717803</LatitudeDegrees>
							<LongitudeDegrees>7.765357899</LongitudeDegrees>
						</Position>
						<AltitudeMeters>236.93</AltitudeMeters>
						<DistanceMeters>10803.22</DistanceMeters>
						<HeartRateBpm>
							<Value>108</Value>
						</HeartRateBpm>
						<Extensions>
							<ns3:TPX>
								<ns3:Speed>10.63</ns3:Speed>
							</ns3:TPX>
						</Extensions>
					</Trackpoint>
					<Trackpoint>
						<Time>2025-01-28T15:15:47.839Z</Time>
						<Position>
							<LatitudeDegrees>47.955771836</LatitudeDegrees>
							<LongitudeDegrees>7.765215101</LongitudeDegrees>
						</Position>
						<AltitudeMeters>236.50</AltitudeMeters>
						<DistanceMeters>10815.46</DistanceMeters>
						<HeartRateBpm>
							<Value>108</Value>
						</HeartRateBpm>
						<Extensions>
							<ns3:TPX>
								<ns3:Speed>8.98</ns3:Speed>
							</ns3:TPX>
						</Extensions>
					</Trackpoint>
					<Trackpoint>
						<Time>2025-01-28T15:15:48.841Z</Time>
						<Position>
							<LatitudeDegrees>47.955820129</LatitudeDegrees>
							<LongitudeDegrees>7.765086625</LongitudeDegrees>
						</Position>
						<AltitudeMeters>236.34</AltitudeMeters>
						<DistanceMeters>10826.46</DistanceMeters>
						<HeartRateBpm>
							<Value>108</Value>
						</HeartRateBpm>
						<Extensions>
							<ns3:TPX>
								<ns3:Speed>7.24</ns3:Speed>
							</ns3:TPX>
						</Extensions>
					</Trackpoint>
					<Trackpoint>
						<Time>2025-01-28T15:15:49.839Z</Time>
						<Position>
							<LatitudeDegrees>47.955860505</LatitudeDegrees>
							<LongitudeDegrees>7.764978491</LongitudeDegrees>
						</Position>
						<AltitudeMeters>236.22</AltitudeMeters>
						<DistanceMeters>10835.70</DistanceMeters>
						<HeartRateBpm>
							<Value>108</Value>
						</HeartRateBpm>
						<Extensions>
							<ns3:TPX>
								<ns3:Speed>6.95</ns3:Speed>
								<ns3:Watts>153</ns3:Watts>
							</ns3:TPX>
						</Extensions>
					</Trackpoint>
					<Trackpoint>
						<Time>2025-01-28T15:15:50.840Z</Time>
						<Position>
							<LatitudeDegrees>47.955906655</LatitudeDegrees>
							<LongitudeDegrees>7.764914273</LongitudeDegrees>
						</Position>
						<AltitudeMeters>236.21</AltitudeMeters>
						<DistanceMeters>10842.72</DistanceMeters>
						<HeartRateBpm>
							<Value>108</Value>
						</HeartRateBpm>
						<Extensions>
							<ns3:TPX>
								<ns3:Speed>6.93</ns3:Speed>
								<ns3:Watts>1031</ns3:Watts>
							</ns3:TPX>
						</Extensions>
					</Trackpoint>
					<Trackpoint>
						<Time>2025-01-28T15:15:52.840Z</Time>
						<Position>
							<LatitudeDegrees>47.956027353</LatitudeDegrees>
							<LongitudeDegrees>7.764935714</LongitudeDegrees>
						</Position>
						<AltitudeMeters>236.84</AltitudeMeters>
						<DistanceMeters>10856.24</DistanceMeters>
						<HeartRateBpm>
							<Value>108</Value>
						</HeartRateBpm>
						<Extensions>
							<ns3:TPX>
								<ns3:Speed>10.07</ns3:Speed>
								<ns3:Watts>2532</ns3:Watts>
							</ns3:TPX>
						</Extensions>
					</Trackpoint>
					<Trackpoint>
						<Time>2025-01-28T15:15:53.840Z</Time>
						<Position>
							<LatitudeDegrees>47.956087688</LatitudeDegrees>
							<LongitudeDegrees>7.765007944</LongitudeDegrees>
						</Position>
						<AltitudeMeters>237.24</AltitudeMeters>
						<DistanceMeters>10864.84</DistanceMeters>
						<HeartRateBpm>
							<Value>107</Value>
						</HeartRateBpm>
						<Extensions>
							<ns3:TPX>
								<ns3:Speed>12.15</ns3:Speed>
								<ns3:Watts>3234</ns3:Watts>
							</ns3:TPX>
						</Extensions>
					</Trackpoint>
					<Trackpoint>
						<Time>2025-01-28T15:15:54.839Z</Time>
						<Position>
							<LatitudeDegrees>47.956157932</LatitudeDegrees>
							<LongitudeDegrees>7.765091598</LongitudeDegrees>
						</Position>
						<AltitudeMeters>237.84</AltitudeMeters>
						<DistanceMeters>10874.85</DistanceMeters>
						<HeartRateBpm>
							<Value>108</Value>
						</HeartRateBpm>
						<Extensions>
							<ns3:TPX>
								<ns3:Speed>14.02</ns3:Speed>
								<ns3:Watts>3895</ns3:Watts>
							</ns3:TPX>
						</Extensions>
					</Trackpoint>
					<Trackpoint>
						<Time>2025-01-28T15:15:55.840Z</Time>
						<Position>
							<LatitudeDegrees>47.956244121</LatitudeDegrees>
							<LongitudeDegrees>7.765197702</LongitudeDegrees>
						</Position>
						<AltitudeMeters>238.09</AltitudeMeters>
						<DistanceMeters>10887.28</DistanceMeters>
						<HeartRateBpm>
							<Value>108</Value>
						</HeartRateBpm>
						<Extensions>
							<ns3:TPX>
								<ns3:Speed>16.10</ns3:Speed>
								<ns3:Watts>4308</ns3:Watts>
							</ns3:TPX>
						</Extensions>
					</Trackpoint>
					<Trackpoint>
						<Time>2025-01-28T15:15:56.840Z</Time>
						<Position>
							<LatitudeDegrees>47.956343358</LatitudeDegrees>
							<LongitudeDegrees>7.765318697</LongitudeDegrees>
						</Position>
						<AltitudeMeters>238.64</AltitudeMeters>
						<DistanceMeters>10901.54</DistanceMeters>
						<HeartRateBpm>
							<Value>109</Value>
						</HeartRateBpm>
						<Extensions>
							<ns3:TPX>
								<ns3:Speed>18.08</ns3:Speed>
								<ns3:Watts>4792</ns3:Watts>
							</ns3:TPX>
						</Extensions>
					</Trackpoint>
					<Trackpoint>
						<Time>2025-01-28T15:15:58.840Z</Time>
						<Position>
							<LatitudeDegrees>47.956581032</LatitudeDegrees>
							<LongitudeDegrees>7.765617809</LongitudeDegrees>
						</Position>
						<AltitudeMeters>239.79</AltitudeMeters>
						<DistanceMeters>10936.15</DistanceMeters>
						<HeartRateBpm>
							<Value>110</Value>
						</HeartRateBpm>
						<Extensions>
							<ns3:TPX>
								<ns3:Speed>21.06</ns3:Speed>
							</ns3:TPX>
						</Extensions>
					</Trackpoint>
					<Trackpoint>
						<Time>2025-01-28T15:15:59.840Z</Time>
						<Position>
							<LatitudeDegrees>47.956715889</LatitudeDegrees>
							<LongitudeDegrees>7.765786528</LongitudeDegrees>
						</Position>
						<AltitudeMeters>240.36</AltitudeMeters>
						<DistanceMeters>10955.73</DistanceMeters>
						<HeartRateBpm>
							<Value>110</Value>
						</HeartRateBpm>
						<Extensions>
							<ns3:TPX>
								<ns3:Speed>22.48</ns3:Speed>
							</ns3:TPX>
						</Extensions>
					</Trackpoint>
					<Trackpoint>
						<Time>2025-01-28T15:16:00.840Z</Time>
						<Position>
							<LatitudeDegrees>47.956859419</LatitudeDegrees>
							<LongitudeDegrees>7.765969436</LongitudeDegrees>
						</Position>
						<AltitudeMeters>241.24</AltitudeMeters>
						<DistanceMeters>10976.74</DistanceMeters>
						<HeartRateBpm>
							<Value>108</Value>
						</HeartRateBpm>
						<Extensions>
							<ns3:TPX>
								<ns3:Speed>23.53</ns3:Speed>
								<ns3:Watts>4882</ns3:Watts>
							</ns3:TPX>
						</Extensions>
					</Trackpoint>
					<Trackpoint>
						<Time>2025-01-28T15:16:01.841Z</Time>
						<Position>
							<LatitudeDegrees>47.957010649</LatitudeDegrees>
							<LongitudeDegrees>7.766169965</LongitudeDegrees>
						</Position>
						<AltitudeMeters>241.81</AltitudeMeters>
						<DistanceMeters>10999.26</DistanceMeters>
						<HeartRateBpm>
							<Value>107</Value>
						</HeartRateBpm>
						<Extensions>
							<ns3:TPX>
								<ns3:Speed>24.06</ns3:Speed>
								<ns3:Watts>4468</ns3:Watts>
							</ns3:TPX>
						</Extensions>
					</Trackpoint>
					<Trackpoint>
						<Time>2025-01-28T15:16:02.840Z</Time>
						<Position>
							<LatitudeDegrees>47.957170191</LatitudeDegrees>
							<LongitudeDegrees>7.766379412</LongitudeDegrees>
						</Position>
						<AltitudeMeters>242.35</AltitudeMeters>
						<DistanceMeters>11022.91</DistanceMeters>
						<HeartRateBpm>
							<Value>107</Value>
						</HeartRateBpm>
						<Extensions>
							<ns3:TPX>
								<ns3:Speed>24.41</ns3:Speed>
								<ns3:Watts>4117</ns3:Watts>
							</ns3:TPX>
						</Extensions>
					</Trackpoint>
					<Trackpoint>
						<Time>2025-01-28T15:16:03.840Z</Time>
						<Position>
							<LatitudeDegrees>47.957331901</LatitudeDegrees>
							<LongitudeDegrees>7.766593394</LongitudeDegrees>
						</Position>
						<AltitudeMeters>242.97</AltitudeMeters>
						<DistanceMeters>11046.97</DistanceMeters>
						<HeartRateBpm>
							<Value>107</Value>
						</HeartRateBpm>
						<Extensions>
							<ns3:TPX>
								<ns3:Speed>24.79</ns3:Speed>
								<ns3:Watts>4095</ns3:Watts>
							</ns3:TPX>
						</Extensions>
					</Trackpoint>
					<Trackpoint>
						<Time>2025-01-28T15:16:04.840Z</Time>
						<Position>
							<LatitudeDegrees>47.957496077</LatitudeDegrees>
							<LongitudeDegrees>7.766809800</LongitudeDegrees>
						</Position>
						<AltitudeMeters>243.92</AltitudeMeters>
						<DistanceMeters>11071.35</DistanceMeters>
						<HeartRateBpm>
							<Value>107</Value>
						</HeartRateBpm>
						<Extensions>
							<ns3:TPX>
								<ns3:Speed>25.10</ns3:Speed>
								<ns3:Watts>4144</ns3:Watts>
							</ns3:TPX>
						</Extensions>
					</Trackpoint>
					<Trackpoint>
						<Time>2025-01-28T15:16:05.840Z</Time>
						<Position>
							<LatitudeDegrees>47.957664596</LatitudeDegrees>
							<LongitudeDegrees>7.767028426</LongitudeDegrees>
						</Position>
						<AltitudeMeters>244.28</AltitudeMeters>
						<DistanceMeters>11096.20</DistanceMeters>
						<HeartRateBpm>
							<Value>107</Value>
						</HeartRateBpm>
						<Extensions>
							<ns3:TPX>
								<ns3:Speed>25.48</ns3:Speed>
								<ns3:Watts>4211</ns3:Watts>
							</ns3:TPX>
						</Extensions>
					</Trackpoint>
					<Trackpoint>
						<Time>2025-01-28T15:16:06.841Z</Time>
						<Position>
							<LatitudeDegrees>47.957834798</LatitudeDegrees>
							<LongitudeDegrees>7.767246434</LongitudeDegrees>
						</Position>
						<AltitudeMeters>244.53</AltitudeMeters>
						<DistanceMeters>11121.17</DistanceMeters>
						<HeartRateBpm>
							<Value>108</Value>
						</HeartRateBpm>
						<Extensions>
							<ns3:TPX>
								<ns3:Speed>25.84</ns3:Speed>
								<ns3:Watts>4247</ns3:Watts>
							</ns3:TPX>
						</Extensions>
					</Trackpoint>
					<Trackpoint>
						<Time>2025-01-28T15:16:07.841Z</Time>
						<Position>
							<LatitudeDegrees>47.958012433</LatitudeDegrees>
							<LongitudeDegrees>7.767460651</LongitudeDegrees>
						</Position>
						<AltitudeMeters>244.81</AltitudeMeters>
						<DistanceMeters>11146.58</DistanceMeters>
						<HeartRateBpm>
							<Value>108</Value>
						</HeartRateBpm>
						<Extensions>
							<ns3:TPX>
								<ns3:Speed>26.25</ns3:Speed>
								<ns3:Watts>4199</ns3:Watts>
							</ns3:TPX>
						</Extensions>
					</Trackpoint>
					<Trackpoint>
						<Time>2025-01-28T15:16:08.841Z</Time>
						<Position>
							<LatitudeDegrees>47.958196723</LatitudeDegrees>
							<LongitudeDegrees>7.767669279</LongitudeDegrees>
						</Position>
						<AltitudeMeters>244.71</AltitudeMeters>
						<DistanceMeters>11172.33</DistanceMeters>
						<HeartRateBpm>
							<Value>107</Value>
						</HeartRateBpm>
						<Extensions>
							<ns3:TPX>
								<ns3:Speed>26.57</ns3:Speed>
								<ns3:Watts>4068</ns3:Watts>
							</ns3:TPX>
						</Extensions>
					</Trackpoint>
					<Trackpoint>
						<Time>2025-01-28T15:16:09.841Z</Time>
						<Position>
							<LatitudeDegrees>47.958388827</LatitudeDegrees>
							<LongitudeDegrees>7.767874934</LongitudeDegrees>
						</Position>
						<AltitudeMeters>244.86</AltitudeMeters>
						<DistanceMeters>11198.63</DistanceMeters>
						<HeartRateBpm>
							<Value>106</Value>
						</HeartRateBpm>
						<Extensions>
							<ns3:TPX>
								<ns3:Speed>26.81</ns3:Speed>
								<ns3:Watts>3839</ns3:Watts>
							</ns3:TPX>
						</Extensions>
					</Trackpoint>
					<Trackpoint>
						<Time>2025-01-28T15:16:10.841Z</Time>
						<Position>
							<LatitudeDegrees>47.958586610</LatitudeDegrees>
							<LongitudeDegrees>7.768074937</LongitudeDegrees>
						</Position>
						<AltitudeMeters>244.90</AltitudeMeters>
						<DistanceMeters>11225.22</DistanceMeters>
						<HeartRateBpm>
							<Value>106</Value>
						</HeartRateBpm>
						<Extensions>
							<ns3:TPX>
								<ns3:Speed>26.93</ns3:Speed>
								<ns3:Watts>3607</ns3:Watts>
							</ns3:TPX>
						</Extensions>
					</Trackpoint>
					<Trackpoint>
						<Time>2025-01-28T15:16:11.841Z</Time>
						<Position>
							<LatitudeDegrees>47.958789870</LatitudeDegrees>
							<LongitudeDegrees>7.768271392</LongitudeDegrees>
						</Position>
						<AltitudeMeters>244.59</AltitudeMeters>
						<DistanceMeters>11252.16</DistanceMeters>
						<HeartRateBpm>
							<Value>106</Value>
						</HeartRateBpm>
						<Extensions>
							<ns3:TPX>
								<ns3:Speed>27.00</ns3:Speed>
								<ns3:Watts>3397</ns3:Watts>
							</ns3:TPX>
						</Extensions>
					</Trackpoint>
					<Trackpoint>
						<Time>2025-01-28T15:16:12.841Z</Time>
						<Position>
							<LatitudeDegrees>47.958997594</LatitudeDegrees>
							<LongitudeDegrees>7.768458819</LongitudeDegrees>
						</Position>
						<AltitudeMeters>244.24</AltitudeMeters>
						<DistanceMeters>11279.17</DistanceMeters>
						<HeartRateBpm>
							<Value>106</Value>
						</HeartRateBpm>
						<Extensions>
							<ns3:TPX>
								<ns3:Speed>27.04</ns3:Speed>
								<ns3:Watts>3260</ns3:Watts>
							</ns3:TPX>
						</Extensions>
					</Trackpoint>
					<Trackpoint>
						<Time>2025-01-28T15:16:13.841Z</Time>
						<Position>
							<LatitudeDegrees>47.959208905</LatitudeDegrees>
							<LongitudeDegrees>7.768635645</LongitudeDegrees>
						</Position>
						<AltitudeMeters>243.86</AltitudeMeters>
						<DistanceMeters>11306.12</DistanceMeters>
						<HeartRateBpm>
							<Value>107</Value>
						</HeartRateBpm>
						<Extensions>
							<ns3:TPX>
								<ns3:Speed>27.07</ns3:Speed>
								<ns3:Watts>3140</ns3:Watts>
							</ns3:TPX>
						</Extensions>
					</Trackpoint>
					<Trackpoint>
						<Time>2025-01-28T15:16:14.841Z</Time>
						<Position>
							<LatitudeDegrees>47.959422771</LatitudeDegrees>
							<LongitudeDegrees>7.768806393</LongitudeDegrees>
						</Position>
						<AltitudeMeters>243.31</AltitudeMeters>
						<DistanceMeters>11333.11</DistanceMeters>
						<HeartRateBpm>
							<Value>107</Value>
						</HeartRateBpm>
						<Extensions>
							<ns3:TPX>
								<ns3:Speed>27.14</ns3:Speed>
								<ns3:Watts>3073</ns3:Watts>
							</ns3:TPX>
						</Extensions>
					</Trackpoint>
					<Trackpoint>
						<Time>2025-01-28T15:16:15.841Z</Time>
						<Position>
							<LatitudeDegrees>47.959643483</LatitudeDegrees>
							<LongitudeDegrees>7.768965138</LongitudeDegrees>
						</Position>
						<AltitudeMeters>243.14</AltitudeMeters>
						<DistanceMeters>11360.36</DistanceMeters>
						<HeartRateBpm>
							<Value>107</Value>
						</HeartRateBpm>
						<Extensions>
							<ns3:TPX>
								<ns3:Speed>27.19</ns3:Speed>
								<ns3:Watts>2942</ns3:Watts>
							</ns3:TPX>
						</Extensions>
					</Trackpoint>
					<Trackpoint>
						<Time>2025-01-28T15:16:16.841Z</Time>
						<Position>
							<LatitudeDegrees>47.959866047</LatitudeDegrees>
							<LongitudeDegrees>7.769118043</LongitudeDegrees>
						</Position>
						<AltitudeMeters>242.98</AltitudeMeters>
						<DistanceMeters>11387.62</DistanceMeters>
						<HeartRateBpm>
							<Value>107</Value>
						</HeartRateBpm>
						<Extensions>
							<ns3:TPX>
								<ns3:Speed>27.29</ns3:Speed>
								<ns3:Watts>2803</ns3:Watts>
							</ns3:TPX>
						</Extensions>
					</Trackpoint>
					<Trackpoint>
						<Time>2025-01-28T15:16:17.841Z</Time>
						<Position>
							<LatitudeDegrees>47.960089900</LatitudeDegrees>
							<LongitudeDegrees>7.769261738</LongitudeDegrees>
						</Position>
						<AltitudeMeters>242.20</AltitudeMeters>
						<DistanceMeters>11414.72</DistanceMeters>
						<HeartRateBpm>
							<Value>108</Value>
						</HeartRateBpm>
						<Extensions>
							<ns3:TPX>
								<ns3:Speed>27.27</ns3:Speed>
								<ns3:Watts>2642</ns3:Watts>
							</ns3:TPX>
						</Extensions>
					</Trackpoint>
					<Trackpoint>
						<Time>2025-01-28T15:16:18.842Z</Time>
						<Position>
							<LatitudeDegrees>47.960320649</LatitudeDegrees>
							<LongitudeDegrees>7.769394900</LongitudeDegrees>
						</Position>
						<AltitudeMeters>241.30</AltitudeMeters>
						<DistanceMeters>11442.24</DistanceMeters>
						<HeartRateBpm>
							<Value>109</Value>
						</HeartRateBpm>
						<Extensions>
							<ns3:TPX>
								<ns3:Speed>27.21</ns3:Speed>
								<ns3:Watts>2470</ns3:Watts>
							</ns3:TPX>
						</Extensions>
					</Trackpoint>
					<Trackpoint>
						<Time>2025-01-28T15:16:19.842Z</Time>
						<Position>
							<LatitudeDegrees>47.960549430</LatitudeDegrees>
							<LongitudeDegrees>7.769525847</LongitudeDegrees>
						</Position>
						<AltitudeMeters>240.70</AltitudeMeters>
						<DistanceMeters>11469.49</DistanceMeters>
						<HeartRateBpm>
							<Value>109</Value>
						</HeartRateBpm>
						<Extensions>
							<ns3:TPX>
								<ns3:Speed>27.13</ns3:Speed>
								<ns3:Watts>2452</ns3:Watts>
							</ns3:TPX>
						</Extensions>
					</Trackpoint>
					<Trackpoint>
						<Time>2025-01-28T15:16:20.842Z</Time>
						<Position>
							<LatitudeDegrees>47.960778668</LatitudeDegrees>
							<LongitudeDegrees>7.769647494</LongitudeDegrees>
						</Position>
						<AltitudeMeters>239.81</AltitudeMeters>
						<DistanceMeters>11496.55</DistanceMeters>
						<HeartRateBpm>
							<Value>110</Value>
						</HeartRateBpm>
						<Extensions>
							<ns3:TPX>
								<ns3:Speed>27.02</ns3:Speed>
								<ns3:Watts>2553</ns3:Watts>
							</ns3:TPX>
						</Extensions>
					</Trackpoint>
					<Trackpoint>
						<Time>2025-01-28T15:16:21.842Z</Time>
						<Position>
							<LatitudeDegrees>47.961007372</LatitudeDegrees>
							<LongitudeDegrees>7.769760940</LongitudeDegrees>
						</Position>
						<AltitudeMeters>238.48</AltitudeMeters>
						<DistanceMeters>11523.36</DistanceMeters>
						<HeartRateBpm>
							<Value>110</Value>
						</HeartRateBpm>
						<Extensions>
							<ns3:TPX>
								<ns3:Speed>26.97</ns3:Speed>
								<ns3:Watts>2633</ns3:Watts>
							</ns3:TPX>
						</Extensions>
					</Trackpoint>
					<Trackpoint>
						<Time>2025-01-28T15:16:22.842Z</Time>
						<Position>
							<LatitudeDegrees>47.961239081</LatitudeDegrees>
							<LongitudeDegrees>7.769867261</LongitudeDegrees>
						</Position>
						<AltitudeMeters>238.33</AltitudeMeters>
						<DistanceMeters>11550.32</DistanceMeters>
						<HeartRateBpm>
							<Value>110</Value>
						</HeartRateBpm>
						<Extensions>
							<ns3:TPX>
								<ns3:Speed>27.04</ns3:Speed>
								<ns3:Watts>2798</ns3:Watts>
							</ns3:TPX>
						</Extensions>
					</Trackpoint>
					<Trackpoint>
						<Time>2025-01-28T15:16:23.842Z</Time>
						<Position>
							<LatitudeDegrees>47.961470332</LatitudeDegrees>
							<LongitudeDegrees>7.769960287</LongitudeDegrees>
						</Position>
						<AltitudeMeters>237.34</AltitudeMeters>
						<DistanceMeters>11576.95</DistanceMeters>
						<HeartRateBpm>
							<Value>110</Value>
						</HeartRateBpm>
						<Extensions>
							<ns3:TPX>
								<ns3:Speed>26.97</ns3:Speed>
								<ns3:Watts>2993</ns3:Watts>
							</ns3:TPX>
						</Extensions>
					</Trackpoint>
					<Trackpoint>
						<Time>2025-01-28T15:16:24.842Z</Time>
						<Position>
							<LatitudeDegrees>47.961709759</LatitudeDegrees>
							<LongitudeDegrees>7.770044210</LongitudeDegrees>
						</Position>
						<AltitudeMeters>237.23</AltitudeMeters>
						<DistanceMeters>11604.30</DistanceMeters>
						<HeartRateBpm>
							<Value>110</Value>
						</HeartRateBpm>
						<Extensions>
							<ns3:TPX>
								<ns3:Speed>26.94</ns3:Speed>
								<ns3:Watts>3040</ns3:Watts>
							</ns3:TPX>
						</Extensions>
					</Trackpoint>
					<Trackpoint>
						<Time>2025-01-28T15:16:25.842Z</Time>
						<Position>
							<LatitudeDegrees>47.961945700</LatitudeDegrees>
							<LongitudeDegrees>7.770110460</LongitudeDegrees>
						</Position>
						<AltitudeMeters>236.58</AltitudeMeters>
						<DistanceMeters>11631.00</DistanceMeters>
						<HeartRateBpm>
							<Value>109</Value>
						</HeartRateBpm>
						<Extensions>
							<ns3:TPX>
								<ns3:Speed>27.09</ns3:Speed>
								<ns3:Watts>3169</ns3:Watts>
							</ns3:TPX>
						</Extensions>
					</Trackpoint>
					<Trackpoint>
						<Time>2025-01-28T15:16:26.842Z</Time>
						<Position>
							<LatitudeDegrees>47.962180414</LatitudeDegrees>
							<LongitudeDegrees>7.770172425</LongitudeDegrees>
						</Position>
						<AltitudeMeters>236.04</AltitudeMeters>
						<DistanceMeters>11657.50</DistanceMeters>
						<HeartRateBpm>
							<Value>109</Value>
						</HeartRateBpm>
						<Extensions>
							<ns3:TPX>
								<ns3:Speed>27.14</ns3:Speed>
								<ns3:Watts>3226</ns3:Watts>
							</ns3:TPX>
						</Extensions>
					</Trackpoint>
					<Trackpoint>
						<Time>2025-01-28T15:16:27.842Z</Time>
						<Position>
							<LatitudeDegrees>47.962424612</LatitudeDegrees>
							<LongitudeDegrees>7.770232636</LongitudeDegrees>
						</Position>
						<AltitudeMeters>235.75</AltitudeMeters>
						<DistanceMeters>11685.02</DistanceMeters>
						<HeartRateBpm>
							<Value>109</Value>
						</HeartRateBpm>
						<Extensions>
							<ns3:TPX>
								<ns3:Speed>27.13</ns3:Speed>
								<ns3:Watts>3084</ns3:Watts>
							</ns3:TPX>
						</Extensions>
					</Trackpoint>
					<Trackpoint>
						<Time>2025-01-28T15:16:28.842Z</Time>
						<Position>
							<LatitudeDegrees>47.962666794</LatitudeDegrees>
							<LongitudeDegrees>7.770278581</LongitudeDegrees>
						</Position>
						<AltitudeMeters>235.05</AltitudeMeters>
						<DistanceMeters>11712.17</DistanceMeters>
						<HeartRateBpm>
							<Value>108</Value>
						</HeartRateBpm>
						<Extensions>
							<ns3:TPX>
								<ns3:Speed>27.12</ns3:Speed>
								<ns3:Watts>2977</ns3:Watts>
							</ns3:TPX>
						</Extensions>
					</Trackpoint>
					<Trackpoint>
						<Time>2025-01-28T15:16:29.842Z</Time>
						<Position>
							<LatitudeDegrees>47.962909468</LatitudeDegrees>
							<LongitudeDegrees>7.770317384</LongitudeDegrees>
						</Position>
						<AltitudeMeters>234.82</AltitudeMeters>
						<DistanceMeters>11739.31</DistanceMeters>
						<HeartRateBpm>
							<Value>108</Value>
						</HeartRateBpm>
						<Extensions>
							<ns3:TPX>
								<ns3:Speed>27.05</ns3:Speed>
								<ns3:Watts>2943</ns3:Watts>
							</ns3:TPX>
						</Extensions>
					</Trackpoint>
					<Trackpoint>
						<Time>2025-01-28T15:16:30.842Z</Time>
						<Position>
							<LatitudeDegrees>47.963154564</LatitudeDegrees>
							<LongitudeDegrees>7.770337126</LongitudeDegrees>
						</Position>
						<AltitudeMeters>234.65</AltitudeMeters>
						<DistanceMeters>11766.60</DistanceMeters>
						<HeartRateBpm>
							<Value>107</Value>
						</HeartRateBpm>
						<Extensions>
							<ns3:TPX>
								<ns3:Speed>26.94</ns3:Speed>
								<ns3:Watts>2956</ns3:Watts>
							</ns3:TPX>
						</Extensions>
					</Trackpoint>
					<Trackpoint>
						<Time>2025-01-28T15:16:31.842Z</Time>
						<Position>
							<LatitudeDegrees>47.963396970</LatitudeDegrees>
							<LongitudeDegrees>7.770342805</LongitudeDegrees>
						</Position>
						<AltitudeMeters>234.33</AltitudeMeters>
						<DistanceMeters>11793.56</DistanceMeters>
						<HeartRateBpm>
							<Value>107</Value>
						</HeartRateBpm>
						<Extensions>
							<ns3:TPX>
								<ns3:Speed>26.88</ns3:Speed>
								<ns3:Watts>3174</ns3:Watts>
							</ns3:TPX>
						</Extensions>
					</Trackpoint>
					<Trackpoint>
						<Time>2025-01-28T15:16:32.843Z</Time>
						<Position>
							<LatitudeDegrees>47.963636648</LatitudeDegrees>
							<LongitudeDegrees>7.770333647</LongitudeDegrees>
						</Position>
						<AltitudeMeters>233.47</AltitudeMeters>
						<DistanceMeters>11820.21</DistanceMeters>
						<HeartRateBpm>
							<Value>107</Value>
						</HeartRateBpm>
						<Extensions>
							<ns3:TPX>
								<ns3:Speed>26.91</ns3:Speed>
								<ns3:Watts>3710</ns3:Watts>
							</ns3:TPX>
						</Extensions>
					</Trackpoint>
					<Trackpoint>
						<Time>2025-01-28T15:16:33.843Z</Time>
						<Position>
							<LatitudeDegrees>47.963877340</LatitudeDegrees>
							<LongitudeDegrees>7.770316256</LongitudeDegrees>
						</Position>
						<AltitudeMeters>233.95</AltitudeMeters>
						<DistanceMeters>11847.01</DistanceMeters>
						<HeartRateBpm>
							<Value>106</Value>
						</HeartRateBpm>
						<Extensions>
							<ns3:TPX>
								<ns3:Speed>27.14</ns3:Speed>
								<ns3:Watts>4351</ns3:Watts>
							</ns3:TPX>
						</Extensions>
					</Trackpoint>
					<Trackpoint>
						<Time>2025-01-28T15:16:34.847Z</Time>
						<Position>
							<LatitudeDegrees>47.964118257</LatitudeDegrees>
							<LongitudeDegrees>7.770280480</LongitudeDegrees>
						</Position>
						<AltitudeMeters>232.63</AltitudeMeters>
						<DistanceMeters>11873.93</DistanceMeters>
						<HeartRateBpm>
							<Value>107</Value>
						</HeartRateBpm>
						<Extensions>
							<ns3:TPX>
								<ns3:Speed>27.74</ns3:Speed>
							</ns3:TPX>
						</Extensions>
					</Trackpoint>
					<Trackpoint>
						<Time>2025-01-28T15:16:35.838Z</Time>
						<Position>
							<LatitudeDegrees>47.964362497</LatitudeDegrees>
							<LongitudeDegrees>7.770238957</LongitudeDegrees>
						</Position>
						<AltitudeMeters>232.44</AltitudeMeters>
						<DistanceMeters>11901.26</DistanceMeters>
						<HeartRateBpm>
							<Value>107</Value>
						</HeartRateBpm>
						<Extensions>
							<ns3:TPX>
								<ns3:Speed>28.43</ns3:Speed>
							</ns3:TPX>
						</Extensions>
					</Trackpoint>
					<Trackpoint>
						<Time>2025-01-28T15:16:36.839Z</Time>
						<Position>
							<LatitudeDegrees>47.964608265</LatitudeDegrees>
							<LongitudeDegrees>7.770200890</LongitudeDegrees>
						</Position>
						<AltitudeMeters>231.94</AltitudeMeters>
						<DistanceMeters>11928.74</DistanceMeters>
						<HeartRateBpm>
							<Value>108</Value>
						</HeartRateBpm>
						<Extensions>
							<ns3:TPX>
								<ns3:Speed>27.62</ns3:Speed>
							</ns3:TPX>
						</Extensions>
					</Trackpoint>
					<Trackpoint>
						<Time>2025-01-28T15:16:37.838Z</Time>
						<Position>
							<LatitudeDegrees>47.964859871</LatitudeDegrees>
							<LongitudeDegrees>7.770154170</LongitudeDegrees>
						</Position>
						<AltitudeMeters>231.79</AltitudeMeters>
						<DistanceMeters>11956.93</DistanceMeters>
						<HeartRateBpm>
							<Value>108</Value>
						</HeartRateBpm>
						<Extensions>
							<ns3:TPX>
								<ns3:Speed>28.33</ns3:Speed>
							</ns3:TPX>
						</Extensions>
					</Trackpoint>
					<Trackpoint>
						<Time>2025-01-28T15:16:38.838Z</Time>
						<Position>
							<LatitudeDegrees>47.965118947</LatitudeDegrees>
							<LongitudeDegrees>7.770107039</LongitudeDegrees>
						</Position>
						<AltitudeMeters>231.40</AltitudeMeters>
						<DistanceMeters>11985.95</DistanceMeters>
						<HeartRateBpm>
							<Value>107</Value>
						</HeartRateBpm>
						<Extensions>
							<ns3:TPX>
								<ns3:Speed>28.96</ns3:Speed>
							</ns3:TPX>
						</Extensions>
					</Trackpoint>
					<Trackpoint>
						<Time>2025-01-28T15:16:39.837Z</Time>
						<Position>
							<LatitudeDegrees>47.965383853</LatitudeDegrees>
							<LongitudeDegrees>7.770060665</LongitudeDegrees>
						</Position>
						<AltitudeMeters>231.85</AltitudeMeters>
						<DistanceMeters>12015.61</DistanceMeters>
						<HeartRateBpm>
							<Value>108</Value>
						</HeartRateBpm>
						<Extensions>
							<ns3:TPX>
								<ns3:Speed>29.75</ns3:Speed>
							</ns3:TPX>
						</Extensions>
					</Trackpoint>
					<Trackpoint>
						<Time>2025-01-28T15:16:40.838Z</Time>
						<Position>
							<LatitudeDegrees>47.965655492</LatitudeDegrees>
							<LongitudeDegrees>7.770023527</LongitudeDegrees>
						</Position>
						<AltitudeMeters>232.00</AltitudeMeters>
						<DistanceMeters>12045.94</DistanceMeters>
						<HeartRateBpm>
							<Value>108</Value>
						</HeartRateBpm>
						<Extensions>
							<ns3:TPX>
								<ns3:Speed>30.36</ns3:Speed>
							</ns3:TPX>
						</Extensions>
					</Trackpoint>
					<Trackpoint>
						<Time>2025-01-28T15:16:41.837Z</Time>
						<Position>
							<LatitudeDegrees>47.965931542</LatitudeDegrees>
							<LongitudeDegrees>7.769994833</LongitudeDegrees>
						</Position>
						<AltitudeMeters>231.66</AltitudeMeters>
						<DistanceMeters>12076.71</DistanceMeters>
						<HeartRateBpm>
							<Value>108</Value>
						</HeartRateBpm>
						<Extensions>
							<ns3:TPX>
								<ns3:Speed>30.80</ns3:Speed>
							</ns3:TPX>
						</Extensions>
					</Trackpoint>
					<Trackpoint>
						<Time>2025-01-28T15:16:42.838Z</Time>
						<Position>
							<LatitudeDegrees>47.966199822</LatitudeDegrees>
							<LongitudeDegrees>7.769961396</LongitudeDegrees>
						</Position>
						<AltitudeMeters>231.20</AltitudeMeters>
						<DistanceMeters>12106.64</DistanceMeters>
						<HeartRateBpm>
							<Value>109</Value>
						</HeartRateBpm>
						<Extensions>
							<ns3:TPX>
								<ns3:Speed>30.28</ns3:Speed>
							</ns3:TPX>
						</Extensions>
					</Trackpoint>
					<Trackpoint>
						<Time>2025-01-28T15:16:43.838Z</Time>
						<Position>
							<LatitudeDegrees>47.966466747</LatitudeDegrees>
							<LongitudeDegrees>7.769930140</LongitudeDegrees>
						</Position>
						<AltitudeMeters>230.38</AltitudeMeters>
						<DistanceMeters>12136.41</DistanceMeters>
						<HeartRateBpm>
							<Value>109</Value>
						</HeartRateBpm>
						<Extensions>
							<ns3:TPX>
								<ns3:Speed>30.05</ns3:Speed>
							</ns3:TPX>
						</Extensions>
					</Trackpoint>
					<Trackpoint>
						<Time>2025-01-28T15:16:44.838Z</Time>
						<Position>
							<LatitudeDegrees>47.966732772</LatitudeDegrees>
							<LongitudeDegrees>7.769905733</LongitudeDegrees>
						</Position>
						<AltitudeMeters>230.97</AltitudeMeters>
						<DistanceMeters>12166.05</DistanceMeters>
						<HeartRateBpm>
							<Value>108</Value>
						</HeartRateBpm>
						<Extensions>
							<ns3:TPX>
								<ns3:Speed>30.01</ns3:Speed>
							</ns3:TPX>
						</Extensions>
					</Trackpoint>
				</Track>
			</Lap>
			<Creator xsi:type="Device_t">
				<Name>Navigr8 with barometer</Name>
				<Version>
					<VersionMajor>1</VersionMajor>
					<VersionMinor>0</VersionMinor>
					<BuildMajor>0</BuildMajor>
					<BuildMinor>0</BuildMinor>
				</Version>
			</Creator>
		</Activity>
	</Activities>
</TrainingCenterDatabase>